league,season,team,player,nation,pos,age,born,Playing Time_MP,Playing Time_Starts,Playing Time_Min,Playing Time_90s,Performance_Gls,Performance_Ast,Performance_G+A,Performance_G-PK,Performance_PK,Performance_PKatt,Performance_CrdY,Performance_CrdR,Per 90 Minutes_Gls,Per 90 Minutes_Ast,Per 90 Minutes_G+A,Per 90 Minutes_G-PK,Per 90 Minutes_G+A-PK
ENG-Premier League,2021,Arsenal,Ainsley Maitland-Niles,ENG,"MF,DF",22,1997,11,5,490,5.4,0,0,0,0,0,0,0,0,0.0,0.0,0.0,0.0,0.0
ENG-Premier League,2021,Arsenal,Alexandre Lacazette,FRA,FW,29,1991,31,22,1923,21.4,13,2,15,10,3,3,3,0,0.61,0.09,0.7,0.47,0.56
ENG-Premier League,2021,Arsenal,Bernd Leno,GER,GK,28,1992,35,35,3131,34.8,0,0,0,0,0,0,0,1,0.0,0.0,0.0,0.0,0.0
ENG-Premier League,2021,Arsenal,Bukayo Saka,ENG,MF,18,2001,32,30,2553,28.4,5,3,8,5,0,0,1,0,0.18,0.11,0.28,0.18,0.28
ENG-Premier League,2021,Arsenal,Calum Chambers,ENG,DF,25,1995,10,8,753,8.4,0,2,2,0,0,0,0,0,0.0,0.24,0.24,0.0,0.24
ENG-Premier League,2021,Arsenal,Cédric Soares,POR,DF,28,1991,10,8,746,8.3,0,1,1,0,0,0,1,0,0.0,0.12,0.12,0.0,0.12
ENG-Premier League,2021,Arsenal,Dani Ceballos,ESP,MF,23,1996,25,17,1615,17.9,0,3,3,0,0,0,4,0,0.0,0.17,0.17,0.0,0.17
ENG-Premier League,2021,Arsenal,David Luiz,BRA,DF,33,1987,20,17,1396,15.5,1,0,1,1,0,0,1,1,0.06,0.0,0.06,0.06,0.06
ENG-Premier League,2021,Arsenal,Eddie Nketiah,ENG,FW,21,1999,17,4,423,4.7,2,1,3,2,0,0,0,0,0.43,0.21,0.64,0.43,0.64
ENG-Premier League,2021,Arsenal,Emile Smith Rowe,ENG,MF,20,2000,20,18,1440,16.0,2,4,6,2,0,0,0,0,0.12,0.25,0.37,0.12,0.37
ENG-Premier League,2021,Arsenal,Gabriel Magalhães,BRA,DF,22,1997,23,22,1996,22.2,2,0,2,2,0,0,4,1,0.09,0.0,0.09,0.09,0.09
ENG-Premier League,2021,Arsenal,Gabriel Martinelli,BRA,"MF,FW",19,2001,14,7,589,6.5,2,1,3,2,0,0,0,0,0.31,0.15,0.46,0.31,0.46
ENG-Premier League,2021,Arsenal,Granit Xhaka,SUI,"MF,DF",27,1992,31,29,2522,28.0,1,2,3,1,0,0,7,1,0.04,0.07,0.11,0.04,0.11
ENG-Premier League,2021,Arsenal,Héctor Bellerín,ESP,"DF,MF",25,1995,25,24,2089,23.2,1,2,3,1,0,0,8,0,0.04,0.09,0.13,0.04,0.13
ENG-Premier League,2021,Arsenal,Joe Willock,ENG,MF,20,1999,7,2,238,2.6,0,0,0,0,0,0,1,0,0.0,0.0,0.0,0.0,0.0
ENG-Premier League,2021,Arsenal,Kieran Tierney,SCO,DF,23,1997,27,26,2299,25.5,1,3,4,1,0,0,4,0,0.04,0.12,0.16,0.04,0.16
ENG-Premier League,2021,Arsenal,Martin Ødegaard,NOR,MF,21,1998,14,9,866,9.6,1,2,3,1,0,0,0,0,0.1,0.21,0.31,0.1,0.31
ENG-Premier League,2021,Arsenal,Mathew Ryan,AUS,GK,28,1992,3,3,270,3.0,0,0,0,0,0,0,0,0,0.0,0.0,0.0,0.0,0.0
ENG-Premier League,2021,Arsenal,Mohamed Elneny,EGY,MF,28,1992,23,17,1544,17.2,1,0,1,1,0,0,3,0,0.06,0.0,0.06,0.06,0.06
ENG-Premier League,2021,Arsenal,Nicolas Pépé,CIV,"MF,FW",25,1995,29,16,1616,18.0,10,1,11,9,1,1,1,1,0.56,0.06,0.61,0.5,0.56
ENG-Premier League,2021,Arsenal,Pablo Marí,ESP,DF,26,1993,10,10,900,10.0,0,0,0,0,0,0,2,0,0.0,0.0,0.0,0.0,0.0
ENG-Premier League,2021,Arsenal,Pierre-Emerick Aubameyang,GAB,"FW,MF",31,1989,29,26,2332,25.9,10,3,13,8,2,2,2,0,0.39,0.12,0.5,0.31,0.42
ENG-Premier League,2021,Arsenal,Reiss Nelson,ENG,"FW,MF",20,1999,2,0,71,0.8,0,0,0,0,0,0,0,0,0.0,0.0,0.0,0.0,0.0
ENG-Premier League,2021,Arsenal,Rob Holding,ENG,DF,24,1995,30,28,2558,28.4,0,1,1,0,0,0,2,0,0.0,0.04,0.04,0.0,0.04
ENG-Premier League,2021,Arsenal,Rúnar Alex Rúnarsson,ISL,GK,25,1995,1,0,16,0.2,0,0,0,0,0,0,0,0,0.0,0.0,0.0,0.0,0.0
ENG-Premier League,2021,Arsenal,Sead Kolašinac,BIH,DF,27,1993,1,1,90,1.0,0,0,0,0,0,0,0,0,0.0,0.0,0.0,0.0,0.0
ENG-Premier League,2021,Arsenal,Shkodran Mustafi,GER,DF,28,1992,3,0,47,0.5,0,0,0,0,0,0,0,0,0.0,0.0,0.0,0.0,0.0
ENG-Premier League,2021,Arsenal,Thomas Partey,GHA,MF,27,1993,24,18,1534,17.0,0,2,2,0,0,0,5,0,0.0,0.12,0.12,0.0,0.12
ENG-Premier League,2021,Arsenal,Willian,BRA,"MF,FW",31,1988,25,16,1406,15.6,1,5,6,1,0,0,0,0,0.06,0.32,0.38,0.06,0.38
ENG-Premier League,2021,Aston Villa,Ahmed Elmohamady,EGY,DF,32,1987,14,8,839,9.3,0,0,0,0,0,0,2,0,0.0,0.0,0.0,0.0,0.0
ENG-Premier League,2021,Aston Villa,Anwar El Ghazi,NED,"MF,FW",25,1995,28,17,1613,17.9,10,0,10,6,4,4,2,0,0.56,0.0,0.56,0.33,0.33
ENG-Premier League,2021,Aston Villa,Bertrand Traoré,BFA,"MF,FW",24,1995,36,29,2317,25.7,7,6,13,7,0,0,1,0,0.27,0.23,0.5,0.27,0.5
ENG-Premier League,2021,Aston Villa,Carney Chukwuemeka,AUT,MF,16,2003,2,0,20,0.2,0,0,0,0,0,0,0,0,0.0,0.0,0.0,0.0,0.0
ENG-Premier League,2021,Aston Villa,Conor Hourihane,IRL,MF,29,1991,4,3,225,2.5,1,1,2,1,0,0,0,0,0.4,0.4,0.8,0.4,0.8
ENG-Premier League,2021,Aston Villa,Douglas Luiz,BRA,MF,22,1998,33,32,2781,30.9,0,2,2,0,0,0,10,1,0.0,0.06,0.06,0.0,0.06
ENG-Premier League,2021,Aston Villa,Emiliano Martínez,ARG,GK,27,1992,38,38,3420,38.0,0,0,0,0,0,0,1,0,0.0,0.0,0.0,0.0,0.0
ENG-Premier League,2021,Aston Villa,Ezri Konsa,ENG,DF,22,1997,36,35,3196,35.5,2,0,2,2,0,0,3,0,0.06,0.0,0.06,0.06,0.06
ENG-Premier League,2021,Aston Villa,Jack Grealish,ENG,"MF,FW",24,1995,26,24,2185,24.3,6,10,16,6,0,0,6,0,0.25,0.41,0.66,0.25,0.66
ENG-Premier League,2021,Aston Villa,Jacob Ramsey,ENG,MF,19,2001,22,6,626,7.0,0,0,0,0,0,0,0,0,0.0,0.0,0.0,0.0,0.0
ENG-Premier League,2021,Aston Villa,Jaden Philogene Bidace,ENG,"FW,MF",18,2002,1,0,1,0.0,0,0,0,0,0,0,0,0,0.0,0.0,0.0,0.0,0.0
ENG-Premier League,2021,Aston Villa,John McGinn,SCO,MF,25,1994,37,37,3330,37.0,3,5,8,3,0,0,12,0,0.08,0.14,0.22,0.08,0.22
ENG-Premier League,2021,Aston Villa,Keinan Davis,ENG,FW,22,1998,15,1,277,3.1,1,1,2,1,0,0,0,0,0.32,0.32,0.65,0.32,0.65
ENG-Premier League,2021,Aston Villa,Kortney Hause,ENG,DF,25,1995,7,7,630,7.0,1,0,1,1,0,0,2,0,0.14,0.0,0.14,0.14,0.14
ENG-Premier League,2021,Aston Villa,Marvelous Nakamba,ZIM,MF,26,1994,13,9,749,8.3,0,0,0,0,0,0,3,0,0.0,0.0,0.0,0.0,0.0
ENG-Premier League,2021,Aston Villa,Matt Targett,ENG,DF,24,1995,38,38,3404,37.8,0,2,2,0,0,0,7,0,0.0,0.05,0.05,0.0,0.05
ENG-Premier League,2021,Aston Villa,Matty Cash,POL,DF,22,1997,28,28,2372,26.4,0,2,2,0,0,0,8,1,0.0,0.08,0.08,0.0,0.08
ENG-Premier League,2021,Aston Villa,Morgan Sanson,FRA,MF,25,1994,9,3,294,3.3,0,0,0,0,0,0,3,0,0.0,0.0,0.0,0.0,0.0
ENG-Premier League,2021,Aston Villa,Neil Taylor,WAL,"DF,MF",31,1989,1,0,16,0.2,0,0,0,0,0,0,1,0,0.0,0.0,0.0,0.0,0.0
ENG-Premier League,2021,Aston Villa,Ollie Watkins,ENG,FW,24,1995,37,37,3328,37.0,14,5,19,13,1,2,4,1,0.38,0.14,0.51,0.35,0.49
ENG-Premier League,2021,Aston Villa,Ross Barkley,ENG,MF,26,1993,24,18,1531,17.0,3,1,4,3,0,0,0,0,0.18,0.06,0.24,0.18,0.24
ENG-Premier League,2021,Aston Villa,Trézéguet,EGY,"MF,FW",25,1994,21,12,1166,13.0,2,1,3,2,0,0,0,0,0.15,0.08,0.23,0.15,0.23
ENG-Premier League,2021,Aston Villa,Tyrone Mings,ENG,DF,27,1993,36,36,3194,35.5,2,2,4,2,0,0,6,1,0.06,0.06,0.11,0.06,0.11
ENG-Premier League,2021,Aston Villa,Wesley Moraes,BRA,FW,23,1996,3,0,18,0.2,0,0,0,0,0,0,0,0,0.0,0.0,0.0,0.0,0.0
ENG-Premier League,2021,Brighton,Aaron Connolly,IRL,"FW,MF",20,2000,17,9,791,8.8,2,1,3,2,0,0,0,0,0.23,0.11,0.34,0.23,0.34
ENG-Premier League,2021,Brighton,Adam Lallana,ENG,"MF,FW",32,1988,30,16,1596,17.7,1,1,2,1,0,0,0,0,0.06,0.06,0.11,0.06,0.11
ENG-Premier League,2021,Brighton,Adam Webster,ENG,DF,25,1995,29,29,2594,28.8,1,0,1,1,0,0,4,0,0.03,0.0,0.03,0.03,0.03
ENG-Premier League,2021,Brighton,Alexis Mac Allister,ARG,"MF,FW",21,1998,21,13,1115,12.4,1,1,2,1,0,0,1,0,0.08,0.08,0.16,0.08,0.16
ENG-Premier League,2021,Brighton,Alireza Jahanbakhsh,IRN,"MF,FW",26,1993,21,6,528,5.9,0,1,1,0,0,0,3,0,0.0,0.17,0.17,0.0,0.17
ENG-Premier League,2021,Brighton,Andi Zeqiri,SUI,FW,21,1999,9,0,171,1.9,0,0,0,0,0,0,0,0,0.0,0.0,0.0,0.0,0.0
ENG-Premier League,2021,Brighton,Ben White,ENG,"DF,MF",22,1997,36,36,3191,35.5,0,0,0,0,0,0,5,1,0.0,0.0,0.0,0.0,0.0
ENG-Premier League,2021,Brighton,Bernardo,BRA,MF,25,1995,3,2,206,2.3,0,0,0,0,0,0,0,0,0.0,0.0,0.0,0.0,0.0
ENG-Premier League,2021,Brighton,Dan Burn,ENG,"DF,MF",28,1992,27,23,2061,22.9,1,0,1,1,0,0,5,0,0.04,0.0,0.04,0.04,0.04
ENG-Premier League,2021,Brighton,Danny Welbeck,ENG,FW,29,1990,24,17,1545,17.2,6,1,7,6,0,1,0,0,0.35,0.06,0.41,0.35,0.41
ENG-Premier League,2021,Brighton,Davy Pröpper,NED,MF,28,1991,7,2,213,2.4,0,0,0,0,0,0,0,0,0.0,0.0,0.0,0.0,0.0
ENG-Premier League,2021,Brighton,Jakub Moder,POL,MF,21,1999,12,7,647,7.2,0,0,0,0,0,0,0,0,0.0,0.0,0.0,0.0,0.0
ENG-Premier League,2021,Brighton,Jayson Molumby,IRL,MF,20,1999,1,0,1,0.0,0,0,0,0,0,0,0,0,0.0,0.0,0.0,0.0,0.0
ENG-Premier League,2021,Brighton,José Izquierdo,COL,"FW,MF",28,1992,1,0,9,0.1,0,0,0,0,0,0,0,0,0.0,0.0,0.0,0.0,0.0
ENG-Premier League,2021,Brighton,Joël Veltman,NED,"DF,MF",28,1992,28,25,2281,25.3,1,1,2,1,0,0,3,0,0.04,0.04,0.08,0.04,0.08
ENG-Premier League,2021,Brighton,Leandro Trossard,BEL,"MF,FW",25,1994,35,30,2607,29.0,5,5,10,5,0,0,2,0,0.17,0.17,0.35,0.17,0.35
ENG-Premier League,2021,Brighton,Lewis Dunk,ENG,DF,28,1991,33,33,2931,32.6,5,0,5,5,0,0,5,2,0.15,0.0,0.15,0.15,0.15
ENG-Premier League,2021,Brighton,Mathew Ryan,AUS,GK,28,1992,11,11,990,11.0,0,0,0,0,0,0,1,0,0.0,0.0,0.0,0.0,0.0
ENG-Premier League,2021,Brighton,Neal Maupay,FRA,"FW,MF",23,1996,33,29,2512,27.9,8,2,10,5,3,4,1,1,0.29,0.07,0.36,0.18,0.25
ENG-Premier League,2021,Brighton,Pascal Groß,GER,MF,29,1991,34,27,2484,27.6,3,8,11,0,3,4,3,0,0.11,0.29,0.4,0.0,0.29
ENG-Premier League,2021,Brighton,Percy Tau,RSA,MF,26,1994,3,1,103,1.1,0,1,1,0,0,0,0,0,0.0,0.87,0.87,0.0,0.87
ENG-Premier League,2021,Brighton,Reda Khadra,GER,"FW,MF",19,2001,1,0,5,0.1,0,0,0,0,0,0,0,0,0.0,0.0,0.0,0.0,0.0
ENG-Premier League,2021,Brighton,Robert Sánchez,ESP,GK,22,1997,27,27,2430,27.0,0,0,0,0,0,0,2,0,0.0,0.0,0.0,0.0,0.0
ENG-Premier League,2021,Brighton,Solly March,ENG,MF,26,1994,21,19,1672,18.6,2,1,3,2,0,0,0,0,0.11,0.05,0.16,0.11,0.16
ENG-Premier League,2021,Brighton,Steven Alzate,COL,MF,21,1998,15,10,896,10.0,1,0,1,1,0,0,2,0,0.1,0.0,0.1,0.1,0.1
ENG-Premier League,2021,Brighton,Tariq Lamptey,GHA,MF,19,2000,11,11,886,9.8,1,1,2,1,0,0,4,1,0.1,0.1,0.2,0.1,0.2
ENG-Premier League,2021,Brighton,Yves Bissouma,MLI,MF,23,1996,36,35,3111,34.6,1,0,1,1,0,0,8,1,0.03,0.0,0.03,0.03,0.03
ENG-Premier League,2021,Burnley,Ashley Barnes,ENG,FW,30,1989,22,15,1331,14.8,3,0,3,2,1,1,4,0,0.2,0.0,0.2,0.14,0.14
ENG-Premier League,2021,Burnley,Ashley Westwood,ENG,MF,30,1990,38,38,3410,37.9,3,3,6,3,0,0,7,0,0.08,0.08,0.16,0.08,0.16
ENG-Premier League,2021,Burnley,Bailey Peacock-Farrell,NIR,GK,23,1996,4,4,360,4.0,0,0,0,0,0,0,0,0,0.0,0.0,0.0,0.0,0.0
ENG-Premier League,2021,Burnley,Ben Mee,ENG,DF,30,1989,30,30,2693,29.9,2,0,2,2,0,0,3,0,0.07,0.0,0.07,0.07,0.07
ENG-Premier League,2021,Burnley,Charlie Taylor,ENG,DF,26,1993,29,28,2426,27.0,0,1,1,0,0,0,1,0,0.0,0.04,0.04,0.0,0.04
ENG-Premier League,2021,Burnley,Chris Wood,NZL,FW,28,1991,33,32,2741,30.5,12,3,15,10,2,2,0,0,0.39,0.1,0.49,0.33,0.43
ENG-Premier League,2021,Burnley,Dale Stephens,ENG,MF,31,1989,7,3,261,2.9,0,0,0,0,0,0,1,0,0.0,0.0,0.0,0.0,0.0
ENG-Premier League,2021,Burnley,Dwight McNeil,ENG,MF,20,1999,36,34,3069,34.1,2,5,7,2,0,0,1,0,0.06,0.15,0.21,0.06,0.21
ENG-Premier League,2021,Burnley,Erik Pieters,NED,"DF,MF",31,1988,20,13,1266,14.1,0,1,1,0,0,0,1,0,0.0,0.07,0.07,0.0,0.07
ENG-Premier League,2021,Burnley,Jack Cork,ENG,MF,31,1989,16,15,1350,15.0,0,0,0,0,0,0,2,0,0.0,0.0,0.0,0.0,0.0
ENG-Premier League,2021,Burnley,James Tarkowski,ENG,DF,27,1992,36,36,3240,36.0,1,0,1,1,0,0,6,0,0.03,0.0,0.03,0.03,0.03
ENG-Premier League,2021,Burnley,Jay Rodriguez,ENG,"FW,MF",31,1989,31,12,1265,14.1,1,2,3,1,0,0,3,0,0.07,0.14,0.21,0.07,0.21
ENG-Premier League,2021,Burnley,Jimmy Dunne,IRL,DF,22,1997,3,3,270,3.0,1,0,1,1,0,0,1,0,0.33,0.0,0.33,0.33,0.33
ENG-Premier League,2021,Burnley,Joel Mumbongo,SWE,FW,21,1999,4,0,40,0.4,0,0,0,0,0,0,1,0,0.0,0.0,0.0,0.0,0.0
ENG-Premier League,2021,Burnley,Josh Benson,ENG,MF,20,1999,6,2,264,2.9,0,0,0,0,0,0,0,0,0.0,0.0,0.0,0.0,0.0
ENG-Premier League,2021,Burnley,Josh Brownhill,ENG,MF,24,1995,33,32,2813,31.3,0,1,1,0,0,0,2,0,0.0,0.03,0.03,0.0,0.03
ENG-Premier League,2021,Burnley,Jóhann Berg Guðmundsson,ISL,MF,29,1990,22,16,1363,15.1,2,0,2,2,0,0,2,0,0.13,0.0,0.13,0.13,0.13
ENG-Premier League,2021,Burnley,Kevin Long,IRL,DF,29,1990,8,7,637,7.1,0,0,0,0,0,0,2,0,0.0,0.0,0.0,0.0,0.0
ENG-Premier League,2021,Burnley,Lewis Richardson,ENG,"FW,MF",17,2003,2,0,4,0.0,0,0,0,0,0,0,0,0,0.0,0.0,0.0,0.0,0.0
ENG-Premier League,2021,Burnley,Matthew Lowton,ENG,DF,31,1989,34,34,3060,34.0,1,1,2,1,0,0,5,0,0.03,0.03,0.06,0.03,0.06
ENG-Premier League,2021,Burnley,Matěj Vydra,CZE,FW,28,1992,28,15,1371,15.2,3,2,5,3,0,0,0,0,0.2,0.13,0.33,0.2,0.33
ENG-Premier League,2021,Burnley,Nick Pope,ENG,GK,28,1992,32,32,2880,32.0,0,0,0,0,0,0,1,0,0.0,0.0,0.0,0.0,0.0
ENG-Premier League,2021,Burnley,Phil Bardsley,SCO,DF,35,1985,4,3,274,3.0,0,0,0,0,0,0,2,0,0.0,0.0,0.0,0.0,0.0
ENG-Premier League,2021,Burnley,Robbie Brady,IRL,MF,28,1992,19,12,1052,11.7,1,1,2,1,0,0,3,0,0.09,0.09,0.17,0.09,0.17
ENG-Premier League,2021,Burnley,Will Norris,ENG,GK,26,1993,2,2,180,2.0,0,0,0,0,0,0,0,0,0.0,0.0,0.0,0.0,0.0
ENG-Premier League,2021,Chelsea,Andreas Christensen,DEN,DF,24,1996,17,15,1371,15.2,0,0,0,0,0,0,2,1,0.0,0.0,0.0,0.0,0.0
ENG-Premier League,2021,Chelsea,Antonio Rüdiger,GER,DF,27,1993,19,19,1710,19.0,1,0,1,1,0,0,0,0,0.05,0.0,0.05,0.05,0.05
ENG-Premier League,2021,Chelsea,Ben Chilwell,ENG,"DF,MF",23,1996,27,27,2286,25.4,3,5,8,3,0,0,3,0,0.12,0.2,0.31,0.12,0.31
ENG-Premier League,2021,Chelsea,Billy Gilmour,SCO,MF,19,2001,5,3,261,2.9,0,0,0,0,0,0,0,0,0.0,0.0,0.0,0.0,0.0
ENG-Premier League,2021,Chelsea,Callum Hudson-Odoi,ENG,"MF,FW",19,2000,23,10,1059,11.8,2,3,5,2,0,0,0,0,0.17,0.25,0.42,0.17,0.42
ENG-Premier League,2021,Chelsea,Christian Pulisic,USA,"MF,FW",21,1998,27,18,1738,19.3,4,2,6,4,0,0,2,0,0.21,0.1,0.31,0.21,0.31
ENG-Premier League,2021,Chelsea,César Azpilicueta,ESP,"DF,MF",30,1989,26,24,2188,24.3,1,2,3,1,0,0,5,1,0.04,0.08,0.12,0.04,0.12
ENG-Premier League,2021,Chelsea,Emerson Palmieri,ITA,"DF,MF",25,1994,2,0,90,1.0,0,0,0,0,0,0,0,0,0.0,0.0,0.0,0.0,0.0
ENG-Premier League,2021,Chelsea,Fikayo Tomori,ENG,DF,22,1997,1,0,45,0.5,0,0,0,0,0,0,0,0,0.0,0.0,0.0,0.0,0.0
ENG-Premier League,2021,Chelsea,Hakim Ziyech,MAR,"FW,MF",27,1993,23,15,1172,13.0,2,3,5,2,0,0,3,0,0.15,0.23,0.38,0.15,0.38
ENG-Premier League,2021,Chelsea,Jorginho,ITA,MF,28,1991,28,23,2010,22.3,7,1,8,0,7,9,2,0,0.31,0.04,0.36,0.0,0.04
ENG-Premier League,2021,Chelsea,Kai Havertz,GER,"MF,FW",21,1999,27,18,1520,16.9,4,3,7,4,0,0,2,0,0.24,0.18,0.41,0.24,0.41
ENG-Premier League,2021,Chelsea,Kepa Arrizabalaga,ESP,GK,25,1994,7,6,585,6.5,0,0,0,0,0,0,1,0,0.0,0.0,0.0,0.0,0.0
ENG-Premier League,2021,Chelsea,Kurt Zouma,FRA,DF,25,1994,24,22,2029,22.5,5,0,5,5,0,0,3,0,0.22,0.0,0.22,0.22,0.22
ENG-Premier League,2021,Chelsea,Marcos Alonso,ESP,"MF,DF",29,1990,13,11,960,10.7,2,0,2,2,0,0,2,0,0.19,0.0,0.19,0.19,0.19
ENG-Premier League,2021,Chelsea,Mason Mount,ENG,MF,21,1999,36,32,2890,32.1,6,5,11,5,1,1,2,0,0.19,0.16,0.34,0.16,0.31
ENG-Premier League,2021,Chelsea,Mateo Kovačić,CRO,MF,26,1994,27,21,1815,20.2,0,1,1,0,0,0,4,0,0.0,0.05,0.05,0.0,0.05
ENG-Premier League,2021,Chelsea,N'Golo Kanté,FRA,MF,29,1991,30,24,2146,23.8,0,2,2,0,0,0,7,0,0.0,0.08,0.08,0.0,0.08
ENG-Premier League,2021,Chelsea,Olivier Giroud,FRA,FW,33,1986,17,8,748,8.3,4,0,4,4,0,0,1,0,0.48,0.0,0.48,0.48,0.48
ENG-Premier League,2021,Chelsea,Reece James,ENG,"DF,MF",20,1999,32,25,2373,26.4,1,2,3,1,0,0,3,0,0.04,0.08,0.11,0.04,0.11
ENG-Premier League,2021,Chelsea,Ross Barkley,ENG,MF,26,1993,2,0,42,0.5,0,0,0,0,0,0,0,0,0.0,0.0,0.0,0.0,0.0
ENG-Premier League,2021,Chelsea,Ruben Loftus-Cheek,ENG,FW,24,1996,1,1,60,0.7,0,0,0,0,0,0,0,0,0.0,0.0,0.0,0.0,0.0
ENG-Premier League,2021,Chelsea,Tammy Abraham,ENG,FW,22,1997,22,12,1040,11.6,6,1,7,6,0,0,0,0,0.52,0.09,0.61,0.52,0.61
ENG-Premier League,2021,Chelsea,Thiago Silva,BRA,DF,35,1984,23,23,1935,21.5,2,0,2,2,0,0,5,1,0.09,0.0,0.09,0.09,0.09
ENG-Premier League,2021,Chelsea,Timo Werner,GER,"FW,MF",24,1996,35,29,2602,28.9,6,8,14,6,0,0,2,0,0.21,0.28,0.48,0.21,0.48
ENG-Premier League,2021,Chelsea,Willy Caballero,ARG,GK,38,1981,1,1,90,1.0,0,0,0,0,0,0,0,0,0.0,0.0,0.0,0.0,0.0
ENG-Premier League,2021,Chelsea,Édouard Mendy,SEN,GK,28,1992,31,31,2745,30.5,0,0,0,0,0,0,2,0,0.0,0.0,0.0,0.0,0.0
ENG-Premier League,2021,Crystal Palace,Andros Townsend,ENG,"MF,FW",29,1991,34,25,2258,25.1,1,5,6,1,0,0,0,0,0.04,0.2,0.24,0.04,0.24
ENG-Premier League,2021,Crystal Palace,Cheikhou Kouyaté,SEN,DF,30,1989,36,35,3121,34.7,1,0,1,1,0,0,4,0,0.03,0.0,0.03,0.03,0.03
ENG-Premier League,2021,Crystal Palace,Christian Benteke,BEL,FW,29,1990,30,21,1816,20.2,10,1,11,10,0,0,3,1,0.5,0.05,0.55,0.5,0.55
ENG-Premier League,2021,Crystal Palace,Eberechi Eze,ENG,MF,22,1998,34,29,2559,28.4,4,6,10,4,0,0,3,0,0.14,0.21,0.35,0.14,0.35
ENG-Premier League,2021,Crystal Palace,Gary Cahill,ENG,DF,34,1985,20,20,1800,20.0,1,1,2,1,0,0,3,0,0.05,0.05,0.1,0.05,0.1
ENG-Premier League,2021,Crystal Palace,Jack Butland,ENG,GK,27,1993,1,1,90,1.0,0,0,0,0,0,0,0,0,0.0,0.0,0.0,0.0,0.0
ENG-Premier League,2021,Crystal Palace,James McArthur,SCO,MF,32,1987,18,17,1466,16.3,0,2,2,0,0,0,3,0,0.0,0.12,0.12,0.0,0.12
ENG-Premier League,2021,Crystal Palace,James McCarthy,IRL,MF,29,1990,16,10,821,9.1,0,0,0,0,0,0,1,0,0.0,0.0,0.0,0.0,0.0
ENG-Premier League,2021,Crystal Palace,James Tomkins,ENG,DF,31,1989,8,6,553,6.1,0,0,0,0,0,0,1,0,0.0,0.0,0.0,0.0,0.0
ENG-Premier League,2021,Crystal Palace,Jaïro Riedewald,NED,MF,23,1996,33,19,1820,20.2,2,0,2,2,0,0,4,0,0.1,0.0,0.1,0.1,0.1
ENG-Premier League,2021,Crystal Palace,Jean-Philippe Mateta,FRA,FW,23,1997,7,2,221,2.5,1,0,1,1,0,0,0,0,0.41,0.0,0.41,0.41,0.41
ENG-Premier League,2021,Crystal Palace,Jeffrey Schlupp,GHA,MF,27,1992,27,15,1428,15.9,2,3,5,2,0,0,3,0,0.13,0.19,0.32,0.13,0.32
ENG-Premier League,2021,Crystal Palace,Joel Ward,ENG,DF,30,1989,26,25,2256,25.1,0,1,1,0,0,0,5,0,0.0,0.04,0.04,0.0,0.04
ENG-Premier League,2021,Crystal Palace,Jordan Ayew,GHA,"FW,MF",28,1991,33,23,2096,23.3,1,3,4,1,0,0,4,0,0.04,0.13,0.17,0.04,0.17
ENG-Premier League,2021,Crystal Palace,Luka Milivojević,SRB,MF,29,1991,31,27,2359,26.2,1,1,2,0,1,2,8,1,0.04,0.04,0.08,0.0,0.04
ENG-Premier League,2021,Crystal Palace,Mamadou Sakho,FRA,DF,30,1990,4,3,276,3.1,0,0,0,0,0,0,0,0,0.0,0.0,0.0,0.0,0.0
ENG-Premier League,2021,Crystal Palace,Martin Kelly,ENG,"DF,MF",30,1990,1,0,2,0.0,0,0,0,0,0,0,0,0,0.0,0.0,0.0,0.0,0.0
ENG-Premier League,2021,Crystal Palace,Michy Batshuayi,BEL,FW,26,1993,18,7,728,8.1,2,1,3,2,0,0,0,0,0.25,0.12,0.37,0.25,0.37
ENG-Premier League,2021,Crystal Palace,Nathaniel Clyne,ENG,DF,29,1991,13,13,1145,12.7,0,1,1,0,0,0,2,0,0.0,0.08,0.08,0.0,0.08
ENG-Premier League,2021,Crystal Palace,Patrick van Aanholt,NED,DF,29,1990,22,20,1777,19.7,0,1,1,0,0,0,2,0,0.0,0.05,0.05,0.0,0.05
ENG-Premier League,2021,Crystal Palace,Scott Dann,ENG,DF,33,1987,15,15,1350,15.0,1,0,1,1,0,0,1,0,0.07,0.0,0.07,0.07,0.07
ENG-Premier League,2021,Crystal Palace,Tyrick Mitchell,ENG,DF,20,1999,19,19,1710,19.0,1,1,2,1,0,0,1,0,0.05,0.05,0.11,0.05,0.11
ENG-Premier League,2021,Crystal Palace,Vicente Guaita,ESP,GK,33,1987,37,37,3330,37.0,0,0,0,0,0,0,2,0,0.0,0.0,0.0,0.0,0.0
ENG-Premier League,2021,Crystal Palace,Wilfried Zaha,CIV,FW,27,1992,30,29,2612,29.0,11,2,13,9,2,2,6,0,0.38,0.07,0.45,0.31,0.38
ENG-Premier League,2021,Everton,Abdoulaye Doucouré,MLI,MF,27,1993,29,29,2443,27.1,2,3,5,2,0,0,6,0,0.07,0.11,0.18,0.07,0.18
ENG-Premier League,2021,Everton,Alex Iwobi,NGA,"MF,FW",24,1996,30,17,1542,17.1,1,2,3,1,0,0,0,0,0.06,0.12,0.18,0.06,0.18
ENG-Premier League,2021,Everton,Allan,BRA,MF,29,1991,24,23,2051,22.8,0,0,0,0,0,0,6,0,0.0,0.0,0.0,0.0,0.0
ENG-Premier League,2021,Everton,André Gomes,POR,MF,27,1993,28,17,1570,17.4,0,1,1,0,0,0,3,0,0.0,0.06,0.06,0.0,0.06
ENG-Premier League,2021,Everton,Anthony Gordon,ENG,MF,19,2001,3,1,88,1.0,0,0,0,0,0,0,0,0,0.0,0.0,0.0,0.0,0.0
ENG-Premier League,2021,Everton,Ben Godfrey,ENG,DF,22,1998,31,29,2685,29.8,0,2,2,0,0,0,4,0,0.0,0.07,0.07,0.0,0.07
ENG-Premier League,2021,Everton,Bernard,BRA,"MF,FW",27,1992,12,3,455,5.1,1,0,1,1,0,0,2,0,0.2,0.0,0.2,0.2,0.2
ENG-Premier League,2021,Everton,Cenk Tosun,TUR,"FW,MF",29,1991,5,0,48,0.5,0,0,0,0,0,0,1,0,0.0,0.0,0.0,0.0,0.0
ENG-Premier League,2021,Everton,Dominic Calvert-Lewin,ENG,FW,23,1997,33,32,2871,31.9,16,0,16,16,0,0,3,0,0.5,0.0,0.5,0.5,0.5
ENG-Premier League,2021,Everton,Fabian Delph,ENG,MF,30,1989,8,2,266,3.0,0,0,0,0,0,0,1,0,0.0,0.0,0.0,0.0,0.0
ENG-Premier League,2021,Everton,Gylfi Sigurðsson,ISL,"MF,FW",30,1989,36,24,2253,25.0,6,5,11,3,3,4,2,0,0.24,0.2,0.44,0.12,0.32
ENG-Premier League,2021,Everton,James Rodríguez,COL,"FW,MF",29,1991,23,21,1764,19.6,6,4,10,6,0,0,4,0,0.31,0.2,0.51,0.31,0.51
ENG-Premier League,2021,Everton,Jean-Philippe Gbamin,CIV,"DF,MF",24,1995,1,0,12,0.1,0,0,0,0,0,0,0,0,0.0,0.0,0.0,0.0,0.0
ENG-Premier League,2021,Everton,Jonjoe Kenny,ENG,DF,23,1997,4,1,79,0.9,0,0,0,0,0,0,0,0,0.0,0.0,0.0,0.0,0.0
ENG-Premier League,2021,Everton,Jordan Pickford,ENG,GK,26,1994,31,31,2742,30.5,0,0,0,0,0,0,1,0,0.0,0.0,0.0,0.0,0.0
ENG-Premier League,2021,Everton,Joshua King,NOR,"FW,MF",28,1992,11,0,148,1.6,0,0,0,0,0,0,0,0,0.0,0.0,0.0,0.0,0.0
ENG-Premier League,2021,Everton,João Virgínia,POR,GK,20,1999,1,0,48,0.5,0,0,0,0,0,0,0,0,0.0,0.0,0.0,0.0,0.0
ENG-Premier League,2021,Everton,Lucas Digne,FRA,"DF,MF",27,1993,30,30,2681,29.8,0,7,7,0,0,0,2,1,0.0,0.23,0.23,0.0,0.23
ENG-Premier League,2021,Everton,Mason Holgate,JAM,DF,23,1996,28,26,2287,25.4,1,0,1,1,0,0,9,0,0.04,0.0,0.04,0.04,0.04
ENG-Premier League,2021,Everton,Michael Keane,ENG,DF,27,1993,35,33,2991,33.2,3,1,4,3,0,0,4,0,0.09,0.03,0.12,0.09,0.12
ENG-Premier League,2021,Everton,Moise Kean,ITA,FW,20,2000,2,0,15,0.2,0,0,0,0,0,0,0,0,0.0,0.0,0.0,0.0,0.0
ENG-Premier League,2021,Everton,Nathan Broadhead,WAL,"FW,MF",22,1998,1,0,3,0.0,0,0,0,0,0,0,0,0,0.0,0.0,0.0,0.0,0.0
ENG-Premier League,2021,Everton,Niels Nkounkou,FRA,DF,19,2000,2,1,81,0.9,0,0,0,0,0,0,1,0,0.0,0.0,0.0,0.0,0.0
ENG-Premier League,2021,Everton,Richarlison,BRA,"FW,MF",23,1997,34,33,2861,31.8,7,3,10,6,1,1,4,1,0.22,0.09,0.31,0.19,0.28
ENG-Premier League,2021,Everton,Robin Olsen,SWE,GK,30,1990,7,7,630,7.0,0,0,0,0,0,0,1,0,0.0,0.0,0.0,0.0,0.0
ENG-Premier League,2021,Everton,Séamus Coleman,IRL,"DF,MF",31,1988,25,18,1613,17.9,0,3,3,0,0,0,0,0,0.0,0.17,0.17,0.0,0.17
ENG-Premier League,2021,Everton,Theo Walcott,ENG,"FW,MF",31,1989,1,0,13,0.1,0,0,0,0,0,0,0,0,0.0,0.0,0.0,0.0,0.0
ENG-Premier League,2021,Everton,Tom Davies,ENG,MF,22,1998,25,17,1423,15.8,0,1,1,0,0,0,3,0,0.0,0.06,0.06,0.0,0.06
ENG-Premier League,2021,Everton,Yerry Mina,COL,DF,25,1994,24,23,1937,21.5,2,0,2,2,0,0,2,0,0.09,0.0,0.09,0.09,0.09
ENG-Premier League,2021,Fulham,Aboubakar Kamara,MTN,"MF,FW",25,1995,11,2,315,3.5,0,0,0,0,0,0,1,1,0.0,0.0,0.0,0.0,0.0
ENG-Premier League,2021,Fulham,Ademola Lookman,NGA,"MF,FW",22,1997,34,31,2747,30.5,4,4,8,4,0,1,5,0,0.13,0.13,0.26,0.13,0.26
ENG-Premier League,2021,Fulham,Aleksandar Mitrović,SRB,FW,25,1994,27,13,1402,15.6,3,3,6,2,1,2,3,0,0.19,0.19,0.39,0.13,0.32
ENG-Premier League,2021,Fulham,Alphonse Areola,FRA,GK,27,1993,36,36,3240,36.0,0,0,0,0,0,0,2,0,0.0,0.0,0.0,0.0,0.0
ENG-Premier League,2021,Fulham,Antonee Robinson,USA,"DF,MF",22,1997,28,24,2162,24.0,0,0,0,0,0,0,4,1,0.0,0.0,0.0,0.0,0.0
ENG-Premier League,2021,Fulham,Bobby De Cordova-Reid,JAM,"MF,FW",27,1993,33,28,2372,26.4,5,2,7,5,0,0,7,0,0.19,0.08,0.27,0.19,0.27
ENG-Premier League,2021,Fulham,Denis Odoi,GHA,DF,32,1988,3,3,270,3.0,0,0,0,0,0,0,1,0,0.0,0.0,0.0,0.0,0.0
ENG-Premier League,2021,Fulham,Fabio Carvalho,POR,"FW,MF",17,2002,4,3,255,2.8,1,0,1,1,0,0,0,0,0.35,0.0,0.35,0.35,0.35
ENG-Premier League,2021,Fulham,Frank Anguissa,CMR,MF,24,1995,36,29,2587,28.7,0,3,3,0,0,0,6,0,0.0,0.1,0.1,0.0,0.1
ENG-Premier League,2021,Fulham,Harrison Reed,ENG,MF,25,1995,31,26,2247,25.0,0,2,2,0,0,0,5,0,0.0,0.08,0.08,0.0,0.08
ENG-Premier League,2021,Fulham,Ivan Cavaleiro,POR,"FW,MF",26,1993,36,27,2472,27.5,3,0,3,2,1,2,2,0,0.11,0.0,0.11,0.07,0.07
ENG-Premier League,2021,Fulham,Joachim Andersen,DEN,DF,24,1996,31,30,2730,30.3,1,1,2,1,0,0,7,1,0.03,0.03,0.07,0.03,0.07
ENG-Premier League,2021,Fulham,Joe Bryan,ENG,"MF,DF",26,1993,16,7,669,7.4,1,0,1,1,0,0,2,0,0.13,0.0,0.13,0.13,0.13
ENG-Premier League,2021,Fulham,Josh Maja,NGA,FW,21,1998,15,9,810,9.0,3,0,3,2,1,1,0,0,0.33,0.0,0.33,0.22,0.22
ENG-Premier League,2021,Fulham,Josh Onomah,ENG,MF,23,1997,11,4,374,4.2,0,0,0,0,0,0,1,0,0.0,0.0,0.0,0.0,0.0
ENG-Premier League,2021,Fulham,Kenny Tete,NED,"DF,MF",24,1995,22,18,1481,16.5,0,1,1,0,0,0,3,0,0.0,0.06,0.06,0.0,0.06
ENG-Premier League,2021,Fulham,Marek Rodák,SVK,GK,23,1996,2,2,180,2.0,0,0,0,0,0,0,0,0,0.0,0.0,0.0,0.0,0.0
ENG-Premier League,2021,Fulham,Mario Lemina,GAB,MF,26,1993,28,19,1703,18.9,1,0,1,1,0,0,5,0,0.05,0.0,0.05,0.05,0.05
ENG-Premier League,2021,Fulham,Maxime Le Marchand,FRA,DF,30,1989,2,1,123,1.4,0,0,0,0,0,0,2,0,0.0,0.0,0.0,0.0,0.0
ENG-Premier League,2021,Fulham,Michael Hector,JAM,DF,28,1992,4,3,263,2.9,0,0,0,0,0,0,2,0,0.0,0.0,0.0,0.0,0.0
ENG-Premier League,2021,Fulham,Neeskens Kebano,COD,MF,28,1992,5,1,119,1.3,0,0,0,0,0,0,0,0,0.0,0.0,0.0,0.0,0.0
ENG-Premier League,2021,Fulham,Ola Aina,NGA,DF,23,1996,31,31,2664,29.6,2,1,3,2,0,0,3,0,0.07,0.03,0.1,0.07,0.1
ENG-Premier League,2021,Fulham,Ruben Loftus-Cheek,ENG,"MF,FW",24,1996,30,21,1909,21.2,1,0,1,1,0,0,3,0,0.05,0.0,0.05,0.05,0.05
ENG-Premier League,2021,Fulham,Terence Kongolo,NED,DF,26,1994,1,1,90,1.0,0,0,0,0,0,0,0,0,0.0,0.0,0.0,0.0,0.0
ENG-Premier League,2021,Fulham,Tim Ream,USA,DF,32,1987,7,7,630,7.0,0,0,0,0,0,0,0,0,0.0,0.0,0.0,0.0,0.0
ENG-Premier League,2021,Fulham,Tom Cairney,SCO,MF,29,1991,10,9,759,8.4,1,1,2,1,0,0,2,0,0.12,0.12,0.24,0.12,0.24
ENG-Premier League,2021,Fulham,Tosin Adarabioyo,ENG,DF,22,1997,33,33,2953,32.8,0,0,0,0,0,0,1,0,0.0,0.0,0.0,0.0,0.0
ENG-Premier League,2021,Fulham,Tyrese Francois,AUS,MF,20,2000,1,0,15,0.2,0,0,0,0,0,0,0,0,0.0,0.0,0.0,0.0,0.0
ENG-Premier League,2021,Leeds United,Diego Llorente,ESP,DF,26,1993,15,14,1204,13.4,1,0,1,1,0,0,1,0,0.07,0.0,0.07,0.07,0.07
ENG-Premier League,2021,Leeds United,Ezgjan Alioski,MKD,"DF,MF",28,1992,36,29,2461,27.3,2,3,5,2,0,0,7,0,0.07,0.11,0.18,0.07,0.18
ENG-Premier League,2021,Leeds United,Gaetano Berardi,SUI,DF,31,1988,2,1,113,1.3,0,0,0,0,0,0,0,0,0.0,0.0,0.0,0.0,0.0
ENG-Premier League,2021,Leeds United,Hélder Costa,ANG,MF,26,1994,22,13,1156,12.8,3,3,6,3,0,0,0,0,0.23,0.23,0.47,0.23,0.47
ENG-Premier League,2021,Leeds United,Ian Poveda,ENG,"FW,MF",20,2000,14,0,355,3.9,0,0,0,0,0,0,0,0,0.0,0.0,0.0,0.0,0.0
ENG-Premier League,2021,Leeds United,Illan Meslier,FRA,GK,20,2000,35,35,3150,35.0,0,0,0,0,0,0,0,0,0.0,0.0,0.0,0.0,0.0
ENG-Premier League,2021,Leeds United,Jack Harrison,ENG,MF,23,1996,36,34,2847,31.6,8,8,16,8,0,0,2,0,0.25,0.25,0.51,0.25,0.51
ENG-Premier League,2021,Leeds United,Jamie Shackleton,ENG,"MF,DF",20,1999,13,3,461,5.1,0,0,0,0,0,0,0,0,0.0,0.0,0.0,0.0,0.0
ENG-Premier League,2021,Leeds United,Kalvin Phillips,ENG,MF,24,1995,29,28,2428,27.0,1,2,3,1,0,0,10,0,0.04,0.07,0.11,0.04,0.11
ENG-Premier League,2021,Leeds United,Kiko Casilla,ESP,GK,33,1986,3,3,270,3.0,0,0,0,0,0,0,0,0,0.0,0.0,0.0,0.0,0.0
ENG-Premier League,2021,Leeds United,Leif Davis,ENG,"DF,MF",20,1999,2,0,33,0.4,0,0,0,0,0,0,0,0,0.0,0.0,0.0,0.0,0.0
ENG-Premier League,2021,Leeds United,Liam Cooper,SCO,DF,28,1991,25,25,2185,24.3,1,0,1,1,0,0,4,1,0.04,0.0,0.04,0.04,0.04
ENG-Premier League,2021,Leeds United,Luke Ayling,ENG,DF,28,1991,38,38,3399,37.8,0,0,0,0,0,0,7,0,0.0,0.0,0.0,0.0,0.0
ENG-Premier League,2021,Leeds United,Mateusz Klich,POL,MF,30,1990,35,28,2393,26.6,4,5,9,2,2,2,6,0,0.15,0.19,0.34,0.08,0.26
ENG-Premier League,2021,Leeds United,Niall Huggins,WAL,DF,19,2000,1,0,38,0.4,0,0,0,0,0,0,0,0,0.0,0.0,0.0,0.0,0.0
ENG-Premier League,2021,Leeds United,Pablo Hernández,ESP,MF,35,1985,16,3,427,4.7,0,2,2,0,0,0,1,0,0.0,0.42,0.42,0.0,0.42
ENG-Premier League,2021,Leeds United,Pascal Struijk,NED,"DF,MF",20,1999,27,22,2075,23.1,1,0,1,1,0,0,3,0,0.04,0.0,0.04,0.04,0.04
ENG-Premier League,2021,Leeds United,Patrick Bamford,ENG,FW,26,1993,38,37,3050,33.9,17,7,24,15,2,2,3,0,0.5,0.21,0.71,0.44,0.65
ENG-Premier League,2021,Leeds United,Raphinha,BRA,MF,23,1996,30,26,2360,26.2,6,9,15,6,0,0,3,0,0.23,0.34,0.57,0.23,0.57
ENG-Premier League,2021,Leeds United,Robin Koch,GER,"DF,MF",24,1996,17,13,1132,12.6,0,0,0,0,0,0,1,0,0.0,0.0,0.0,0.0,0.0
ENG-Premier League,2021,Leeds United,Rodrigo,ESP,MF,29,1991,26,14,1288,14.3,7,2,9,7,0,0,3,0,0.49,0.14,0.63,0.49,0.63
ENG-Premier League,2021,Leeds United,Stuart Dallas,NIR,"MF,DF",29,1991,38,38,3409,37.9,8,2,10,8,0,0,7,0,0.21,0.05,0.26,0.21,0.26
ENG-Premier League,2021,Leeds United,Tyler Roberts,WAL,MF,21,1999,27,14,1340,14.9,1,2,3,1,0,0,3,0,0.07,0.13,0.2,0.07,0.2
ENG-Premier League,2021,Leicester City,Ayoze Pérez,ESP,"MF,FW",27,1993,25,15,1331,14.8,2,1,3,2,0,0,2,0,0.14,0.07,0.2,0.14,0.2
ENG-Premier League,2021,Leicester City,Cengiz Ünder,TUR,MF,23,1997,9,1,281,3.1,0,2,2,0,0,0,0,0,0.0,0.64,0.64,0.0,0.64
ENG-Premier League,2021,Leicester City,Christian Fuchs,AUT,DF,34,1986,9,8,702,7.8,0,0,0,0,0,0,4,0,0.0,0.0,0.0,0.0,0.0
ENG-Premier League,2021,Leicester City,Daniel Amartey,GHA,DF,25,1994,12,8,722,8.0,1,0,1,1,0,0,3,0,0.12,0.0,0.12,0.12,0.12
ENG-Premier League,2021,Leicester City,Demarai Gray,JAM,"FW,MF",24,1996,1,0,19,0.2,0,0,0,0,0,0,0,0,0.0,0.0,0.0,0.0,0.0
ENG-Premier League,2021,Leicester City,Dennis Praet,BEL,MF,26,1994,15,10,718,8.0,1,1,2,1,0,0,0,0,0.13,0.13,0.25,0.13,0.25
ENG-Premier League,2021,Leicester City,Hamza Choudhury,BAN,MF,22,1997,10,4,316,3.5,0,0,0,0,0,0,1,0,0.0,0.0,0.0,0.0,0.0
ENG-Premier League,2021,Leicester City,Harvey Barnes,ENG,MF,22,1997,25,22,1945,21.6,9,4,13,9,0,0,0,0,0.42,0.19,0.6,0.42,0.6
ENG-Premier League,2021,Leicester City,Islam Slimani,ALG,FW,32,1988,1,0,20,0.2,0,0,0,0,0,0,0,0,0.0,0.0,0.0,0.0,0.0
ENG-Premier League,2021,Leicester City,James Justin,ENG,"DF,MF",22,1998,23,23,2070,23.0,2,1,3,2,0,0,4,0,0.09,0.04,0.13,0.09,0.13
ENG-Premier League,2021,Leicester City,James Maddison,ENG,MF,23,1996,31,24,2099,23.3,8,5,13,8,0,0,4,0,0.34,0.21,0.56,0.34,0.56
ENG-Premier League,2021,Leicester City,Jamie Vardy,ENG,FW,33,1987,34,31,2840,31.6,15,9,24,7,8,9,1,0,0.48,0.29,0.76,0.22,0.51
ENG-Premier League,2021,Leicester City,Jonny Evans,NIR,DF,32,1988,28,28,2473,27.5,2,2,4,2,0,0,7,0,0.07,0.07,0.15,0.07,0.15
ENG-Premier League,2021,Leicester City,Kasper Schmeichel,DEN,GK,33,1986,38,38,3420,38.0,0,0,0,0,0,0,0,0,0.0,0.0,0.0,0.0,0.0
ENG-Premier League,2021,Leicester City,Kelechi Iheanacho,NGA,FW,23,1996,25,16,1459,16.2,12,2,14,12,0,1,1,0,0.74,0.12,0.86,0.74,0.86
ENG-Premier League,2021,Leicester City,Khanya Leshabela,RSA,MF,20,1999,1,0,10,0.1,0,0,0,0,0,0,0,0,0.0,0.0,0.0,0.0,0.0
ENG-Premier League,2021,Leicester City,Luke Thomas,ENG,"MF,DF",19,2001,14,12,969,10.8,1,0,1,1,0,0,2,0,0.09,0.0,0.09,0.09,0.09
ENG-Premier League,2021,Leicester City,Marc Albrighton,ENG,MF,30,1989,31,17,1746,19.4,1,5,6,1,0,0,2,0,0.05,0.26,0.31,0.05,0.31
ENG-Premier League,2021,Leicester City,Nampalys Mendy,SEN,MF,28,1992,23,15,1459,16.2,0,1,1,0,0,0,5,0,0.0,0.06,0.06,0.0,0.06
ENG-Premier League,2021,Leicester City,Ricardo Pereira,POR,"MF,DF",26,1993,15,10,959,10.7,0,1,1,0,0,0,3,0,0.0,0.09,0.09,0.0,0.09
ENG-Premier League,2021,Leicester City,Sidnei Tavares,,MF,18,2001,2,1,85,0.9,0,0,0,0,0,0,0,0,0.0,0.0,0.0,0.0,0.0
ENG-Premier League,2021,Leicester City,Timothy Castagne,BEL,"DF,MF",24,1995,27,27,2345,26.1,2,3,5,2,0,0,1,0,0.08,0.12,0.19,0.08,0.19
ENG-Premier League,2021,Leicester City,Wes Morgan,JAM,DF,36,1984,3,0,18,0.2,0,0,0,0,0,0,0,0,0.0,0.0,0.0,0.0,0.0
ENG-Premier League,2021,Leicester City,Wesley Fofana,FRA,DF,19,2000,28,27,2262,25.1,0,0,0,0,0,0,7,0,0.0,0.0,0.0,0.0,0.0
ENG-Premier League,2021,Leicester City,Wilfred Ndidi,NGA,"MF,DF",23,1996,26,25,2176,24.2,1,4,5,1,0,0,6,0,0.04,0.17,0.21,0.04,0.21
ENG-Premier League,2021,Leicester City,Youri Tielemans,BEL,MF,23,1997,38,37,3357,37.3,6,4,10,4,2,2,6,0,0.16,0.11,0.27,0.11,0.21
ENG-Premier League,2021,Leicester City,Çağlar Söyüncü,TUR,DF,24,1996,23,19,1819,20.2,1,0,1,1,0,0,2,0,0.05,0.0,0.05,0.05,0.05
ENG-Premier League,2021,Liverpool,Adrián,ESP,GK,33,1987,3,3,270,3.0,0,0,0,0,0,0,0,0,0.0,0.0,0.0,0.0,0.0
ENG-Premier League,2021,Liverpool,Alex Oxlade-Chamberlain,ENG,"MF,FW",26,1993,13,2,253,2.8,1,1,2,1,0,0,0,0,0.36,0.36,0.71,0.36,0.71
ENG-Premier League,2021,Liverpool,Alisson,BRA,GK,27,1992,33,33,2970,33.0,1,0,1,1,0,0,1,0,0.03,0.0,0.03,0.03,0.03
ENG-Premier League,2021,Liverpool,Andy Robertson,SCO,DF,26,1994,38,38,3383,37.6,1,7,8,1,0,0,2,0,0.03,0.19,0.21,0.03,0.21
ENG-Premier League,2021,Liverpool,Caoimhín Kelleher,IRL,GK,21,1998,2,2,180,2.0,0,0,0,0,0,0,0,0,0.0,0.0,0.0,0.0,0.0
ENG-Premier League,2021,Liverpool,Curtis Jones,ENG,MF,19,2001,24,13,1179,13.1,1,2,3,1,0,0,2,0,0.08,0.15,0.23,0.08,0.23
ENG-Premier League,2021,Liverpool,Diogo Jota,POR,"FW,MF",23,1996,19,12,1112,12.4,9,0,9,9,0,0,2,0,0.73,0.0,0.73,0.73,0.73
ENG-Premier League,2021,Liverpool,Divock Origi,BEL,FW,25,1995,9,2,186,2.1,0,0,0,0,0,0,0,0,0.0,0.0,0.0,0.0,0.0
ENG-Premier League,2021,Liverpool,Fabinho,BRA,"DF,MF",26,1993,30,28,2567,28.5,0,0,0,0,0,0,6,0,0.0,0.0,0.0,0.0,0.0
ENG-Premier League,2021,Liverpool,Georginio Wijnaldum,NED,MF,29,1990,38,34,2941,32.7,2,0,2,2,0,0,1,0,0.06,0.0,0.06,0.06,0.06
ENG-Premier League,2021,Liverpool,James Milner,ENG,MF,34,1986,26,11,1070,11.9,0,1,1,0,0,0,3,0,0.0,0.08,0.08,0.0,0.08
ENG-Premier League,2021,Liverpool,Joe Gomez,ENG,DF,23,1997,7,6,590,6.6,0,0,0,0,0,0,0,0,0.0,0.0,0.0,0.0,0.0
ENG-Premier League,2021,Liverpool,Jordan Henderson,ENG,"MF,DF",30,1990,21,20,1704,18.9,1,1,2,1,0,0,0,0,0.05,0.05,0.11,0.05,0.11
ENG-Premier League,2021,Liverpool,Joël Matip,CMR,DF,28,1991,10,9,691,7.7,1,2,3,1,0,0,2,0,0.13,0.26,0.39,0.13,0.39
ENG-Premier League,2021,Liverpool,Kostas Tsimikas,GRE,DF,24,1996,2,0,7,0.1,0,0,0,0,0,0,0,0,0.0,0.0,0.0,0.0,0.0
ENG-Premier League,2021,Liverpool,Mohamed Salah,EGY,FW,28,1992,37,34,3078,34.2,22,5,27,16,6,6,0,0,0.64,0.15,0.79,0.47,0.61
ENG-Premier League,2021,Liverpool,Naby Keïta,GUI,MF,25,1995,10,7,520,5.8,0,0,0,0,0,0,1,0,0.0,0.0,0.0,0.0,0.0
ENG-Premier League,2021,Liverpool,Nathaniel Phillips,ENG,DF,23,1997,17,15,1456,16.2,1,1,2,1,0,0,2,0,0.06,0.06,0.12,0.06,0.12
ENG-Premier League,2021,Liverpool,Neco Williams,WAL,DF,19,2001,6,3,249,2.8,0,0,0,0,0,0,1,0,0.0,0.0,0.0,0.0,0.0
ENG-Premier League,2021,Liverpool,Ozan Kabak,TUR,DF,20,2000,9,9,801,8.9,0,0,0,0,0,0,3,0,0.0,0.0,0.0,0.0,0.0
ENG-Premier League,2021,Liverpool,Rhys Williams,ENG,DF,19,2001,9,7,661,7.3,0,0,0,0,0,0,0,0,0.0,0.0,0.0,0.0,0.0
ENG-Premier League,2021,Liverpool,Roberto Firmino,BRA,FW,28,1991,36,33,2838,31.5,9,7,16,9,0,0,2,0,0.29,0.22,0.51,0.29,0.51
ENG-Premier League,2021,Liverpool,Sadio Mané,SEN,FW,28,1992,35,31,2810,31.2,11,7,18,11,0,0,3,0,0.35,0.22,0.58,0.35,0.58
ENG-Premier League,2021,Liverpool,Takumi Minamino,JPN,"MF,FW",25,1995,9,2,293,3.3,1,0,1,1,0,0,0,0,0.31,0.0,0.31,0.31,0.31
ENG-Premier League,2021,Liverpool,Thiago Alcántara,ESP,MF,29,1991,24,20,1854,20.6,1,0,1,1,0,0,4,0,0.05,0.0,0.05,0.05,0.05
ENG-Premier League,2021,Liverpool,Trent Alexander-Arnold,ENG,DF,21,1998,36,34,3031,33.7,2,7,9,2,0,0,2,0,0.06,0.21,0.27,0.06,0.27
ENG-Premier League,2021,Liverpool,Virgil van Dijk,NED,DF,29,1991,5,5,370,4.1,1,0,1,1,0,0,1,0,0.24,0.0,0.24,0.24,0.24
ENG-Premier League,2021,Liverpool,Xherdan Shaqiri,SUI,"MF,FW",28,1991,14,5,556,6.2,0,2,2,0,0,0,2,0,0.0,0.32,0.32,0.0,0.32
ENG-Premier League,2021,Manchester City,Aymeric Laporte,ESP,DF,26,1994,16,14,1344,14.9,0,0,0,0,0,0,1,0,0.0,0.0,0.0,0.0,0.0
ENG-Premier League,2021,Manchester City,Benjamin Mendy,FRA,"DF,MF",26,1994,13,11,953,10.6,2,1,3,2,0,0,2,0,0.19,0.09,0.28,0.19,0.28
ENG-Premier League,2021,Manchester City,Bernardo Silva,POR,"MF,FW",25,1994,26,24,2065,22.9,2,6,8,2,0,0,5,0,0.09,0.26,0.35,0.09,0.35
ENG-Premier League,2021,Manchester City,Ederson Moraes,BRA,GK,26,1993,36,36,3240,36.0,0,1,1,0,0,0,3,0,0.0,0.03,0.03,0.0,0.03
ENG-Premier League,2021,Manchester City,Eric García,ESP,DF,19,2001,6,3,383,4.3,0,0,0,0,0,0,0,0,0.0,0.0,0.0,0.0,0.0
ENG-Premier League,2021,Manchester City,Fernandinho,BRA,MF,35,1985,21,12,1188,13.2,0,2,2,0,0,0,6,0,0.0,0.15,0.15,0.0,0.15
ENG-Premier League,2021,Manchester City,Ferran Torres,ESP,"FW,MF",20,2000,24,15,1306,14.5,7,2,9,7,0,0,1,0,0.48,0.14,0.62,0.48,0.62
ENG-Premier League,2021,Manchester City,Gabriel Jesus,BRA,FW,23,1997,29,22,2063,22.9,9,4,13,9,0,0,2,0,0.39,0.17,0.57,0.39,0.57
ENG-Premier League,2021,Manchester City,John Stones,ENG,DF,26,1994,22,22,1933,21.5,4,0,4,4,0,0,0,1,0.19,0.0,0.19,0.19,0.19
ENG-Premier League,2021,Manchester City,João Cancelo,POR,"DF,MF",26,1994,28,27,2299,25.5,2,3,5,2,0,0,5,1,0.08,0.12,0.2,0.08,0.2
ENG-Premier League,2021,Manchester City,Kevin De Bruyne,BEL,MF,29,1991,25,23,1997,22.2,6,12,18,4,2,3,1,0,0.27,0.54,0.81,0.18,0.72
ENG-Premier League,2021,Manchester City,Kyle Walker,ENG,DF,30,1990,24,22,1946,21.6,1,1,2,1,0,0,1,0,0.05,0.05,0.09,0.05,0.09
ENG-Premier League,2021,Manchester City,Liam Delap,ENG,FW,17,2003,1,0,40,0.4,0,0,0,0,0,0,0,0,0.0,0.0,0.0,0.0,0.0
ENG-Premier League,2021,Manchester City,Nathan Aké,NED,DF,25,1995,10,9,797,8.9,1,0,1,1,0,0,4,0,0.11,0.0,0.11,0.11,0.11
ENG-Premier League,2021,Manchester City,Oleksandr Zinchenko,UKR,DF,23,1996,20,15,1478,16.4,0,0,0,0,0,0,0,0,0.0,0.0,0.0,0.0,0.0
ENG-Premier League,2021,Manchester City,Phil Foden,ENG,"FW,MF",20,2000,28,17,1616,18.0,9,5,14,9,0,0,0,0,0.5,0.28,0.78,0.5,0.78
ENG-Premier League,2021,Manchester City,Raheem Sterling,ENG,"FW,MF",25,1994,31,28,2536,28.2,10,7,17,10,0,1,4,0,0.35,0.25,0.6,0.35,0.6
ENG-Premier League,2021,Manchester City,Riyad Mahrez,ALG,"FW,MF",29,1991,27,23,1949,21.7,9,6,15,9,0,0,0,0,0.42,0.28,0.69,0.42,0.69
ENG-Premier League,2021,Manchester City,Rodri,ESP,MF,24,1996,34,31,2748,30.5,2,2,4,1,1,1,6,0,0.07,0.07,0.13,0.03,0.1
ENG-Premier League,2021,Manchester City,Rúben Dias,POR,DF,23,1997,32,32,2843,31.6,1,0,1,1,0,0,4,0,0.03,0.0,0.03,0.03,0.03
ENG-Premier League,2021,Manchester City,Scott Carson,ENG,GK,34,1985,1,1,90,1.0,0,0,0,0,0,0,0,0,0.0,0.0,0.0,0.0,0.0
ENG-Premier League,2021,Manchester City,Sergio Agüero,ARG,"FW,MF",32,1988,12,7,559,6.2,4,1,5,3,1,2,0,0,0.64,0.16,0.81,0.48,0.64
ENG-Premier League,2021,Manchester City,Zack Steffen,USA,GK,25,1995,1,1,90,1.0,0,0,0,0,0,0,0,0,0.0,0.0,0.0,0.0,0.0
ENG-Premier League,2021,Manchester City,İlkay Gündoğan,GER,MF,29,1990,28,23,2029,22.5,13,2,15,12,1,2,1,0,0.58,0.09,0.67,0.53,0.62
ENG-Premier League,2021,Manchester Utd,Aaron Wan-Bissaka,COD,DF,22,1997,34,34,3060,34.0,2,4,6,2,0,0,3,0,0.06,0.12,0.18,0.06,0.18
ENG-Premier League,2021,Manchester Utd,Alex Telles,BRA,DF,27,1992,9,8,690,7.7,0,2,2,0,0,0,0,0,0.0,0.26,0.26,0.0,0.26
ENG-Premier League,2021,Manchester Utd,Amad Diallo,CIV,MF,18,2002,3,2,166,1.8,0,1,1,0,0,0,0,0,0.0,0.54,0.54,0.0,0.54
ENG-Premier League,2021,Manchester Utd,Anthony Elanga,SWE,"MF,FW",18,2002,2,2,155,1.7,1,0,1,1,0,0,0,0,0.58,0.0,0.58,0.58,0.58
ENG-Premier League,2021,Manchester Utd,Anthony Martial,FRA,"FW,MF",24,1995,22,17,1480,16.4,4,3,7,4,0,0,0,1,0.24,0.18,0.43,0.24,0.43
ENG-Premier League,2021,Manchester Utd,Axel Tuanzebe,COD,DF,22,1997,9,4,404,4.5,0,0,0,0,0,0,2,0,0.0,0.0,0.0,0.0,0.0
ENG-Premier League,2021,Manchester Utd,Brandon Williams,ENG,DF,19,2000,4,2,188,2.1,0,0,0,0,0,0,0,0,0.0,0.0,0.0,0.0,0.0
ENG-Premier League,2021,Manchester Utd,Bruno Fernandes,POR,MF,25,1994,37,35,3099,34.4,18,12,30,9,9,11,6,0,0.52,0.35,0.87,0.26,0.61
ENG-Premier League,2021,Manchester Utd,Daniel James,WAL,MF,22,1997,15,11,910,10.1,3,1,4,3,0,0,3,0,0.3,0.1,0.4,0.3,0.4
ENG-Premier League,2021,Manchester Utd,David de Gea,ESP,GK,29,1990,26,26,2295,25.5,0,0,0,0,0,0,0,0,0.0,0.0,0.0,0.0,0.0
ENG-Premier League,2021,Manchester Utd,Dean Henderson,ENG,GK,23,1997,13,12,1125,12.5,0,0,0,0,0,0,3,0,0.0,0.0,0.0,0.0,0.0
ENG-Premier League,2021,Manchester Utd,Donny van de Beek,NED,MF,23,1997,19,4,524,5.8,1,1,2,1,0,0,1,0,0.17,0.17,0.34,0.17,0.34
ENG-Premier League,2021,Manchester Utd,Edinson Cavani,URU,FW,33,1987,26,13,1375,15.3,10,3,13,10,0,0,4,0,0.65,0.2,0.85,0.65,0.85
ENG-Premier League,2021,Manchester Utd,Eric Bailly,CIV,DF,26,1994,12,10,916,10.2,0,0,0,0,0,0,3,0,0.0,0.0,0.0,0.0,0.0
ENG-Premier League,2021,Manchester Utd,Fred,BRA,MF,27,1993,30,27,2390,26.6,1,0,1,1,0,0,5,0,0.04,0.0,0.04,0.04,0.04
ENG-Premier League,2021,Manchester Utd,Hannibal Mejbri,TUN,MF,17,2003,1,0,9,0.1,0,0,0,0,0,0,0,0,0.0,0.0,0.0,0.0,0.0
ENG-Premier League,2021,Manchester Utd,Harry Maguire,ENG,DF,27,1993,34,34,3047,33.9,2,1,3,2,0,0,11,0,0.06,0.03,0.09,0.06,0.09
ENG-Premier League,2021,Manchester Utd,Juan Mata,ESP,MF,32,1988,9,6,509,5.7,1,2,3,0,1,1,0,0,0.18,0.35,0.53,0.0,0.35
ENG-Premier League,2021,Manchester Utd,Luke Shaw,ENG,DF,25,1995,32,30,2654,29.5,1,5,6,1,0,0,8,0,0.03,0.17,0.2,0.03,0.2
ENG-Premier League,2021,Manchester Utd,Marcus Rashford,ENG,"MF,FW",22,1997,37,33,2920,32.4,11,9,20,11,0,0,4,0,0.34,0.28,0.62,0.34,0.62
ENG-Premier League,2021,Manchester Utd,Mason Greenwood,ENG,"MF,FW",18,2001,31,21,1822,20.2,7,2,9,7,0,0,2,0,0.35,0.1,0.44,0.35,0.44
ENG-Premier League,2021,Manchester Utd,Nemanja Matić,SRB,MF,31,1988,20,12,1106,12.3,0,0,0,0,0,0,2,0,0.0,0.0,0.0,0.0,0.0
ENG-Premier League,2021,Manchester Utd,Odion Ighalo,NGA,FW,31,1989,1,0,10,0.1,0,0,0,0,0,0,0,0,0.0,0.0,0.0,0.0,0.0
ENG-Premier League,2021,Manchester Utd,Paul Pogba,FRA,MF,27,1993,26,21,1897,21.1,3,3,6,3,0,0,3,0,0.14,0.14,0.28,0.14,0.28
ENG-Premier League,2021,Manchester Utd,Scott McTominay,SCO,MF,23,1996,32,24,2129,23.7,4,1,5,4,0,0,3,0,0.17,0.04,0.21,0.17,0.21
ENG-Premier League,2021,Manchester Utd,Shola Shoretire,ENG,"FW,MF",16,2004,2,0,11,0.1,0,0,0,0,0,0,0,0,0.0,0.0,0.0,0.0,0.0
ENG-Premier League,2021,Manchester Utd,Timothy Fosu-Mensah,NED,DF,22,1998,1,1,80,0.9,0,0,0,0,0,0,1,0,0.0,0.0,0.0,0.0,0.0
ENG-Premier League,2021,Manchester Utd,Victor Lindelöf,SWE,DF,26,1994,29,29,2585,28.7,1,1,2,1,0,0,0,0,0.03,0.03,0.07,0.03,0.07
ENG-Premier League,2021,Manchester Utd,Will Fish,ENG,DF,17,2003,1,0,1,0.0,0,0,0,0,0,0,0,0,0.0,0.0,0.0,0.0,0.0
ENG-Premier League,2021,Newcastle,Allan Saint-Maximin,FRA,"FW,MF",23,1997,25,19,1560,17.3,3,4,7,3,0,0,0,0,0.17,0.23,0.4,0.17,0.4
ENG-Premier League,2021,Newcastle,Andy Carroll,ENG,FW,31,1989,18,4,392,4.4,1,0,1,1,0,0,1,0,0.23,0.0,0.23,0.23,0.23
ENG-Premier League,2021,Newcastle,Callum Wilson,ENG,FW,28,1992,26,23,2084,23.2,12,5,17,8,4,4,2,0,0.52,0.22,0.73,0.35,0.56
ENG-Premier League,2021,Newcastle,Ciaran Clark,IRL,DF,30,1989,22,21,1891,21.0,1,0,1,1,0,0,3,0,0.05,0.0,0.05,0.05,0.05
ENG-Premier League,2021,Newcastle,DeAndre Yedlin,USA,DF,27,1993,6,5,436,4.8,0,0,0,0,0,0,0,0,0.0,0.0,0.0,0.0,0.0
ENG-Premier League,2021,Newcastle,Dwight Gayle,ENG,FW,29,1990,18,4,514,5.7,1,1,2,1,0,0,0,0,0.18,0.18,0.35,0.18,0.35
ENG-Premier League,2021,Newcastle,Elliot Anderson,ENG,MF,17,2002,1,0,4,0.0,0,0,0,0,0,0,0,0,0.0,0.0,0.0,0.0,0.0
ENG-Premier League,2021,Newcastle,Emil Krafth,SWE,DF,25,1994,16,14,1288,14.3,1,0,1,1,0,0,4,0,0.07,0.0,0.07,0.07,0.07
ENG-Premier League,2021,Newcastle,Fabian Schär,SUI,DF,28,1991,18,13,1246,13.8,1,0,1,0,1,1,4,1,0.07,0.0,0.07,0.0,0.0
ENG-Premier League,2021,Newcastle,Federico Fernández,ARG,DF,31,1989,24,24,2079,23.1,0,0,0,0,0,0,4,0,0.0,0.0,0.0,0.0,0.0
ENG-Premier League,2021,Newcastle,Isaac Hayden,JAM,"MF,DF",25,1995,24,22,1942,21.6,0,0,0,0,0,0,8,0,0.0,0.0,0.0,0.0,0.0
ENG-Premier League,2021,Newcastle,Jacob Murphy,ENG,"DF,MF",25,1995,26,17,1626,18.1,2,3,5,2,0,0,3,0,0.11,0.17,0.28,0.11,0.28
ENG-Premier League,2021,Newcastle,Jamaal Lascelles,ENG,DF,26,1993,19,19,1625,18.1,2,0,2,2,0,0,4,0,0.11,0.0,0.11,0.11,0.11
ENG-Premier League,2021,Newcastle,Jamal Lewis,NIR,DF,22,1998,24,20,1837,20.4,0,1,1,0,0,0,4,0,0.0,0.05,0.05,0.0,0.05
ENG-Premier League,2021,Newcastle,Javier Manquillo,ESP,DF,26,1994,13,10,825,9.2,0,0,0,0,0,0,1,0,0.0,0.0,0.0,0.0,0.0
ENG-Premier League,2021,Newcastle,Jeff Hendrick,IRL,MF,28,1992,22,17,1422,15.8,2,1,3,2,0,0,3,1,0.13,0.06,0.19,0.13,0.19
ENG-Premier League,2021,Newcastle,Joe Willock,ENG,MF,20,1999,14,11,978,10.9,8,0,8,8,0,1,0,0,0.74,0.0,0.74,0.74,0.74
ENG-Premier League,2021,Newcastle,Joelinton,BRA,"FW,MF",23,1996,31,23,1983,22.0,4,2,6,3,1,1,3,0,0.18,0.09,0.27,0.14,0.23
ENG-Premier League,2021,Newcastle,Jonjo Shelvey,ENG,MF,28,1992,30,29,2617,29.1,1,3,4,1,0,0,7,0,0.03,0.1,0.14,0.03,0.14
ENG-Premier League,2021,Newcastle,Karl Darlow,WAL,GK,29,1990,25,25,2250,25.0,0,0,0,0,0,0,3,0,0.0,0.0,0.0,0.0,0.0
ENG-Premier League,2021,Newcastle,Martin Dúbravka,SVK,GK,31,1989,13,13,1170,13.0,0,0,0,0,0,0,0,0,0.0,0.0,0.0,0.0,0.0
ENG-Premier League,2021,Newcastle,Matt Ritchie,SCO,"DF,MF",30,1989,18,15,1350,15.0,0,2,2,0,0,0,2,0,0.0,0.13,0.13,0.0,0.13
ENG-Premier League,2021,Newcastle,Matthew Longstaff,ENG,MF,20,2000,5,4,377,4.2,0,0,0,0,0,0,0,0,0.0,0.0,0.0,0.0,0.0
ENG-Premier League,2021,Newcastle,Miguel Almirón,PAR,"MF,FW",26,1994,34,28,2429,27.0,4,1,5,4,0,0,3,0,0.15,0.04,0.19,0.15,0.19
ENG-Premier League,2021,Newcastle,Paul Dummett,WAL,DF,28,1991,15,14,1255,13.9,1,0,1,1,0,0,2,0,0.07,0.0,0.07,0.07,0.07
ENG-Premier League,2021,Newcastle,Ryan Fraser,SCO,"FW,MF",26,1994,18,9,928,10.3,0,2,2,0,0,0,2,1,0.0,0.19,0.19,0.0,0.19
ENG-Premier League,2021,Newcastle,Sean Longstaff,ENG,MF,22,1997,22,15,1412,15.7,0,1,1,0,0,0,2,0,0.0,0.06,0.06,0.0,0.06
ENG-Premier League,2021,Sheffield United,Aaron Ramsdale,ENG,GK,22,1998,38,38,3420,38.0,0,0,0,0,0,0,1,0,0.0,0.0,0.0,0.0,0.0
ENG-Premier League,2021,Sheffield United,Antwoine Hackford,ENG,FW,16,2004,1,0,11,0.1,0,0,0,0,0,0,0,0,0.0,0.0,0.0,0.0,0.0
ENG-Premier League,2021,Sheffield United,Ben Osborn,ENG,"MF,FW",25,1994,24,17,1604,17.8,1,0,1,1,0,0,1,0,0.06,0.0,0.06,0.06,0.06
ENG-Premier League,2021,Sheffield United,Billy Sharp,ENG,FW,34,1986,16,7,735,8.2,3,0,3,1,2,2,1,0,0.37,0.0,0.37,0.12,0.12
ENG-Premier League,2021,Sheffield United,Chris Basham,ENG,DF,32,1988,31,31,2576,28.6,0,1,1,0,0,0,5,0,0.0,0.03,0.03,0.0,0.03
ENG-Premier League,2021,Sheffield United,Daniel Jebbison,CAN,FW,16,2003,4,3,284,3.2,1,0,1,1,0,0,0,0,0.32,0.0,0.32,0.32,0.32
ENG-Premier League,2021,Sheffield United,David McGoldrick,IRL,FW,32,1987,35,28,2397,26.6,8,1,9,8,0,0,7,0,0.3,0.04,0.34,0.3,0.34
ENG-Premier League,2021,Sheffield United,Enda Stevens,IRL,"MF,DF",30,1990,30,30,2700,30.0,0,1,1,0,0,0,6,0,0.0,0.03,0.03,0.0,0.03
ENG-Premier League,2021,Sheffield United,Ethan Ampadu,WAL,"DF,MF",19,2000,25,23,2089,23.2,0,0,0,0,0,0,3,0,0.0,0.0,0.0,0.0,0.0
ENG-Premier League,2021,Sheffield United,Femi Seriki,ENG,DF,18,2002,1,0,1,0.0,0,0,0,0,0,0,0,0,0.0,0.0,0.0,0.0,0.0
ENG-Premier League,2021,Sheffield United,George Baldock,GRE,"MF,DF",27,1993,32,32,2787,31.0,0,2,2,0,0,0,7,0,0.0,0.06,0.06,0.0,0.06
ENG-Premier League,2021,Sheffield United,Iliman Ndiaye,SEN,"FW,MF",20,2000,1,0,12,0.1,0,0,0,0,0,0,0,0,0.0,0.0,0.0,0.0,0.0
ENG-Premier League,2021,Sheffield United,Jack O'Connell,ENG,DF,26,1994,2,2,180,2.0,0,0,0,0,0,0,0,0,0.0,0.0,0.0,0.0,0.0
ENG-Premier League,2021,Sheffield United,Jack Robinson,ENG,DF,26,1993,11,9,877,9.7,0,1,1,0,0,0,3,0,0.0,0.1,0.1,0.0,0.1
ENG-Premier League,2021,Sheffield United,Jayden Bogle,ENG,MF,20,2000,16,12,1110,12.3,2,0,2,2,0,0,2,0,0.16,0.0,0.16,0.16,0.16
ENG-Premier League,2021,Sheffield United,John Egan,IRL,DF,27,1992,31,30,2629,29.2,0,1,1,0,0,0,7,1,0.0,0.03,0.03,0.0,0.03
ENG-Premier League,2021,Sheffield United,John Fleck,SCO,MF,28,1991,31,29,2575,28.6,0,2,2,0,0,0,4,0,0.0,0.07,0.07,0.0,0.07
ENG-Premier League,2021,Sheffield United,John Lundstram,ENG,MF,26,1994,28,23,2032,22.6,0,2,2,0,0,1,8,1,0.0,0.09,0.09,0.0,0.09
ENG-Premier League,2021,Sheffield United,Kean Bryan,ENG,DF,23,1996,13,12,1004,11.2,1,0,1,1,0,0,1,0,0.09,0.0,0.09,0.09,0.09
ENG-Premier League,2021,Sheffield United,Lys Mousset,FRA,FW,24,1996,11,2,296,3.3,0,0,0,0,0,0,0,0,0.0,0.0,0.0,0.0,0.0
ENG-Premier League,2021,Sheffield United,Max Lowe,ENG,"MF,DF",23,1997,8,7,550,6.1,0,0,0,0,0,0,1,0,0.0,0.0,0.0,0.0,0.0
ENG-Premier League,2021,Sheffield United,Oliver Burke,SCO,FW,23,1997,25,14,1269,14.1,1,1,2,1,0,0,2,0,0.07,0.07,0.14,0.07,0.14
ENG-Premier League,2021,Sheffield United,Oliver McBurnie,SCO,FW,24,1996,23,12,1324,14.7,1,0,1,1,0,0,2,0,0.07,0.0,0.07,0.07,0.07
ENG-Premier League,2021,Sheffield United,Oliver Norwood,NIR,MF,29,1991,32,26,2220,24.7,0,0,0,0,0,0,6,0,0.0,0.0,0.0,0.0,0.0
ENG-Premier League,2021,Sheffield United,Phil Jagielka,ENG,DF,37,1982,10,6,526,5.8,0,0,0,0,0,0,1,1,0.0,0.0,0.0,0.0,0.0
ENG-Premier League,2021,Sheffield United,Rhian Brewster,ENG,FW,20,2000,27,12,1128,12.5,0,0,0,0,0,0,1,0,0.0,0.0,0.0,0.0,0.0
ENG-Premier League,2021,Sheffield United,Sander Berge,NOR,MF,22,1998,15,13,1120,12.4,1,1,2,0,1,1,4,0,0.08,0.08,0.16,0.0,0.08
ENG-Premier League,2021,Southampton,Alex McCarthy,ENG,GK,30,1989,30,30,2700,30.0,0,0,0,0,0,0,2,0,0.0,0.0,0.0,0.0,0.0
ENG-Premier League,2021,Southampton,Alexandre Jankewitz,SUI,MF,18,2001,2,1,3,0.0,0,0,0,0,0,0,0,1,0.0,0.0,0.0,0.0,0.0
ENG-Premier League,2021,Southampton,Allan Tchaptchet,FRA,DF,18,2001,1,0,13,0.1,0,0,0,0,0,0,0,0,0.0,0.0,0.0,0.0,0.0
ENG-Premier League,2021,Southampton,Caleb Watts,AUS,MF,18,2002,3,0,39,0.4,0,0,0,0,0,0,1,0,0.0,0.0,0.0,0.0,0.0
ENG-Premier League,2021,Southampton,Ché Adams,SCO,FW,24,1996,36,30,2667,29.6,9,5,14,9,0,0,1,0,0.3,0.17,0.47,0.3,0.47
ENG-Premier League,2021,Southampton,Dan Nlundulu,ENG,FW,21,1999,13,0,111,1.2,0,0,0,0,0,0,0,0,0.0,0.0,0.0,0.0,0.0
ENG-Premier League,2021,Southampton,Danny Ings,ENG,FW,28,1992,29,26,2173,24.1,12,4,16,10,2,2,1,0,0.5,0.17,0.66,0.41,0.58
ENG-Premier League,2021,Southampton,Fraser Forster,ENG,GK,32,1988,8,8,720,8.0,0,0,0,0,0,0,0,0,0.0,0.0,0.0,0.0,0.0
ENG-Premier League,2021,Southampton,Ibrahima Diallo,FRA,MF,21,1999,22,10,1020,11.3,0,0,0,0,0,0,3,0,0.0,0.0,0.0,0.0,0.0
ENG-Premier League,2021,Southampton,Jack Stephens,ENG,DF,26,1994,18,17,1537,17.1,0,0,0,0,0,0,2,0,0.0,0.0,0.0,0.0,0.0
ENG-Premier League,2021,Southampton,Jake Vokins,ENG,DF,20,2000,1,1,66,0.7,0,0,0,0,0,0,0,0,0.0,0.0,0.0,0.0,0.0
ENG-Premier League,2021,Southampton,James Ward-Prowse,ENG,MF,25,1994,38,38,3420,38.0,8,7,15,5,3,4,5,0,0.21,0.18,0.39,0.13,0.32
ENG-Premier League,2021,Southampton,Jan Bednarek,POL,DF,24,1996,36,36,3100,34.4,1,1,2,1,0,0,5,1,0.03,0.03,0.06,0.03,0.06
ENG-Premier League,2021,Southampton,Jannik Vestergaard,DEN,DF,27,1992,30,29,2574,28.6,3,0,3,3,0,0,3,1,0.1,0.0,0.1,0.1,0.1
ENG-Premier League,2021,Southampton,Kayne Ramsey,ENG,DF,19,2000,1,1,90,1.0,0,0,0,0,0,0,1,0,0.0,0.0,0.0,0.0,0.0
ENG-Premier League,2021,Southampton,Kyle Walker-Peters,ENG,DF,23,1997,30,30,2645,29.4,0,2,2,0,0,0,4,0,0.0,0.07,0.07,0.0,0.07
ENG-Premier League,2021,Southampton,Michael Obafemi,IRL,FW,20,2000,4,0,61,0.7,0,0,0,0,0,0,0,0,0.0,0.0,0.0,0.0,0.0
ENG-Premier League,2021,Southampton,Mohammed Salisu,GHA,DF,21,1999,12,8,844,9.4,0,0,0,0,0,0,1,0,0.0,0.0,0.0,0.0,0.0
ENG-Premier League,2021,Southampton,Moussa Djenepo,MLI,MF,22,1998,27,15,1240,13.8,1,0,1,1,0,0,5,0,0.07,0.0,0.07,0.07,0.07
ENG-Premier League,2021,Southampton,Nathan Redmond,ENG,"MF,FW",26,1994,29,17,1738,19.3,2,3,5,2,0,0,1,0,0.1,0.16,0.26,0.1,0.26
ENG-Premier League,2021,Southampton,Nathan Tella,NGA,"FW,MF",21,1999,18,7,745,8.3,1,1,2,1,0,0,2,0,0.12,0.12,0.24,0.12,0.24
ENG-Premier League,2021,Southampton,Oriol Romeu,ESP,MF,28,1991,21,20,1763,19.6,1,1,2,1,0,0,6,0,0.05,0.05,0.1,0.05,0.1
ENG-Premier League,2021,Southampton,Ryan Bertrand,ENG,DF,30,1989,29,29,2598,28.9,0,1,1,0,0,0,5,0,0.0,0.03,0.03,0.0,0.03
ENG-Premier League,2021,Southampton,Shane Long,IRL,FW,33,1987,11,1,210,2.3,0,0,0,0,0,0,0,0,0.0,0.0,0.0,0.0,0.0
ENG-Premier League,2021,Southampton,Stuart Armstrong,SCO,MF,28,1992,33,32,2764,30.7,4,5,9,4,0,0,3,0,0.13,0.16,0.29,0.13,0.29
ENG-Premier League,2021,Southampton,Takumi Minamino,JPN,"MF,FW",25,1995,10,9,711,7.9,2,0,2,2,0,0,1,0,0.25,0.0,0.25,0.25,0.25
ENG-Premier League,2021,Southampton,Theo Walcott,ENG,"MF,FW",31,1989,21,20,1618,18.0,3,3,6,3,0,0,0,0,0.17,0.17,0.33,0.17,0.33
ENG-Premier League,2021,Southampton,William Smallbone,IRL,MF,20,2000,3,2,172,1.9,0,0,0,0,0,0,0,0,0.0,0.0,0.0,0.0,0.0
ENG-Premier League,2021,Southampton,Yan Valery,TUN,DF,21,1999,3,1,103,1.1,0,0,0,0,0,0,0,0,0.0,0.0,0.0,0.0,0.0
ENG-Premier League,2021,Tottenham,Ben Davies,WAL,DF,27,1993,20,14,1346,15.0,0,1,1,0,0,0,1,0,0.0,0.07,0.07,0.0,0.07
ENG-Premier League,2021,Tottenham,Carlos Vinícius,BRA,FW,25,1995,9,3,308,3.4,1,0,1,1,0,0,2,0,0.29,0.0,0.29,0.29,0.29
ENG-Premier League,2021,Tottenham,Dane Scarlett,ENG,FW,16,2004,1,0,1,0.0,0,0,0,0,0,0,0,0,0.0,0.0,0.0,0.0,0.0
ENG-Premier League,2021,Tottenham,Davinson Sánchez,COL,DF,24,1996,18,17,1486,16.5,0,0,0,0,0,0,1,0,0.0,0.0,0.0,0.0,0.0
ENG-Premier League,2021,Tottenham,Dele Alli,ENG,MF,24,1996,15,7,620,6.9,0,1,1,0,0,0,0,0,0.0,0.15,0.15,0.0,0.15
ENG-Premier League,2021,Tottenham,Eric Dier,ENG,DF,26,1994,28,28,2520,28.0,0,0,0,0,0,0,3,0,0.0,0.0,0.0,0.0,0.0
ENG-Premier League,2021,Tottenham,Gareth Bale,WAL,MF,31,1989,20,10,920,10.2,11,2,13,11,0,0,1,0,1.08,0.2,1.27,1.08,1.27
ENG-Premier League,2021,Tottenham,Giovani Lo Celso,ARG,MF,24,1996,18,11,945,10.5,1,1,2,1,0,0,5,0,0.1,0.1,0.19,0.1,0.19
ENG-Premier League,2021,Tottenham,Harry Kane,ENG,FW,27,1993,35,35,3082,34.2,23,14,37,19,4,4,1,0,0.67,0.41,1.08,0.55,0.96
ENG-Premier League,2021,Tottenham,Harry Winks,ENG,MF,24,1996,15,9,861,9.6,0,0,0,0,0,0,5,0,0.0,0.0,0.0,0.0,0.0
ENG-Premier League,2021,Tottenham,Hugo Lloris,FRA,GK,33,1986,38,38,3420,38.0,0,0,0,0,0,0,0,0,0.0,0.0,0.0,0.0,0.0
ENG-Premier League,2021,Tottenham,Japhet Tanganga,ENG,DF,21,1999,6,6,487,5.4,0,0,0,0,0,0,2,0,0.0,0.0,0.0,0.0,0.0
ENG-Premier League,2021,Tottenham,Joe Rodon,WAL,DF,22,1997,12,8,733,8.1,0,0,0,0,0,0,0,0,0.0,0.0,0.0,0.0,0.0
ENG-Premier League,2021,Tottenham,Lucas Moura,BRA,"MF,FW",27,1992,30,14,1411,15.7,3,4,7,3,0,0,1,0,0.19,0.26,0.45,0.19,0.45
ENG-Premier League,2021,Tottenham,Matt Doherty,IRL,"DF,MF",28,1992,17,13,1240,13.8,0,2,2,0,0,0,4,1,0.0,0.15,0.15,0.0,0.15
ENG-Premier League,2021,Tottenham,Moussa Sissoko,FRA,MF,30,1989,25,15,1585,17.6,0,0,0,0,0,0,3,0,0.0,0.0,0.0,0.0,0.0
ENG-Premier League,2021,Tottenham,Pierre Højbjerg,DEN,MF,24,1995,38,38,3420,38.0,2,4,6,2,0,0,9,0,0.05,0.11,0.16,0.05,0.16
ENG-Premier League,2021,Tottenham,Serge Aurier,CIV,"DF,MF",27,1992,19,19,1605,17.8,2,3,5,2,0,0,0,0,0.11,0.17,0.28,0.11,0.28
ENG-Premier League,2021,Tottenham,Sergio Reguilón,ESP,"DF,MF",23,1996,27,26,2244,24.9,0,3,3,0,0,0,5,0,0.0,0.12,0.12,0.0,0.12
ENG-Premier League,2021,Tottenham,Son Heung-min,KOR,"MF,FW",28,1992,37,36,3114,34.6,17,10,27,16,1,1,0,0,0.49,0.29,0.78,0.46,0.75
ENG-Premier League,2021,Tottenham,Steven Bergwijn,NED,"MF,FW",22,1997,21,13,1208,13.4,1,3,4,1,0,0,3,0,0.07,0.22,0.3,0.07,0.3
ENG-Premier League,2021,Tottenham,Tanguy Ndombele,FRA,MF,23,1996,33,28,2091,23.2,3,2,5,3,0,0,3,0,0.13,0.09,0.22,0.13,0.22
ENG-Premier League,2021,Tottenham,Toby Alderweireld,BEL,DF,31,1989,25,25,2240,24.9,1,0,1,1,0,0,2,0,0.04,0.0,0.04,0.04,0.04
ENG-Premier League,2021,Tottenham,Érik Lamela,ARG,"MF,FW",28,1992,23,5,717,8.0,1,0,1,1,0,0,6,1,0.13,0.0,0.13,0.13,0.13
ENG-Premier League,2021,West Brom,Ahmed Hegazi,EGY,DF,29,1991,1,1,90,1.0,0,0,0,0,0,0,0,0,0.0,0.0,0.0,0.0,0.0
ENG-Premier League,2021,West Brom,Ainsley Maitland-Niles,ENG,MF,22,1997,15,14,1230,13.7,0,0,0,0,0,0,2,0,0.0,0.0,0.0,0.0,0.0
ENG-Premier League,2021,West Brom,Branislav Ivanović,SRB,DF,36,1984,13,8,767,8.5,0,0,0,0,0,0,2,0,0.0,0.0,0.0,0.0,0.0
ENG-Premier League,2021,West Brom,Callum Robinson,IRL,"FW,MF",25,1995,28,20,1560,17.3,5,0,5,5,0,0,0,0,0.29,0.0,0.29,0.29,0.29
ENG-Premier League,2021,West Brom,Charlie Austin,ENG,FW,31,1989,5,0,138,1.5,0,0,0,0,0,0,0,0,0.0,0.0,0.0,0.0,0.0
ENG-Premier League,2021,West Brom,Conor Gallagher,ENG,MF,20,2000,30,28,2531,28.1,2,2,4,2,0,0,11,0,0.07,0.07,0.14,0.07,0.14
ENG-Premier League,2021,West Brom,Conor Townsend,ENG,DF,27,1993,25,25,2234,24.8,0,2,2,0,0,0,0,0,0.0,0.08,0.08,0.0,0.08
ENG-Premier League,2021,West Brom,Dara O'Shea,IRL,DF,21,1999,28,25,2102,23.4,0,0,0,0,0,0,3,0,0.0,0.0,0.0,0.0,0.0
ENG-Premier League,2021,West Brom,Darnell Furlong,ENG,"DF,MF",24,1995,35,32,2932,32.6,1,3,4,1,0,0,5,0,0.03,0.09,0.12,0.03,0.12
ENG-Premier League,2021,West Brom,David Button,ENG,GK,31,1989,1,1,90,1.0,0,0,0,0,0,0,0,0,0.0,0.0,0.0,0.0,0.0
ENG-Premier League,2021,West Brom,Filip Krovinović,CRO,MF,24,1995,11,5,546,6.1,0,0,0,0,0,0,0,0,0.0,0.0,0.0,0.0,0.0
ENG-Premier League,2021,West Brom,Grady Diangana,COD,MF,22,1998,20,15,1235,13.7,1,0,1,1,0,0,0,0,0.07,0.0,0.07,0.07,0.07
ENG-Premier League,2021,West Brom,Hal Robson-Kanu,WAL,FW,31,1989,19,2,561,6.2,2,0,2,2,0,0,2,0,0.32,0.0,0.32,0.32,0.32
ENG-Premier League,2021,West Brom,Jake Livermore,ENG,MF,30,1989,18,15,1242,13.8,0,0,0,0,0,0,2,1,0.0,0.0,0.0,0.0,0.0
ENG-Premier League,2021,West Brom,Kamil Grosicki,POL,MF,32,1988,3,2,148,1.6,0,1,1,0,0,0,0,0,0.0,0.61,0.61,0.0,0.61
ENG-Premier League,2021,West Brom,Karlan Grant,ENG,"FW,MF",22,1997,21,14,1127,12.5,1,0,1,1,0,0,1,0,0.08,0.0,0.08,0.08,0.08
ENG-Premier League,2021,West Brom,Kieran Gibbs,ENG,"DF,MF",30,1989,10,9,809,9.0,0,0,0,0,0,0,1,1,0.0,0.0,0.0,0.0,0.0
ENG-Premier League,2021,West Brom,Kyle Bartley,ENG,DF,29,1991,30,28,2584,28.7,3,1,4,3,0,0,4,0,0.1,0.03,0.14,0.1,0.14
ENG-Premier League,2021,West Brom,Kyle Edwards,ENG,MF,22,1998,5,1,118,1.3,0,0,0,0,0,0,0,0,0.0,0.0,0.0,0.0,0.0
ENG-Premier League,2021,West Brom,Lee Peltier,ENG,DF,33,1986,4,3,229,2.5,0,0,0,0,0,0,1,0,0.0,0.0,0.0,0.0,0.0
ENG-Premier League,2021,West Brom,Matheus Pereira,BRA,MF,24,1996,33,30,2577,28.6,11,6,17,7,4,4,2,1,0.38,0.21,0.59,0.24,0.45
ENG-Premier League,2021,West Brom,Matt Phillips,SCO,MF,29,1991,33,20,1828,20.3,2,1,3,2,0,0,1,0,0.1,0.05,0.15,0.1,0.15
ENG-Premier League,2021,West Brom,Mbaye Diagne,SEN,FW,28,1991,16,14,1189,13.2,3,2,5,3,0,0,2,0,0.23,0.15,0.38,0.23,0.38
ENG-Premier League,2021,West Brom,Okay Yokuşlu,TUR,MF,26,1994,16,15,1317,14.6,0,1,1,0,0,0,4,0,0.0,0.07,0.07,0.0,0.07
ENG-Premier League,2021,West Brom,Rekeem Harper,ENG,MF,20,2000,2,0,32,0.4,0,0,0,0,0,0,0,0,0.0,0.0,0.0,0.0,0.0
ENG-Premier League,2021,West Brom,Robert Snodgrass,SCO,MF,32,1987,8,6,526,5.8,0,0,0,0,0,0,2,0,0.0,0.0,0.0,0.0,0.0
ENG-Premier League,2021,West Brom,Romaine Sawyers,SKN,MF,28,1991,19,17,1487,16.5,0,0,0,0,0,0,2,0,0.0,0.0,0.0,0.0,0.0
ENG-Premier League,2021,West Brom,Sam Field,ENG,MF,22,1998,3,0,62,0.7,0,0,0,0,0,0,0,0,0.0,0.0,0.0,0.0,0.0
ENG-Premier League,2021,West Brom,Sam Johnstone,ENG,GK,27,1993,37,37,3330,37.0,0,1,1,0,0,0,1,0,0.0,0.03,0.03,0.0,0.03
ENG-Premier League,2021,West Brom,Semi Ajayi,NGA,DF,26,1993,33,31,2780,30.9,2,0,2,2,0,0,3,1,0.06,0.0,0.06,0.06,0.06
ENG-Premier League,2021,West Ham,Aaron Cresswell,ENG,DF,30,1989,36,36,3170,35.2,0,8,8,0,0,0,3,0,0.0,0.23,0.23,0.0,0.23
ENG-Premier League,2021,West Ham,Andriy Yarmolenko,UKR,MF,30,1989,15,1,375,4.2,0,1,1,0,0,0,3,0,0.0,0.24,0.24,0.0,0.24
ENG-Premier League,2021,West Ham,Angelo Ogbonna,ITA,DF,32,1988,28,28,2492,27.7,3,0,3,3,0,0,5,0,0.11,0.0,0.11,0.11,0.11
ENG-Premier League,2021,West Ham,Arthur Masuaku,COD,"MF,DF",26,1993,12,12,1006,11.2,0,2,2,0,0,0,2,0,0.0,0.18,0.18,0.0,0.18
ENG-Premier League,2021,West Ham,Ben Johnson,ENG,MF,20,2000,14,5,523,5.8,1,0,1,1,0,0,1,0,0.17,0.0,0.17,0.17,0.17
ENG-Premier League,2021,West Ham,Craig Dawson,ENG,DF,30,1990,22,22,1925,21.4,3,0,3,3,0,0,5,1,0.14,0.0,0.14,0.14,0.14
ENG-Premier League,2021,West Ham,Darren Randolph,IRL,GK,33,1987,3,3,270,3.0,0,0,0,0,0,0,0,0,0.0,0.0,0.0,0.0,0.0
ENG-Premier League,2021,West Ham,Declan Rice,ENG,MF,21,1999,32,32,2879,32.0,2,1,3,1,1,2,2,0,0.06,0.03,0.09,0.03,0.06
ENG-Premier League,2021,West Ham,Fabián Balbuena,PAR,DF,28,1991,14,13,1198,13.3,1,0,1,1,0,0,1,1,0.08,0.0,0.08,0.08,0.08
ENG-Premier League,2021,West Ham,Felipe Anderson,BRA,"FW,MF",27,1993,2,0,3,0.0,0,0,0,0,0,0,0,0,0.0,0.0,0.0,0.0,0.0
ENG-Premier League,2021,West Ham,Issa Diop,MAR,DF,23,1997,18,15,1381,15.3,2,0,2,2,0,0,3,0,0.13,0.0,0.13,0.13,0.13
ENG-Premier League,2021,West Ham,Jarrod Bowen,ENG,"MF,FW",23,1996,38,30,2562,28.5,8,5,13,8,0,0,0,0,0.28,0.18,0.46,0.28,0.46
ENG-Premier League,2021,West Ham,Jesse Lingard,ENG,"MF,FW",27,1992,16,16,1421,15.8,9,4,13,8,1,2,3,0,0.57,0.25,0.82,0.51,0.76
ENG-Premier League,2021,West Ham,Manuel Lanzini,ARG,MF,27,1993,17,5,566,6.3,1,1,2,1,0,0,1,0,0.16,0.16,0.32,0.16,0.32
ENG-Premier League,2021,West Ham,Mark Noble,ENG,MF,33,1987,21,8,712,7.9,0,0,0,0,0,0,1,0,0.0,0.0,0.0,0.0,0.0
ENG-Premier League,2021,West Ham,Michail Antonio,JAM,FW,30,1990,26,24,1974,21.9,10,5,15,10,0,0,3,0,0.46,0.23,0.68,0.46,0.68
ENG-Premier League,2021,West Ham,Pablo Fornals,ESP,MF,24,1996,33,31,2572,28.6,5,4,9,5,0,0,3,0,0.17,0.14,0.31,0.17,0.31
ENG-Premier League,2021,West Ham,Robert Snodgrass,SCO,"FW,MF",32,1987,3,0,5,0.1,0,0,0,0,0,0,0,0,0.0,0.0,0.0,0.0,0.0
ENG-Premier League,2021,West Ham,Ryan Fredericks,ENG,"DF,MF",27,1992,14,6,569,6.3,1,1,2,1,0,0,2,0,0.16,0.16,0.32,0.16,0.32
ENG-Premier League,2021,West Ham,Saïd Benrahma,ALG,MF,24,1995,30,14,1391,15.5,1,6,7,1,0,0,0,0,0.06,0.39,0.45,0.06,0.45
ENG-Premier League,2021,West Ham,Sébastien Haller,CIV,FW,26,1994,16,10,937,10.4,3,0,3,3,0,0,0,0,0.29,0.0,0.29,0.29,0.29
ENG-Premier League,2021,West Ham,Tomáš Souček,CZE,MF,25,1995,38,38,3419,38.0,10,1,11,10,0,0,7,1,0.26,0.03,0.29,0.26,0.29
ENG-Premier League,2021,West Ham,Vladimír Coufal,CZE,"DF,MF",27,1992,34,34,3054,33.9,0,7,7,0,0,0,3,0,0.0,0.21,0.21,0.0,0.21
ENG-Premier League,2021,West Ham,Łukasz Fabiański,POL,GK,35,1985,35,35,3150,35.0,0,0,0,0,0,0,2,0,0.0,0.0,0.0,0.0,0.0
ENG-Premier League,2021,Wolves,Adama Traoré,ESP,"FW,MF",24,1996,37,28,2649,29.4,2,2,4,2,0,0,4,0,0.07,0.07,0.14,0.07,0.14
ENG-Premier League,2021,Wolves,Conor Coady,ENG,DF,27,1993,37,37,3303,36.7,1,0,1,1,0,0,5,0,0.03,0.0,0.03,0.03,0.03
ENG-Premier League,2021,Wolves,Daniel Podence,POR,"MF,FW",24,1995,24,22,1661,18.5,3,2,5,3,0,0,3,0,0.16,0.11,0.27,0.16,0.27
ENG-Premier League,2021,Wolves,Fernando Marçal,BRA,"DF,MF",31,1989,13,7,623,6.9,0,0,0,0,0,0,2,0,0.0,0.0,0.0,0.0,0.0
ENG-Premier League,2021,Wolves,Fábio Silva,POR,FW,18,2002,32,11,1369,15.2,4,3,7,3,1,1,2,0,0.26,0.2,0.46,0.2,0.39
ENG-Premier League,2021,Wolves,John Ruddy,ENG,GK,33,1986,2,1,91,1.0,0,0,0,0,0,0,0,0,0.0,0.0,0.0,0.0,0.0
ENG-Premier League,2021,Wolves,Jonny Castro,ESP,MF,26,1994,7,7,495,5.5,0,0,0,0,0,0,0,0,0.0,0.0,0.0,0.0,0.0
ENG-Premier League,2021,Wolves,João Moutinho,POR,MF,33,1986,33,28,2528,28.1,1,1,2,1,0,0,5,1,0.04,0.04,0.07,0.04,0.07
ENG-Premier League,2021,Wolves,Ki-Jana Hoever,NED,"MF,DF",18,2002,12,5,577,6.4,0,0,0,0,0,0,1,0,0.0,0.0,0.0,0.0,0.0
ENG-Premier League,2021,Wolves,Leander Dendoncker,BEL,"MF,DF",25,1995,33,28,2503,27.8,1,0,1,1,0,0,4,0,0.04,0.0,0.04,0.04,0.04
ENG-Premier League,2021,Wolves,Max Kilman,ENG,DF,23,1997,18,14,1310,14.6,0,1,1,0,0,0,4,0,0.0,0.07,0.07,0.0,0.07
ENG-Premier League,2021,Wolves,Morgan Gibbs-White,ENG,"MF,FW",20,2000,11,4,414,4.6,1,0,1,1,0,0,1,0,0.22,0.0,0.22,0.22,0.22
ENG-Premier League,2021,Wolves,Nélson Semedo,POR,"MF,DF",26,1993,34,34,2983,33.1,1,1,2,1,0,0,5,0,0.03,0.03,0.06,0.03,0.06
ENG-Premier League,2021,Wolves,Oskar Buur,DEN,"DF,MF",22,1998,1,0,22,0.2,0,0,0,0,0,0,0,0,0.0,0.0,0.0,0.0,0.0
ENG-Premier League,2021,Wolves,Owen Otasowie,USA,MF,19,2001,6,2,187,2.1,0,1,1,0,0,0,1,0,0.0,0.48,0.48,0.0,0.48
ENG-Premier League,2021,Wolves,Patrick Cutrone,ITA,FW,22,1998,2,0,25,0.3,0,0,0,0,0,0,0,0,0.0,0.0,0.0,0.0,0.0
ENG-Premier League,2021,Wolves,Pedro Neto,POR,"MF,FW",20,2000,31,30,2550,28.3,5,6,11,5,0,0,4,0,0.18,0.21,0.39,0.18,0.39
ENG-Premier League,2021,Wolves,Rayan Aït-Nouri,ALG,"MF,DF",19,2001,21,16,1404,15.6,1,1,2,1,0,0,1,0,0.06,0.06,0.13,0.06,0.13
ENG-Premier League,2021,Wolves,Raúl Jiménez,MEX,FW,29,1991,10,10,823,9.1,4,0,4,4,0,0,0,0,0.44,0.0,0.44,0.44,0.44
ENG-Premier League,2021,Wolves,Romain Saïss,MAR,"DF,MF",30,1990,27,27,2407,26.7,3,0,3,3,0,0,2,0,0.11,0.0,0.11,0.11,0.11
ENG-Premier League,2021,Wolves,Rui Patrício,POR,GK,32,1988,37,37,3329,37.0,0,0,0,0,0,0,1,0,0.0,0.0,0.0,0.0,0.0
ENG-Premier League,2021,Wolves,Rúben Neves,POR,MF,23,1997,36,31,2675,29.7,5,1,6,2,3,3,8,0,0.17,0.03,0.2,0.07,0.1
ENG-Premier League,2021,Wolves,Rúben Vinagre,POR,MF,21,1999,2,1,173,1.9,0,0,0,0,0,0,0,0,0.0,0.0,0.0,0.0,0.0
ENG-Premier League,2021,Wolves,Theo Corbeanu,CAN,"FW,MF",18,2002,1,0,9,0.1,0,0,0,0,0,0,0,0,0.0,0.0,0.0,0.0,0.0
ENG-Premier League,2021,Wolves,Vitinha,POR,MF,20,2000,19,5,520,5.8,0,1,1,0,0,0,0,0,0.0,0.17,0.17,0.0,0.17
ENG-Premier League,2021,Wolves,Willian José,BRA,FW,28,1991,17,12,1110,12.3,1,0,1,1,0,0,0,0,0.08,0.0,0.08,0.08,0.08
ENG-Premier League,2021,Wolves,Willy Boly,CIV,DF,29,1991,21,21,1879,20.9,1,1,2,1,0,0,2,0,0.05,0.05,0.1,0.05,0.1
ENG-Premier League,2223,Arsenal,Aaron Ramsdale,ENG,GK,24,1998,38,38,3420,38.0,0,0,0,0,0,0,1,0,0.0,0.0,0.0,0.0,0.0
ENG-Premier League,2223,Arsenal,Albert Sambi Lokonga,BEL,MF,22,1999,6,2,198,2.2,0,0,0,0,0,0,0,0,0.0,0.0,0.0,0.0,0.0
ENG-Premier League,2223,Arsenal,Ben White,ENG,DF,24,1997,38,36,3055,33.9,2,5,7,2,0,0,5,0,0.06,0.15,0.21,0.06,0.21
ENG-Premier League,2223,Arsenal,Bukayo Saka,ENG,"FW,MF",20,2001,38,37,3181,35.3,14,11,25,12,2,3,6,0,0.4,0.31,0.71,0.34,0.65
ENG-Premier League,2223,Arsenal,Cédric Soares,POR,"DF,MF",30,1991,2,0,29,0.3,0,0,0,0,0,0,0,0,0.0,0.0,0.0,0.0,0.0
ENG-Premier League,2223,Arsenal,Eddie Nketiah,ENG,FW,23,1999,30,9,1089,12.1,4,1,5,4,0,0,3,0,0.33,0.08,0.41,0.33,0.41
ENG-Premier League,2223,Arsenal,Emile Smith Rowe,ENG,MF,22,2000,12,0,172,1.9,0,2,2,0,0,0,0,0,0.0,1.05,1.05,0.0,1.05
ENG-Premier League,2223,Arsenal,Ethan Nwaneri,ENG,MF,15,2007,1,0,1,0.0,0,0,0,0,0,0,0,0,0.0,0.0,0.0,0.0,0.0
ENG-Premier League,2223,Arsenal,Fabio Vieira,POR,MF,22,2000,22,3,514,5.7,1,2,3,1,0,0,0,0,0.18,0.35,0.53,0.18,0.53
ENG-Premier League,2223,Arsenal,Gabriel Jesus,BRA,FW,25,1997,26,24,2064,22.9,11,6,17,10,1,1,6,0,0.48,0.26,0.74,0.44,0.7
ENG-Premier League,2223,Arsenal,Gabriel Magalhães,BRA,DF,24,1997,38,38,3409,37.9,3,0,3,3,0,0,5,0,0.08,0.0,0.08,0.08,0.08
ENG-Premier League,2223,Arsenal,Gabriel Martinelli,BRA,"FW,MF",21,2001,36,34,2789,31.0,15,5,20,15,0,0,3,0,0.48,0.16,0.65,0.48,0.65
ENG-Premier League,2223,Arsenal,Granit Xhaka,SUI,MF,29,1992,37,36,2993,33.3,7,7,14,7,0,0,4,0,0.21,0.21,0.42,0.21,0.42
ENG-Premier League,2223,Arsenal,Jakub Kiwior,POL,DF,22,2000,7,5,427,4.7,1,0,1,1,0,0,0,0,0.21,0.0,0.21,0.21,0.21
ENG-Premier League,2223,Arsenal,Jorginho,ITA,MF,30,1991,14,9,855,9.5,0,1,1,0,0,0,0,0,0.0,0.11,0.11,0.0,0.11
ENG-Premier League,2223,Arsenal,Kieran Tierney,SCO,DF,25,1997,27,6,795,8.8,0,1,1,0,0,0,0,0,0.0,0.11,0.11,0.0,0.11
ENG-Premier League,2223,Arsenal,Leandro Trossard,BEL,FW,27,1994,20,10,931,10.3,1,10,11,1,0,0,0,0,0.1,0.97,1.06,0.1,1.06
ENG-Premier League,2223,Arsenal,Marquinhos,BRA,MF,19,2003,1,0,1,0.0,0,0,0,0,0,0,0,0,0.0,0.0,0.0,0.0,0.0
ENG-Premier League,2223,Arsenal,Martin Ødegaard,NOR,MF,23,1998,37,37,3127,34.7,15,7,22,15,0,0,4,0,0.43,0.2,0.63,0.43,0.63
ENG-Premier League,2223,Arsenal,Mohamed Elneny,EGY,MF,30,1992,5,1,113,1.3,0,0,0,0,0,0,0,0,0.0,0.0,0.0,0.0,0.0
ENG-Premier League,2223,Arsenal,Oleksandr Zinchenko,UKR,DF,25,1996,27,26,2118,23.5,1,2,3,1,0,0,3,0,0.04,0.08,0.13,0.04,0.13
ENG-Premier League,2223,Arsenal,Reiss Nelson,ENG,"FW,MF",22,1999,11,0,212,2.4,3,2,5,3,0,0,0,0,1.27,0.85,2.12,1.27,2.12
ENG-Premier League,2223,Arsenal,Rob Holding,ENG,DF,26,1995,14,6,566,6.3,1,0,1,1,0,0,0,0,0.16,0.0,0.16,0.16,0.16
ENG-Premier League,2223,Arsenal,Takehiro Tomiyasu,JPN,DF,23,1998,21,6,663,7.4,0,1,1,0,0,0,2,0,0.0,0.14,0.14,0.0,0.14
ENG-Premier League,2223,Arsenal,Thomas Partey,GHA,MF,29,1993,33,28,2483,27.6,3,0,3,3,0,0,5,0,0.11,0.0,0.11,0.11,0.11
ENG-Premier League,2223,Arsenal,William Saliba,FRA,DF,21,2001,27,27,2415,26.8,2,1,3,2,0,0,4,0,0.07,0.04,0.11,0.07,0.11
ENG-Premier League,2223,Aston Villa,Ashley Young,ENG,DF,37,1985,29,23,2036,22.6,1,0,1,1,0,0,7,0,0.04,0.0,0.04,0.04,0.04
ENG-Premier League,2223,Aston Villa,Bertrand Traoré,BFA,MF,26,1995,8,1,233,2.6,2,0,2,2,0,0,1,0,0.77,0.0,0.77,0.77,0.77
ENG-Premier League,2223,Aston Villa,Boubacar Kamara,FRA,MF,22,1999,24,21,1777,19.7,0,1,1,0,0,0,4,0,0.0,0.05,0.05,0.0,0.05
ENG-Premier League,2223,Aston Villa,Calum Chambers,ENG,DF,27,1995,14,2,353,3.9,0,0,0,0,0,0,2,0,0.0,0.0,0.0,0.0,0.0
ENG-Premier League,2223,Aston Villa,Cameron Archer,ENG,"FW,MF",21,2001,6,0,49,0.5,0,0,0,0,0,0,0,0,0.0,0.0,0.0,0.0,0.0
ENG-Premier League,2223,Aston Villa,Danny Ings,ENG,FW,30,1992,18,8,824,9.2,6,0,6,4,2,2,3,0,0.66,0.0,0.66,0.44,0.44
ENG-Premier League,2223,Aston Villa,Diego Carlos,BRA,DF,29,1993,3,2,205,2.3,0,0,0,0,0,0,0,0,0.0,0.0,0.0,0.0,0.0
ENG-Premier League,2223,Aston Villa,Douglas Luiz,BRA,MF,24,1998,37,33,2927,32.5,6,6,12,6,0,0,6,1,0.18,0.18,0.37,0.18,0.37
ENG-Premier League,2223,Aston Villa,Emi Buendía,ARG,"MF,FW",25,1996,38,27,2412,26.8,5,2,7,5,0,0,0,0,0.19,0.07,0.26,0.19,0.26
ENG-Premier League,2223,Aston Villa,Emiliano Martínez,ARG,GK,29,1992,36,36,3139,34.9,0,0,0,0,0,0,7,0,0.0,0.0,0.0,0.0,0.0
ENG-Premier League,2223,Aston Villa,Ezri Konsa,ENG,DF,24,1997,38,37,3322,36.9,0,0,0,0,0,0,6,0,0.0,0.0,0.0,0.0,0.0
ENG-Premier League,2223,Aston Villa,Jacob Ramsey,ENG,MF,21,2001,35,31,2636,29.3,6,7,13,6,0,0,5,0,0.2,0.24,0.44,0.2,0.44
ENG-Premier League,2223,Aston Villa,Jan Bednarek,POL,DF,26,1996,3,1,100,1.1,0,0,0,0,0,0,0,0,0.0,0.0,0.0,0.0,0.0
ENG-Premier League,2223,Aston Villa,John McGinn,SCO,MF,27,1994,34,30,2693,29.9,1,3,4,1,0,0,7,0,0.03,0.1,0.13,0.03,0.13
ENG-Premier League,2223,Aston Villa,Jáder Durán,COL,FW,18,2003,12,0,136,1.5,0,0,0,0,0,0,1,0,0.0,0.0,0.0,0.0,0.0
ENG-Premier League,2223,Aston Villa,Leander Dendoncker,BEL,MF,27,1995,20,7,697,7.7,0,0,0,0,0,0,0,0,0.0,0.0,0.0,0.0,0.0
ENG-Premier League,2223,Aston Villa,Leon Bailey,JAM,"FW,MF",24,1997,33,26,1967,21.9,4,4,8,4,0,0,4,0,0.18,0.18,0.37,0.18,0.37
ENG-Premier League,2223,Aston Villa,Lucas Digne,FRA,DF,29,1993,28,18,1502,16.7,1,0,1,1,0,0,5,0,0.06,0.0,0.06,0.06,0.06
ENG-Premier League,2223,Aston Villa,Ludwig Augustinsson,SWE,DF,28,1994,3,1,77,0.9,0,0,0,0,0,0,1,0,0.0,0.0,0.0,0.0,0.0
ENG-Premier League,2223,Aston Villa,Matty Cash,POL,DF,24,1997,26,20,1820,20.2,0,1,1,0,0,0,4,0,0.0,0.05,0.05,0.0,0.05
ENG-Premier League,2223,Aston Villa,Morgan Sanson,FRA,MF,27,1994,2,0,11,0.1,0,0,0,0,0,0,0,0,0.0,0.0,0.0,0.0,0.0
ENG-Premier League,2223,Aston Villa,Ollie Watkins,ENG,FW,26,1995,37,36,3127,34.7,15,6,21,14,1,2,4,0,0.43,0.17,0.6,0.4,0.58
ENG-Premier League,2223,Aston Villa,Philippe Coutinho,BRA,"FW,MF",30,1992,20,7,788,8.8,1,0,1,1,0,0,3,0,0.11,0.0,0.11,0.11,0.11
ENG-Premier League,2223,Aston Villa,Robin Olsen,SWE,GK,32,1990,4,2,281,3.1,0,0,0,0,0,0,0,0,0.0,0.0,0.0,0.0,0.0
ENG-Premier League,2223,Aston Villa,Tyrone Mings,ENG,DF,29,1993,35,35,3150,35.0,1,2,3,1,0,0,7,0,0.03,0.06,0.09,0.03,0.09
ENG-Premier League,2223,Aston Villa,Álex Moreno,ESP,DF,29,1993,19,14,1329,14.8,0,3,3,0,0,0,3,0,0.0,0.2,0.2,0.0,0.2
ENG-Premier League,2223,Bournemouth,Adam Smith,ENG,DF,31,1991,37,34,2943,32.7,0,1,1,0,0,0,11,0,0.0,0.03,0.03,0.0,0.03
ENG-Premier League,2223,Bournemouth,Antoine Semenyo,GHA,"MF,FW",22,2000,11,2,258,2.9,1,0,1,1,0,0,0,0,0.35,0.0,0.35,0.35,0.35
ENG-Premier League,2223,Bournemouth,Ben Pearson,ENG,MF,27,1995,7,3,286,3.2,0,0,0,0,0,0,1,0,0.0,0.0,0.0,0.0,0.0
ENG-Premier League,2223,Bournemouth,Chris Mepham,WAL,DF,24,1997,26,24,2199,24.4,0,0,0,0,0,0,7,0,0.0,0.0,0.0,0.0,0.0
ENG-Premier League,2223,Bournemouth,Dango Ouattara,BFA,MF,20,2002,19,15,1241,13.8,1,3,4,1,0,0,1,0,0.07,0.22,0.29,0.07,0.29
ENG-Premier League,2223,Bournemouth,David Brooks,WAL,MF,25,1997,6,2,173,1.9,0,0,0,0,0,0,1,0,0.0,0.0,0.0,0.0,0.0
ENG-Premier League,2223,Bournemouth,Dominic Solanke,ENG,FW,24,1997,33,32,2860,31.8,6,7,13,6,0,0,2,0,0.19,0.22,0.41,0.19,0.41
ENG-Premier League,2223,Bournemouth,Emiliano Marcondes,DEN,"FW,MF",27,1995,1,0,9,0.1,0,0,0,0,0,0,0,0,0.0,0.0,0.0,0.0,0.0
ENG-Premier League,2223,Bournemouth,Hamed Junior Traorè,CIV,MF,22,2000,7,5,427,4.7,0,0,0,0,0,0,0,0,0.0,0.0,0.0,0.0,0.0
ENG-Premier League,2223,Bournemouth,Illia Zabarnyi,UKR,DF,19,2002,5,3,299,3.3,0,0,0,0,0,0,0,0,0.0,0.0,0.0,0.0,0.0
ENG-Premier League,2223,Bournemouth,Jack Stacey,ENG,"DF,MF",26,1996,10,3,299,3.3,0,0,0,0,0,0,2,0,0.0,0.0,0.0,0.0,0.0
ENG-Premier League,2223,Bournemouth,Jack Stephens,ENG,DF,28,1994,15,13,1173,13.0,0,0,0,0,0,0,3,0,0.0,0.0,0.0,0.0,0.0
ENG-Premier League,2223,Bournemouth,Jaidon Anthony,ENG,MF,22,1999,30,11,1257,14.0,3,1,4,3,0,0,2,0,0.21,0.07,0.29,0.21,0.29
ENG-Premier League,2223,Bournemouth,Jamal Lowe,JAM,"FW,MF",28,1994,2,0,12,0.1,0,0,0,0,0,0,0,0,0.0,0.0,0.0,0.0,0.0
ENG-Premier League,2223,Bournemouth,Jefferson Lerma,COL,MF,27,1994,37,37,3252,36.1,5,0,5,5,0,0,7,0,0.14,0.0,0.14,0.14,0.14
ENG-Premier League,2223,Bournemouth,Joe Rothwell,ENG,MF,27,1995,20,12,1016,11.3,0,1,1,0,0,0,1,0,0.0,0.09,0.09,0.0,0.09
ENG-Premier League,2223,Bournemouth,Jordan Zemura,ZIM,"DF,MF",22,1999,19,17,1454,16.2,0,1,1,0,0,0,1,0,0.0,0.06,0.06,0.0,0.06
ENG-Premier League,2223,Bournemouth,Junior Stanislas,ENG,MF,32,1989,4,0,61,0.7,0,0,0,0,0,0,0,0,0.0,0.0,0.0,0.0,0.0
ENG-Premier League,2223,Bournemouth,Kieffer Moore,WAL,FW,29,1992,27,12,1279,14.2,4,0,4,4,0,0,1,0,0.28,0.0,0.28,0.28,0.28
ENG-Premier League,2223,Bournemouth,Lewis Cook,ENG,MF,25,1997,28,18,1720,19.1,0,2,2,0,0,0,4,0,0.0,0.1,0.1,0.0,0.1
ENG-Premier League,2223,Bournemouth,Lloyd Kelly,ENG,DF,23,1998,23,23,2040,22.7,0,2,2,0,0,0,3,0,0.0,0.09,0.09,0.0,0.09
ENG-Premier League,2223,Bournemouth,Marcos Senesi,ARG,DF,25,1997,31,29,2491,27.7,2,0,2,2,0,0,7,0,0.07,0.0,0.07,0.07,0.07
ENG-Premier League,2223,Bournemouth,Marcus Tavernier,ENG,MF,23,1999,23,19,1743,19.4,5,4,9,5,0,0,1,0,0.26,0.21,0.46,0.26,0.46
ENG-Premier League,2223,Bournemouth,Mark Travers,IRL,GK,23,1999,12,11,1035,11.5,0,0,0,0,0,0,0,0,0.0,0.0,0.0,0.0,0.0
ENG-Premier League,2223,Bournemouth,Matías Viña,URU,"DF,MF",24,1997,12,5,458,5.1,2,0,2,2,0,0,1,0,0.39,0.0,0.39,0.39,0.39
ENG-Premier League,2223,Bournemouth,Neto,BRA,GK,33,1989,27,27,2385,26.5,0,0,0,0,0,0,4,0,0.0,0.0,0.0,0.0,0.0
ENG-Premier League,2223,Bournemouth,Owen Bevan,WAL,DF,18,2003,1,0,9,0.1,0,0,0,0,0,0,0,0,0.0,0.0,0.0,0.0,0.0
ENG-Premier League,2223,Bournemouth,Philip Billing,DEN,"MF,FW",26,1996,36,34,2764,30.7,7,1,8,7,0,0,5,0,0.23,0.03,0.26,0.23,0.26
ENG-Premier League,2223,Bournemouth,Ryan Christie,SCO,MF,27,1995,32,22,1834,20.4,1,1,2,1,0,0,2,0,0.05,0.05,0.1,0.05,0.1
ENG-Premier League,2223,Bournemouth,Ryan Fredericks,ENG,DF,29,1992,12,5,533,5.9,0,0,0,0,0,0,1,0,0.0,0.0,0.0,0.0,0.0
ENG-Premier League,2223,Bournemouth,Siriki Dembélé,CIV,"FW,MF",25,1996,6,0,110,1.2,0,0,0,0,0,0,0,0,0.0,0.0,0.0,0.0,0.0
ENG-Premier League,2223,Brentford,Aaron Hickey,SCO,DF,20,2002,26,23,1916,21.3,0,1,1,0,0,0,7,0,0.0,0.05,0.05,0.0,0.05
ENG-Premier League,2223,Brentford,Ben Mee,ENG,DF,32,1989,37,37,3269,36.3,3,2,5,3,0,0,2,0,0.08,0.06,0.14,0.08,0.14
ENG-Premier League,2223,Brentford,Bryan Mbeumo,CMR,FW,22,1999,38,36,2906,32.3,9,8,17,8,1,1,5,0,0.28,0.25,0.53,0.25,0.5
ENG-Premier League,2223,Brentford,Christian Nørgaard,DEN,MF,28,1994,22,21,1763,19.6,1,3,4,1,0,0,6,0,0.05,0.15,0.2,0.05,0.2
ENG-Premier League,2223,Brentford,David Raya,ESP,GK,26,1995,38,38,3420,38.0,0,0,0,0,0,0,1,0,0.0,0.0,0.0,0.0,0.0
ENG-Premier League,2223,Brentford,Ethan Pinnock,JAM,DF,29,1993,30,30,2700,30.0,3,0,3,3,0,0,0,0,0.1,0.0,0.1,0.1,0.1
ENG-Premier League,2223,Brentford,Frank Onyeka,NGA,MF,24,1998,21,8,848,9.4,0,2,2,0,0,0,0,0,0.0,0.21,0.21,0.0,0.21
ENG-Premier League,2223,Brentford,Halil Dervişoğlu,TUR,FW,22,1999,1,0,8,0.1,0,0,0,0,0,0,0,0,0.0,0.0,0.0,0.0,0.0
ENG-Premier League,2223,Brentford,Ivan Toney,ENG,FW,26,1996,33,33,2951,32.8,20,4,24,14,6,7,9,0,0.61,0.12,0.73,0.43,0.55
ENG-Premier League,2223,Brentford,Josh Dasilva,ENG,MF,23,1998,36,14,1389,15.4,4,2,6,4,0,0,1,0,0.26,0.13,0.39,0.26,0.39
ENG-Premier League,2223,Brentford,Keane Lewis-Potter,ENG,FW,21,2001,10,3,321,3.6,0,1,1,0,0,0,0,0,0.0,0.28,0.28,0.0,0.28
ENG-Premier League,2223,Brentford,Kevin Schade,GER,FW,20,2001,18,7,732,8.1,0,1,1,0,0,0,2,0,0.0,0.12,0.12,0.0,0.12
ENG-Premier League,2223,Brentford,Kristoffer Ajer,NOR,DF,24,1998,9,9,763,8.5,0,0,0,0,0,0,0,0,0.0,0.0,0.0,0.0,0.0
ENG-Premier League,2223,Brentford,Mads Bech Sørensen,DEN,DF,23,1999,4,0,21,0.2,0,0,0,0,0,0,0,0,0.0,0.0,0.0,0.0,0.0
ENG-Premier League,2223,Brentford,Mads Roerslev,DEN,"MF,DF",23,1999,20,12,1108,12.3,0,0,0,0,0,0,0,0,0.0,0.0,0.0,0.0,0.0
ENG-Premier League,2223,Brentford,Mathias Jensen,DEN,MF,26,1996,37,37,2803,31.1,5,6,11,5,0,0,5,0,0.16,0.19,0.35,0.16,0.35
ENG-Premier League,2223,Brentford,Mathias Jørgensen,DEN,DF,32,1990,18,11,1103,12.3,0,0,0,0,0,0,2,0,0.0,0.0,0.0,0.0,0.0
ENG-Premier League,2223,Brentford,Mikkel Damsgaard,DEN,"MF,FW",22,2000,26,9,988,11.0,0,0,0,0,0,0,4,0,0.0,0.0,0.0,0.0,0.0
ENG-Premier League,2223,Brentford,Pontus Jansson,SWE,DF,31,1991,12,9,724,8.0,1,0,1,1,0,0,0,0,0.12,0.0,0.12,0.12,0.12
ENG-Premier League,2223,Brentford,Rico Henry,JAM,"DF,MF",25,1997,37,37,3238,36.0,0,2,2,0,0,0,4,0,0.0,0.06,0.06,0.0,0.06
ENG-Premier League,2223,Brentford,Saman Ghoddos,IRN,"FW,MF",28,1993,15,0,139,1.5,0,0,0,0,0,0,0,0,0.0,0.0,0.0,0.0,0.0
ENG-Premier League,2223,Brentford,Sergi Canós,ESP,"FW,MF",25,1997,5,0,77,0.9,0,0,0,0,0,0,0,0,0.0,0.0,0.0,0.0,0.0
ENG-Premier League,2223,Brentford,Shandon Baptiste,GRN,MF,24,1998,23,4,618,6.9,0,1,1,0,0,0,3,1,0.0,0.15,0.15,0.0,0.15
ENG-Premier League,2223,Brentford,Vitaly Janelt,GER,MF,24,1998,35,24,2208,24.5,3,1,4,3,0,0,3,0,0.12,0.04,0.16,0.12,0.16
ENG-Premier League,2223,Brentford,Yoane Wissa,COD,FW,25,1996,38,16,1606,17.8,7,3,10,7,0,0,3,0,0.39,0.17,0.56,0.39,0.56
ENG-Premier League,2223,Brighton,Adam Lallana,ENG,MF,34,1988,16,12,722,8.0,2,1,3,2,0,0,0,0,0.25,0.12,0.37,0.25,0.37
ENG-Premier League,2223,Brighton,Adam Webster,ENG,DF,27,1995,27,23,1985,22.1,0,0,0,0,0,0,2,0,0.0,0.0,0.0,0.0,0.0
ENG-Premier League,2223,Brighton,Alexis Mac Allister,ARG,MF,23,1998,35,31,2886,32.1,10,2,12,4,6,6,8,0,0.31,0.06,0.37,0.12,0.19
ENG-Premier League,2223,Brighton,Andrew Moran,IRL,MF,18,2003,1,0,12,0.1,0,0,0,0,0,0,0,0,0.0,0.0,0.0,0.0,0.0
ENG-Premier League,2223,Brighton,Billy Gilmour,SCO,MF,21,2001,14,7,507,5.6,0,1,1,0,0,0,1,0,0.0,0.18,0.18,0.0,0.18
ENG-Premier League,2223,Brighton,Cameron Peupion,AUS,MF,19,2002,1,0,6,0.1,0,0,0,0,0,0,0,0,0.0,0.0,0.0,0.0,0.0
ENG-Premier League,2223,Brighton,Danny Welbeck,ENG,FW,31,1990,31,21,1854,20.6,6,3,9,6,0,0,0,0,0.29,0.15,0.44,0.29,0.44
ENG-Premier League,2223,Brighton,Deniz Undav,GER,"MF,FW",26,1996,22,6,628,7.0,5,0,5,5,0,0,2,0,0.72,0.0,0.72,0.72,0.72
ENG-Premier League,2223,Brighton,Enock Mwepu,ZAM,"MF,FW",24,1998,6,2,213,2.4,0,1,1,0,0,0,0,0,0.0,0.42,0.42,0.0,0.42
ENG-Premier League,2223,Brighton,Evan Ferguson,IRL,FW,17,2004,19,10,950,10.6,6,2,8,6,0,0,1,0,0.57,0.19,0.76,0.57,0.76
ENG-Premier League,2223,Brighton,Facundo Buonanotte,ARG,MF,17,2004,13,6,565,6.3,1,1,2,1,0,0,2,0,0.16,0.16,0.32,0.16,0.32
ENG-Premier League,2223,Brighton,Jack Hinshelwood,ENG,"DF,MF",17,2005,1,0,2,0.0,0,0,0,0,0,0,0,0,0.0,0.0,0.0,0.0,0.0
ENG-Premier League,2223,Brighton,Jan Paul van Hecke,NED,DF,22,2000,8,3,295,3.3,0,0,0,0,0,0,2,0,0.0,0.0,0.0,0.0,0.0
ENG-Premier League,2223,Brighton,Jason Steele,ENG,GK,31,1990,15,15,1350,15.0,0,1,1,0,0,0,1,0,0.0,0.07,0.07,0.0,0.07
ENG-Premier League,2223,Brighton,Jeremy Sarmiento,ECU,MF,20,2002,9,1,176,2.0,0,1,1,0,0,0,1,0,0.0,0.51,0.51,0.0,0.51
ENG-Premier League,2223,Brighton,Joël Veltman,NED,DF,30,1992,31,25,2188,24.3,1,1,2,1,0,0,6,0,0.04,0.04,0.08,0.04,0.08
ENG-Premier League,2223,Brighton,Julio Enciso,PAR,"MF,FW",18,2004,20,7,806,9.0,4,2,6,4,0,0,1,0,0.45,0.22,0.67,0.45,0.67
ENG-Premier League,2223,Brighton,Kaoru Mitoma,JPN,MF,25,1997,33,24,2318,25.8,7,5,12,7,0,0,0,0,0.27,0.19,0.47,0.27,0.47
ENG-Premier League,2223,Brighton,Leandro Trossard,BEL,"MF,FW",27,1994,16,16,1315,14.6,7,2,9,7,0,0,1,0,0.48,0.14,0.62,0.48,0.62
ENG-Premier League,2223,Brighton,Levi Colwill,ENG,DF,19,2003,17,13,1220,13.6,0,2,2,0,0,0,1,0,0.0,0.15,0.15,0.0,0.15
ENG-Premier League,2223,Brighton,Lewis Dunk,ENG,DF,30,1991,36,36,3239,36.0,1,0,1,1,0,0,4,0,0.03,0.0,0.03,0.03,0.03
ENG-Premier League,2223,Brighton,Moisés Caicedo,ECU,MF,20,2001,37,34,3139,34.9,1,1,2,1,0,0,10,0,0.03,0.03,0.06,0.03,0.06
ENG-Premier League,2223,Brighton,Odeluga Offiah,ENG,DF,19,2002,2,0,25,0.3,0,0,0,0,0,0,0,0,0.0,0.0,0.0,0.0,0.0
ENG-Premier League,2223,Brighton,Pascal Groß,GER,"MF,DF",31,1991,37,37,3239,36.0,9,8,17,9,0,0,6,0,0.25,0.22,0.47,0.25,0.47
ENG-Premier League,2223,Brighton,Pervis Estupiñán,ECU,"DF,MF",24,1998,35,31,2675,29.7,1,5,6,1,0,0,4,0,0.03,0.17,0.2,0.03,0.2
ENG-Premier League,2223,Brighton,Robert Sánchez,ESP,GK,24,1997,23,23,2070,23.0,0,0,0,0,0,0,2,0,0.0,0.0,0.0,0.0,0.0
ENG-Premier League,2223,Brighton,Solly March,ENG,MF,28,1994,33,31,2715,30.2,6,7,13,6,0,0,2,0,0.2,0.23,0.43,0.2,0.43
ENG-Premier League,2223,Brighton,Tariq Lamptey,GHA,"DF,MF",21,2000,20,3,453,5.0,0,0,0,0,0,0,1,0,0.0,0.0,0.0,0.0,0.0
ENG-Premier League,2223,Brighton,Yasin Ayari,SWE,MF,18,2003,3,1,67,0.7,0,0,0,0,0,0,0,0,0.0,0.0,0.0,0.0,0.0
ENG-Premier League,2223,Chelsea,Armando Broja,ALB,FW,20,2001,12,2,294,3.3,1,0,1,1,0,0,0,0,0.31,0.0,0.31,0.31,0.31
ENG-Premier League,2223,Chelsea,Ben Chilwell,ENG,"MF,DF",25,1996,23,15,1408,15.6,2,2,4,2,0,0,3,0,0.13,0.13,0.26,0.13,0.26
ENG-Premier League,2223,Chelsea,Benoît Badiashile,FRA,DF,21,2001,11,10,905,10.1,1,0,1,1,0,0,2,0,0.1,0.0,0.1,0.1,0.1
ENG-Premier League,2223,Chelsea,Carney Chukwuemeka,AUT,MF,18,2003,14,2,354,3.9,0,0,0,0,0,0,0,0,0.0,0.0,0.0,0.0,0.0
ENG-Premier League,2223,Chelsea,Christian Pulisic,USA,"MF,FW",23,1998,24,8,821,9.1,1,1,2,1,0,0,1,0,0.11,0.11,0.22,0.11,0.22
ENG-Premier League,2223,Chelsea,Conor Gallagher,ENG,MF,22,2000,35,18,1621,18.0,3,1,4,3,0,0,11,1,0.17,0.06,0.22,0.17,0.22
ENG-Premier League,2223,Chelsea,César Azpilicueta,ESP,"DF,MF",32,1989,25,16,1527,17.0,0,0,0,0,0,0,3,0,0.0,0.0,0.0,0.0,0.0
ENG-Premier League,2223,Chelsea,David Datro Fofana,CIV,FW,19,2002,3,1,70,0.8,0,0,0,0,0,0,0,0,0.0,0.0,0.0,0.0,0.0
ENG-Premier League,2223,Chelsea,Denis Zakaria,SUI,MF,25,1996,7,5,411,4.6,0,0,0,0,0,0,0,0,0.0,0.0,0.0,0.0,0.0
ENG-Premier League,2223,Chelsea,Enzo Fernández,ARG,MF,21,2001,18,18,1547,17.2,0,2,2,0,0,0,3,0,0.0,0.12,0.12,0.0,0.12
ENG-Premier League,2223,Chelsea,Hakim Ziyech,MAR,"MF,FW",29,1993,18,6,661,7.3,0,3,3,0,0,0,1,0,0.0,0.41,0.41,0.0,0.41
ENG-Premier League,2223,Chelsea,Jorginho,ITA,MF,30,1991,18,15,1279,14.2,2,0,2,0,2,2,4,0,0.14,0.0,0.14,0.0,0.0
ENG-Premier League,2223,Chelsea,João Félix,POR,"FW,MF",22,1999,16,11,941,10.5,4,0,4,4,0,0,1,1,0.38,0.0,0.38,0.38,0.38
ENG-Premier League,2223,Chelsea,Kai Havertz,GER,"FW,MF",23,1999,35,30,2569,28.5,7,1,8,6,1,1,5,0,0.25,0.04,0.28,0.21,0.25
ENG-Premier League,2223,Chelsea,Kalidou Koulibaly,SEN,DF,31,1991,23,20,1800,20.0,2,1,3,2,0,0,7,1,0.1,0.05,0.15,0.1,0.15
ENG-Premier League,2223,Chelsea,Kepa Arrizabalaga,ESP,GK,27,1994,29,29,2565,28.5,0,0,0,0,0,0,1,0,0.0,0.0,0.0,0.0,0.0
ENG-Premier League,2223,Chelsea,Lewis Hall,ENG,"MF,DF",17,2004,9,8,654,7.3,0,0,0,0,0,0,1,0,0.0,0.0,0.0,0.0,0.0
ENG-Premier League,2223,Chelsea,Marc Cucurella,ESP,"DF,MF",24,1998,24,21,1671,18.6,0,2,2,0,0,0,4,0,0.0,0.11,0.11,0.0,0.11
ENG-Premier League,2223,Chelsea,Mason Mount,ENG,MF,23,1999,24,20,1648,18.3,3,2,5,3,0,0,4,0,0.16,0.11,0.27,0.16,0.27
ENG-Premier League,2223,Chelsea,Mateo Kovačić,CRO,MF,28,1994,27,17,1707,19.0,1,2,3,1,0,0,8,0,0.05,0.11,0.16,0.05,0.16
ENG-Premier League,2223,Chelsea,Mykhailo Mudryk,UKR,"FW,MF",21,2001,15,7,657,7.3,0,2,2,0,0,0,1,0,0.0,0.27,0.27,0.0,0.27
ENG-Premier League,2223,Chelsea,N'Golo Kanté,FRA,MF,31,1991,7,6,518,5.8,0,1,1,0,0,0,1,0,0.0,0.17,0.17,0.0,0.17
ENG-Premier League,2223,Chelsea,Noni Madueke,ENG,"FW,MF",20,2002,12,7,643,7.1,1,0,1,1,0,0,0,0,0.14,0.0,0.14,0.14,0.14
ENG-Premier League,2223,Chelsea,Omari Hutchinson,ENG,MF,18,2003,1,0,23,0.3,0,0,0,0,0,0,0,0,0.0,0.0,0.0,0.0,0.0
ENG-Premier League,2223,Chelsea,Pierre-Emerick Aubameyang,GAB,FW,33,1989,15,5,554,6.2,1,0,1,1,0,0,1,0,0.16,0.0,0.16,0.16,0.16
ENG-Premier League,2223,Chelsea,Raheem Sterling,ENG,"FW,MF",27,1994,28,23,1891,21.0,6,3,9,6,0,0,4,0,0.29,0.14,0.43,0.29,0.43
ENG-Premier League,2223,Chelsea,Reece James,ENG,"DF,MF",22,1999,16,14,1244,13.8,1,1,2,1,0,0,4,0,0.07,0.07,0.14,0.07,0.14
ENG-Premier League,2223,Chelsea,Ruben Loftus-Cheek,ENG,MF,26,1996,25,19,1536,17.1,0,1,1,0,0,0,1,0,0.0,0.06,0.06,0.0,0.06
ENG-Premier League,2223,Chelsea,Thiago Silva,BRA,DF,37,1984,27,26,2352,26.1,0,2,2,0,0,0,2,0,0.0,0.08,0.08,0.0,0.08
ENG-Premier League,2223,Chelsea,Trevoh Chalobah,ENG,DF,23,1999,25,18,1608,17.9,0,0,0,0,0,0,4,0,0.0,0.0,0.0,0.0,0.0
ENG-Premier League,2223,Chelsea,Wesley Fofana,FRA,DF,21,2000,15,12,1183,13.1,1,0,1,1,0,0,3,0,0.08,0.0,0.08,0.08,0.08
ENG-Premier League,2223,Chelsea,Édouard Mendy,SEN,GK,30,1992,10,9,855,9.5,0,0,0,0,0,0,1,0,0.0,0.0,0.0,0.0,0.0
ENG-Premier League,2223,Crystal Palace,Albert Sambi Lokonga,BEL,MF,22,1999,9,6,536,6.0,0,0,0,0,0,0,2,0,0.0,0.0,0.0,0.0,0.0
ENG-Premier League,2223,Crystal Palace,Cheick Doucouré,MLI,MF,22,2000,34,34,2769,30.8,0,3,3,0,0,0,10,1,0.0,0.1,0.1,0.0,0.1
ENG-Premier League,2223,Crystal Palace,Chris Richards,USA,DF,22,2000,9,4,447,5.0,0,0,0,0,0,0,0,0,0.0,0.0,0.0,0.0,0.0
ENG-Premier League,2223,Crystal Palace,David Ozoh,ENG,MF,17,2005,1,0,1,0.0,0,0,0,0,0,0,0,0,0.0,0.0,0.0,0.0,0.0
ENG-Premier League,2223,Crystal Palace,Eberechi Eze,ENG,"MF,FW",24,1998,38,30,2636,29.3,10,4,14,9,1,1,3,0,0.34,0.14,0.48,0.31,0.44
ENG-Premier League,2223,Crystal Palace,James McArthur,SCO,MF,34,1987,4,0,54,0.6,0,0,0,0,0,0,0,0,0.0,0.0,0.0,0.0,0.0
ENG-Premier League,2223,Crystal Palace,James Tomkins,ENG,DF,33,1989,6,3,338,3.8,1,0,1,1,0,0,3,1,0.27,0.0,0.27,0.27,0.27
ENG-Premier League,2223,Crystal Palace,Jaïro Riedewald,NED,"DF,MF",25,1996,6,0,64,0.7,0,0,0,0,0,0,0,0,0.0,0.0,0.0,0.0,0.0
ENG-Premier League,2223,Crystal Palace,Jean-Philippe Mateta,FRA,FW,25,1997,29,6,770,8.6,2,0,2,2,0,0,3,0,0.23,0.0,0.23,0.23,0.23
ENG-Premier League,2223,Crystal Palace,Jeffrey Schlupp,GHA,MF,29,1992,34,30,2531,28.1,3,1,4,3,0,0,7,0,0.11,0.04,0.14,0.11,0.14
ENG-Premier League,2223,Crystal Palace,Joachim Andersen,DEN,DF,26,1996,32,32,2782,30.9,1,0,1,1,0,0,8,0,0.03,0.0,0.03,0.03,0.03
ENG-Premier League,2223,Crystal Palace,Joel Ward,ENG,DF,32,1989,28,24,2256,25.1,1,0,1,1,0,0,6,0,0.04,0.0,0.04,0.04,0.04
ENG-Premier League,2223,Crystal Palace,Jordan Ayew,GHA,"FW,MF",30,1991,38,31,2714,30.2,4,3,7,4,0,0,5,0,0.13,0.1,0.23,0.13,0.23
ENG-Premier League,2223,Crystal Palace,Joseph Whitworth,ENG,GK,18,2004,2,2,180,2.0,0,0,0,0,0,0,0,0,0.0,0.0,0.0,0.0,0.0
ENG-Premier League,2223,Crystal Palace,Luka Milivojević,SRB,MF,31,1991,18,5,512,5.7,0,0,0,0,0,0,2,0,0.0,0.0,0.0,0.0,0.0
ENG-Premier League,2223,Crystal Palace,Malcolm Ebiowei,ENG,MF,18,2003,3,0,34,0.4,0,0,0,0,0,0,0,0,0.0,0.0,0.0,0.0,0.0
ENG-Premier League,2223,Crystal Palace,Marc Guéhi,ENG,DF,22,2000,37,37,3329,37.0,1,0,1,1,0,0,8,0,0.03,0.0,0.03,0.03,0.03
ENG-Premier League,2223,Crystal Palace,Michael Olise,FRA,"MF,FW",20,2001,37,31,2749,30.5,2,11,13,2,0,0,2,0,0.07,0.36,0.43,0.07,0.43
ENG-Premier League,2223,Crystal Palace,Naouirou Ahamada,FRA,MF,20,2002,8,0,94,1.0,0,0,0,0,0,0,1,0,0.0,0.0,0.0,0.0,0.0
ENG-Premier League,2223,Crystal Palace,Nathaniel Clyne,ENG,DF,31,1991,22,19,1640,18.2,0,0,0,0,0,0,3,0,0.0,0.0,0.0,0.0,0.0
ENG-Premier League,2223,Crystal Palace,Odsonne Édouard,FRA,FW,24,1998,35,20,1803,20.0,5,2,7,5,0,0,3,0,0.25,0.1,0.35,0.25,0.35
ENG-Premier League,2223,Crystal Palace,Sam Johnstone,ENG,GK,29,1993,9,9,810,9.0,0,0,0,0,0,0,1,0,0.0,0.0,0.0,0.0,0.0
ENG-Premier League,2223,Crystal Palace,Tyrick Mitchell,ENG,DF,22,1999,36,34,2891,32.1,0,2,2,0,0,0,5,1,0.0,0.06,0.06,0.0,0.06
ENG-Premier League,2223,Crystal Palace,Vicente Guaita,ESP,GK,35,1987,27,27,2430,27.0,0,0,0,0,0,0,1,0,0.0,0.0,0.0,0.0,0.0
ENG-Premier League,2223,Crystal Palace,Wilfried Zaha,CIV,"FW,MF",29,1992,27,27,2288,25.4,7,2,9,7,0,2,5,0,0.28,0.08,0.35,0.28,0.35
ENG-Premier League,2223,Crystal Palace,Will Hughes,ENG,MF,27,1995,27,7,842,9.4,1,1,2,1,0,0,4,0,0.11,0.11,0.21,0.11,0.21
ENG-Premier League,2223,Everton,Abdoulaye Doucouré,MLI,MF,29,1993,25,17,1533,17.0,5,2,7,5,0,0,6,1,0.29,0.12,0.41,0.29,0.41
ENG-Premier League,2223,Everton,Alex Iwobi,NGA,MF,26,1996,38,38,3378,37.5,2,7,9,2,0,0,2,0,0.05,0.19,0.24,0.05,0.24
ENG-Premier League,2223,Everton,Amadou Onana,BEL,MF,20,2001,33,29,2488,27.6,1,2,3,1,0,0,9,0,0.04,0.07,0.11,0.04,0.11
ENG-Premier League,2223,Everton,Anthony Gordon,ENG,"FW,MF",21,2001,16,12,1095,12.2,3,0,3,3,0,0,6,0,0.25,0.0,0.25,0.25,0.25
ENG-Premier League,2223,Everton,Asmir Begović,BIH,GK,35,1987,1,1,90,1.0,0,0,0,0,0,0,0,0,0.0,0.0,0.0,0.0,0.0
ENG-Premier League,2223,Everton,Ben Godfrey,ENG,DF,24,1998,13,10,802,8.9,0,1,1,0,0,0,2,0,0.0,0.11,0.11,0.0,0.11
ENG-Premier League,2223,Everton,Conor Coady,ENG,DF,29,1993,24,23,2096,23.3,1,1,2,1,0,0,2,0,0.04,0.04,0.09,0.04,0.09
ENG-Premier League,2223,Everton,Dele Alli,ENG,"FW,MF",26,1996,2,0,40,0.4,0,0,0,0,0,0,0,0,0.0,0.0,0.0,0.0,0.0
ENG-Premier League,2223,Everton,Demarai Gray,JAM,"FW,MF",26,1996,33,27,2507,27.9,4,1,5,2,2,2,3,0,0.14,0.04,0.18,0.07,0.11
ENG-Premier League,2223,Everton,Dominic Calvert-Lewin,ENG,FW,25,1997,17,15,1165,12.9,2,1,3,1,1,1,3,0,0.15,0.08,0.23,0.08,0.15
ENG-Premier League,2223,Everton,Dwight McNeil,ENG,"MF,FW",22,1999,36,28,2498,27.8,7,3,10,7,0,0,5,0,0.25,0.11,0.36,0.25,0.36
ENG-Premier League,2223,Everton,Ellis Simms,ENG,FW,21,2001,11,2,228,2.5,1,0,1,1,0,0,0,0,0.39,0.0,0.39,0.39,0.39
ENG-Premier League,2223,Everton,Idrissa Gueye,SEN,MF,32,1989,33,32,2577,28.6,0,1,1,0,0,0,7,0,0.0,0.03,0.03,0.0,0.03
ENG-Premier League,2223,Everton,Isaac Price,NIR,MF,18,2003,1,0,33,0.4,0,0,0,0,0,0,1,0,0.0,0.0,0.0,0.0,0.0
ENG-Premier League,2223,Everton,James Garner,ENG,MF,21,2001,16,7,804,8.9,0,1,1,0,0,0,3,0,0.0,0.11,0.11,0.0,0.11
ENG-Premier League,2223,Everton,James Tarkowski,ENG,DF,29,1992,38,38,3420,38.0,1,1,2,1,0,0,6,0,0.03,0.03,0.05,0.03,0.05
ENG-Premier League,2223,Everton,Jordan Pickford,ENG,GK,28,1994,37,37,3330,37.0,0,1,1,0,0,0,6,0,0.0,0.03,0.03,0.0,0.03
ENG-Premier League,2223,Everton,Mason Holgate,JAM,DF,25,1996,8,5,507,5.6,0,0,0,0,0,0,3,1,0.0,0.0,0.0,0.0,0.0
ENG-Premier League,2223,Everton,Michael Keane,ENG,DF,29,1993,12,10,985,10.9,1,2,3,1,0,0,0,0,0.09,0.18,0.27,0.09,0.27
ENG-Premier League,2223,Everton,Nathan Patterson,SCO,"DF,MF",20,2001,19,14,1279,14.2,0,0,0,0,0,0,3,0,0.0,0.0,0.0,0.0,0.0
ENG-Premier League,2223,Everton,Neal Maupay,FRA,FW,25,1996,27,11,1118,12.4,1,0,1,1,0,0,4,0,0.08,0.0,0.08,0.08,0.08
ENG-Premier League,2223,Everton,Rúben Vinagre,POR,"DF,MF",23,1999,2,0,26,0.3,0,0,0,0,0,0,0,0,0.0,0.0,0.0,0.0,0.0
ENG-Premier League,2223,Everton,Salomón Rondón,VEN,FW,32,1989,7,1,109,1.2,0,0,0,0,0,0,0,0,0.0,0.0,0.0,0.0,0.0
ENG-Premier League,2223,Everton,Séamus Coleman,IRL,"DF,MF",33,1988,23,20,1656,18.4,1,0,1,1,0,0,1,0,0.05,0.0,0.05,0.05,0.05
ENG-Premier League,2223,Everton,Tom Cannon,IRL,FW,19,2002,2,0,25,0.3,0,0,0,0,0,0,0,0,0.0,0.0,0.0,0.0,0.0
ENG-Premier League,2223,Everton,Tom Davies,ENG,MF,24,1998,19,4,538,6.0,0,0,0,0,0,0,3,0,0.0,0.0,0.0,0.0,0.0
ENG-Premier League,2223,Everton,Vitaliy Mykolenko,UKR,"DF,MF",23,1999,34,30,2655,29.5,0,0,0,0,0,0,4,0,0.0,0.0,0.0,0.0,0.0
ENG-Premier League,2223,Everton,Yerry Mina,COL,DF,27,1994,7,7,594,6.6,2,0,2,2,0,0,2,0,0.3,0.0,0.3,0.3,0.3
ENG-Premier League,2223,Fulham,Aleksandar Mitrović,SRB,FW,27,1994,24,23,2008,22.3,14,1,15,10,4,8,7,0,0.63,0.04,0.67,0.45,0.49
ENG-Premier League,2223,Fulham,Andreas Pereira,BRA,MF,26,1996,33,33,2692,29.9,4,6,10,3,1,1,8,0,0.13,0.2,0.33,0.1,0.3
ENG-Premier League,2223,Fulham,Antonee Robinson,USA,DF,24,1997,35,35,3088,34.3,0,1,1,0,0,0,8,0,0.0,0.03,0.03,0.0,0.03
ENG-Premier League,2223,Fulham,Bernd Leno,GER,GK,30,1992,36,36,3240,36.0,0,0,0,0,0,0,3,0,0.0,0.0,0.0,0.0,0.0
ENG-Premier League,2223,Fulham,Bobby De Cordova-Reid,JAM,"MF,DF",29,1993,36,29,2475,27.5,4,1,5,4,0,0,8,0,0.15,0.04,0.18,0.15,0.18
ENG-Premier League,2223,Fulham,Carlos Vinícius,BRA,FW,27,1995,28,11,1109,12.3,5,2,7,5,0,0,3,0,0.41,0.16,0.57,0.41,0.57
ENG-Premier League,2223,Fulham,Cédric Soares,POR,DF,30,1991,6,2,198,2.2,0,0,0,0,0,0,0,0,0.0,0.0,0.0,0.0,0.0
ENG-Premier League,2223,Fulham,Daniel James,WAL,"MF,FW",24,1997,20,5,621,6.9,2,1,3,2,0,0,0,0,0.29,0.14,0.43,0.29,0.43
ENG-Premier League,2223,Fulham,Harrison Reed,ENG,MF,27,1995,37,35,2866,31.8,3,4,7,3,0,0,5,0,0.09,0.13,0.22,0.09,0.22
ENG-Premier League,2223,Fulham,Harry Wilson,WAL,MF,25,1997,29,13,1100,12.2,2,3,5,2,0,0,1,0,0.16,0.25,0.41,0.16,0.41
ENG-Premier League,2223,Fulham,Issa Diop,MAR,DF,25,1997,25,21,2012,22.4,1,0,1,1,0,0,2,0,0.04,0.0,0.04,0.04,0.04
ENG-Premier League,2223,Fulham,Jay Stansfield,ENG,MF,19,2002,3,1,87,1.0,0,0,0,0,0,0,0,0,0.0,0.0,0.0,0.0,0.0
ENG-Premier League,2223,Fulham,Josh Onomah,ENG,"FW,MF",25,1997,2,0,15,0.2,0,0,0,0,0,0,0,0,0.0,0.0,0.0,0.0,0.0
ENG-Premier League,2223,Fulham,João Palhinha,POR,MF,27,1995,35,35,3108,34.5,3,0,3,3,0,0,14,0,0.09,0.0,0.09,0.09,0.09
ENG-Premier League,2223,Fulham,Kenny Tete,NED,DF,26,1995,31,29,2569,28.5,1,5,6,1,0,0,8,0,0.04,0.18,0.21,0.04,0.21
ENG-Premier League,2223,Fulham,Kevin Mbabu,SUI,DF,27,1995,6,1,144,1.6,0,1,1,0,0,0,1,0,0.0,0.62,0.62,0.0,0.62
ENG-Premier League,2223,Fulham,Layvin Kurzawa,FRA,DF,29,1992,3,2,135,1.5,0,0,0,0,0,0,1,0,0.0,0.0,0.0,0.0,0.0
ENG-Premier League,2223,Fulham,Luke Harris,WAL,MF,17,2005,3,0,13,0.1,0,0,0,0,0,0,0,0,0.0,0.0,0.0,0.0,0.0
ENG-Premier League,2223,Fulham,Manor Solomon,ISR,MF,23,1999,19,4,572,6.4,4,0,4,4,0,0,0,0,0.63,0.0,0.63,0.63,0.63
ENG-Premier League,2223,Fulham,Marek Rodák,SVK,GK,25,1996,2,2,180,2.0,0,0,0,0,0,0,0,0,0.0,0.0,0.0,0.0,0.0
ENG-Premier League,2223,Fulham,Nathaniel Chalobah,ENG,MF,27,1994,4,1,12,0.1,0,0,0,0,0,0,0,1,0.0,0.0,0.0,0.0,0.0
ENG-Premier League,2223,Fulham,Neeskens Kebano,COD,MF,30,1992,17,9,764,8.5,0,3,3,0,0,0,0,0,0.0,0.35,0.35,0.0,0.35
ENG-Premier League,2223,Fulham,Saša Lukić,SRB,MF,25,1996,12,4,412,4.6,0,0,0,0,0,0,1,0,0.0,0.0,0.0,0.0,0.0
ENG-Premier League,2223,Fulham,Shane Duffy,IRL,"DF,MF",30,1992,5,0,20,0.2,0,0,0,0,0,0,0,0,0.0,0.0,0.0,0.0,0.0
ENG-Premier League,2223,Fulham,Tim Ream,USA,DF,34,1987,33,33,2897,32.2,1,0,1,1,0,0,2,0,0.03,0.0,0.03,0.03,0.03
ENG-Premier League,2223,Fulham,Tom Cairney,SCO,MF,31,1991,33,6,988,11.0,2,0,2,2,0,0,2,0,0.18,0.0,0.18,0.18,0.18
ENG-Premier League,2223,Fulham,Tosin Adarabioyo,ENG,DF,24,1997,25,23,2085,23.2,1,0,1,1,0,0,4,0,0.04,0.0,0.04,0.04,0.04
ENG-Premier League,2223,Fulham,Tyrese Francois,AUS,MF,22,2000,1,0,1,0.0,0,0,0,0,0,0,0,0,0.0,0.0,0.0,0.0,0.0
ENG-Premier League,2223,Fulham,Willian,BRA,MF,33,1988,27,25,2126,23.6,5,5,10,5,0,0,2,0,0.21,0.21,0.42,0.21,0.42
ENG-Premier League,2223,Leeds United,Adam Forshaw,ENG,MF,30,1991,12,5,479,5.3,0,0,0,0,0,0,0,0,0.0,0.0,0.0,0.0,0.0
ENG-Premier League,2223,Leeds United,Brenden Aaronson,USA,MF,21,2000,36,28,2372,26.4,1,3,4,1,0,0,2,0,0.04,0.11,0.15,0.04,0.15
ENG-Premier League,2223,Leeds United,Cody Drameh,ENG,DF,20,2001,1,1,69,0.8,0,0,0,0,0,0,0,0,0.0,0.0,0.0,0.0,0.0
ENG-Premier League,2223,Leeds United,Crysencio Summerville,NED,"MF,FW",20,2001,28,12,1426,15.8,4,2,6,4,0,0,4,0,0.25,0.13,0.38,0.25,0.38
ENG-Premier League,2223,Leeds United,Daniel James,WAL,MF,24,1997,4,2,198,2.2,0,0,0,0,0,0,0,0,0.0,0.0,0.0,0.0,0.0
ENG-Premier League,2223,Leeds United,Darko Gyabi,ENG,MF,18,2004,1,0,8,0.1,0,0,0,0,0,0,0,0,0.0,0.0,0.0,0.0,0.0
ENG-Premier League,2223,Leeds United,Diego Llorente,ESP,DF,28,1993,8,7,649,7.2,0,0,0,0,0,0,1,0,0.0,0.0,0.0,0.0,0.0
ENG-Premier League,2223,Leeds United,Georginio Rutter,FRA,FW,20,2002,11,1,273,3.0,0,1,1,0,0,0,0,0,0.0,0.33,0.33,0.0,0.33
ENG-Premier League,2223,Leeds United,Illan Meslier,FRA,GK,22,2000,34,34,3060,34.0,0,0,0,0,0,0,3,0,0.0,0.0,0.0,0.0,0.0
ENG-Premier League,2223,Leeds United,Jack Harrison,ENG,MF,25,1996,36,34,2708,30.1,5,7,12,5,0,0,2,0,0.17,0.23,0.4,0.17,0.4
ENG-Premier League,2223,Leeds United,Joe Gelhardt,ENG,FW,20,2002,15,1,212,2.4,0,2,2,0,0,0,1,0,0.0,0.85,0.85,0.0,0.85
ENG-Premier League,2223,Leeds United,Joel Robles,ESP,GK,32,1990,4,4,360,4.0,0,0,0,0,0,0,1,0,0.0,0.0,0.0,0.0,0.0
ENG-Premier League,2223,Leeds United,Junior Firpo,DOM,DF,25,1996,19,14,1368,15.2,1,1,2,1,0,0,6,1,0.07,0.07,0.13,0.07,0.13
ENG-Premier League,2223,Leeds United,Liam Cooper,SCO,DF,30,1991,18,16,1426,15.8,1,0,1,1,0,0,5,0,0.06,0.0,0.06,0.06,0.06
ENG-Premier League,2223,Leeds United,Luis Sinisterra,COL,MF,23,1999,19,13,867,9.6,5,0,5,5,0,0,3,1,0.52,0.0,0.52,0.52,0.52
ENG-Premier League,2223,Leeds United,Luke Ayling,ENG,DF,30,1991,29,22,2054,22.8,2,1,3,2,0,0,3,0,0.09,0.04,0.13,0.09,0.13
ENG-Premier League,2223,Leeds United,Marc Roca,ESP,MF,25,1996,32,29,2315,25.7,1,2,3,1,0,0,7,0,0.04,0.08,0.12,0.04,0.12
ENG-Premier League,2223,Leeds United,Mateo Joseph,ESP,FW,18,2003,3,0,26,0.3,0,0,0,0,0,0,0,0,0.0,0.0,0.0,0.0,0.0
ENG-Premier League,2223,Leeds United,Mateusz Klich,POL,MF,32,1990,14,0,280,3.1,0,0,0,0,0,0,2,0,0.0,0.0,0.0,0.0,0.0
ENG-Premier League,2223,Leeds United,Maximilian Wöber,AUT,DF,24,1998,16,14,1266,14.1,0,0,0,0,0,0,3,0,0.0,0.0,0.0,0.0,0.0
ENG-Premier League,2223,Leeds United,Pascal Struijk,NED,DF,22,1999,29,26,2200,24.4,2,1,3,2,0,0,5,0,0.08,0.04,0.12,0.08,0.12
ENG-Premier League,2223,Leeds United,Patrick Bamford,ENG,FW,28,1993,28,18,1515,16.8,4,2,6,4,0,2,3,0,0.24,0.12,0.36,0.24,0.36
ENG-Premier League,2223,Leeds United,Rasmus Kristensen,DEN,DF,25,1997,26,21,1960,21.8,3,1,4,3,0,0,4,0,0.14,0.05,0.18,0.14,0.18
ENG-Premier League,2223,Leeds United,Robin Koch,GER,DF,26,1996,36,36,3175,35.3,0,0,0,0,0,0,7,0,0.0,0.0,0.0,0.0,0.0
ENG-Premier League,2223,Leeds United,Rodrigo,ESP,"FW,MF",31,1991,31,23,1935,21.5,13,1,14,12,1,1,6,0,0.6,0.05,0.65,0.56,0.6
ENG-Premier League,2223,Leeds United,Sam Greenwood,ENG,MF,20,2002,18,3,424,4.7,1,2,3,1,0,0,1,0,0.21,0.42,0.64,0.21,0.64
ENG-Premier League,2223,Leeds United,Tyler Adams,USA,MF,23,1999,24,24,2156,24.0,0,0,0,0,0,0,6,1,0.0,0.0,0.0,0.0,0.0
ENG-Premier League,2223,Leeds United,Weston McKennie,USA,MF,23,1998,19,16,1437,16.0,0,1,1,0,0,0,7,0,0.0,0.06,0.06,0.0,0.06
ENG-Premier League,2223,Leeds United,Wilfried Gnonto,ITA,"MF,FW",18,2003,24,14,1354,15.0,2,4,6,2,0,0,7,0,0.13,0.27,0.4,0.13,0.4
ENG-Premier League,2223,Leicester City,Ayoze Pérez,ESP,MF,29,1993,8,3,382,4.2,0,1,1,0,0,0,0,0,0.0,0.24,0.24,0.0,0.24
ENG-Premier League,2223,Leicester City,Boubakary Soumaré,FRA,MF,23,1999,26,20,1629,18.1,0,0,0,0,0,0,9,0,0.0,0.0,0.0,0.0,0.0
ENG-Premier League,2223,Leicester City,Daniel Amartey,GHA,DF,27,1994,20,18,1610,17.9,0,0,0,0,0,0,1,0,0.0,0.0,0.0,0.0,0.0
ENG-Premier League,2223,Leicester City,Daniel Iversen,DEN,GK,25,1997,12,12,1080,12.0,0,0,0,0,0,0,0,0,0.0,0.0,0.0,0.0,0.0
ENG-Premier League,2223,Leicester City,Danny Ward,WAL,GK,29,1993,26,26,2340,26.0,0,0,0,0,0,0,0,0,0.0,0.0,0.0,0.0,0.0
ENG-Premier League,2223,Leicester City,Dennis Praet,BEL,MF,28,1994,22,6,649,7.2,1,0,1,1,0,0,1,0,0.14,0.0,0.14,0.14,0.14
ENG-Premier League,2223,Leicester City,Harry Souttar,AUS,DF,23,1998,12,11,992,11.0,0,1,1,0,0,0,2,0,0.0,0.09,0.09,0.0,0.09
ENG-Premier League,2223,Leicester City,Harvey Barnes,ENG,"MF,FW",24,1997,34,32,2711,30.1,13,1,14,13,0,0,3,0,0.43,0.03,0.46,0.43,0.46
ENG-Premier League,2223,Leicester City,James Justin,ENG,"DF,MF",24,1998,14,14,1252,13.9,0,0,0,0,0,0,0,0,0.0,0.0,0.0,0.0,0.0
ENG-Premier League,2223,Leicester City,James Maddison,ENG,"MF,FW",25,1996,30,28,2480,27.6,10,9,19,9,1,2,10,0,0.36,0.33,0.69,0.33,0.65
ENG-Premier League,2223,Leicester City,Jamie Vardy,ENG,FW,35,1987,37,19,1857,20.6,3,4,7,3,0,1,1,0,0.15,0.19,0.34,0.15,0.34
ENG-Premier League,2223,Leicester City,Jonny Evans,NIR,DF,34,1988,13,12,1051,11.7,0,0,0,0,0,0,1,0,0.0,0.0,0.0,0.0,0.0
ENG-Premier League,2223,Leicester City,Kelechi Iheanacho,NGA,FW,25,1996,28,11,1127,12.5,5,5,10,4,1,1,0,0,0.4,0.4,0.8,0.32,0.72
ENG-Premier League,2223,Leicester City,Kiernan Dewsbury-Hall,ENG,MF,23,1998,31,28,2306,25.6,2,2,4,2,0,0,5,1,0.08,0.08,0.16,0.08,0.16
ENG-Premier League,2223,Leicester City,Lewis Brunt,ENG,"DF,MF",21,2000,1,0,23,0.3,0,0,0,0,0,0,0,0,0.0,0.0,0.0,0.0,0.0
ENG-Premier League,2223,Leicester City,Luke Thomas,ENG,DF,21,2001,17,11,1073,11.9,0,0,0,0,0,0,3,0,0.0,0.0,0.0,0.0,0.0
ENG-Premier League,2223,Leicester City,Marc Albrighton,ENG,MF,32,1989,6,1,237,2.6,1,0,1,1,0,0,0,0,0.38,0.0,0.38,0.38,0.38
ENG-Premier League,2223,Leicester City,Nampalys Mendy,SEN,MF,30,1992,19,7,757,8.4,1,0,1,1,0,0,1,0,0.12,0.0,0.12,0.12,0.12
ENG-Premier League,2223,Leicester City,Patson Daka,ZAM,FW,23,1998,30,13,1187,13.2,4,4,8,4,0,0,2,0,0.3,0.3,0.61,0.3,0.61
ENG-Premier League,2223,Leicester City,Ricardo Pereira,POR,"DF,MF",28,1993,10,5,454,5.0,1,1,2,1,0,0,2,0,0.2,0.2,0.4,0.2,0.4
ENG-Premier League,2223,Leicester City,Tetê,BRA,"MF,FW",22,2000,13,9,734,8.2,1,0,1,1,0,0,0,0,0.12,0.0,0.12,0.12,0.12
ENG-Premier League,2223,Leicester City,Timothy Castagne,BEL,"DF,MF",26,1995,37,36,3254,36.2,2,3,5,2,0,0,3,0,0.06,0.08,0.14,0.06,0.14
ENG-Premier League,2223,Leicester City,Victor Bernth Kristiansen,DEN,DF,19,2002,12,11,892,9.9,0,1,1,0,0,0,2,0,0.0,0.1,0.1,0.0,0.1
ENG-Premier League,2223,Leicester City,Wesley Fofana,FRA,DF,21,2000,2,2,180,2.0,0,0,0,0,0,0,1,0,0.0,0.0,0.0,0.0,0.0
ENG-Premier League,2223,Leicester City,Wilfred Ndidi,NGA,"MF,DF",25,1996,27,19,1679,18.7,0,0,0,0,0,0,4,0,0.0,0.0,0.0,0.0,0.0
ENG-Premier League,2223,Leicester City,Wout Faes,BEL,DF,24,1998,31,31,2786,31.0,1,2,3,1,0,0,6,1,0.03,0.06,0.1,0.03,0.1
ENG-Premier League,2223,Leicester City,Youri Tielemans,BEL,MF,25,1997,31,27,2344,26.0,3,2,5,2,1,2,4,0,0.12,0.08,0.19,0.08,0.15
ENG-Premier League,2223,Leicester City,Çağlar Söyüncü,TUR,DF,26,1996,7,6,529,5.9,1,0,1,1,0,0,2,0,0.17,0.0,0.17,0.17,0.17
ENG-Premier League,2223,Liverpool,Alex Oxlade-Chamberlain,ENG,FW,28,1993,9,4,335,3.7,1,0,1,1,0,0,0,0,0.27,0.0,0.27,0.27,0.27
ENG-Premier League,2223,Liverpool,Alisson,BRA,GK,29,1992,37,37,3330,37.0,0,1,1,0,0,0,1,0,0.0,0.03,0.03,0.0,0.03
ENG-Premier League,2223,Liverpool,Andy Robertson,SCO,DF,28,1994,34,29,2583,28.7,0,8,8,0,0,0,3,0,0.0,0.28,0.28,0.0,0.28
ENG-Premier League,2223,Liverpool,Ben Gannon-Doak,SCO,MF,16,2005,2,0,26,0.3,0,0,0,0,0,0,0,0,0.0,0.0,0.0,0.0,0.0
ENG-Premier League,2223,Liverpool,Bobby Clark,ENG,MF,17,2005,1,0,8,0.1,0,0,0,0,0,0,0,0,0.0,0.0,0.0,0.0,0.0
ENG-Premier League,2223,Liverpool,Caoimhín Kelleher,IRL,GK,23,1998,1,1,90,1.0,0,0,0,0,0,0,0,0,0.0,0.0,0.0,0.0,0.0
ENG-Premier League,2223,Liverpool,Cody Gakpo,NED,FW,23,1999,21,17,1458,16.2,7,2,9,7,0,0,0,0,0.43,0.12,0.56,0.43,0.56
ENG-Premier League,2223,Liverpool,Curtis Jones,ENG,MF,21,2001,18,12,1035,11.5,3,1,4,3,0,0,2,0,0.26,0.09,0.35,0.26,0.35
ENG-Premier League,2223,Liverpool,Darwin Núñez,URU,FW,23,1999,29,19,1695,18.8,9,3,12,9,0,0,1,1,0.48,0.16,0.64,0.48,0.64
ENG-Premier League,2223,Liverpool,Diogo Jota,POR,"FW,MF",25,1996,22,12,1131,12.6,7,4,11,7,0,0,2,0,0.56,0.32,0.88,0.56,0.88
ENG-Premier League,2223,Liverpool,Fabinho,BRA,MF,28,1993,36,31,2671,29.7,0,2,2,0,0,0,11,0,0.0,0.07,0.07,0.0,0.07
ENG-Premier League,2223,Liverpool,Fabio Carvalho,POR,"MF,FW",19,2002,13,4,347,3.9,2,0,2,2,0,0,0,0,0.52,0.0,0.52,0.52,0.52
ENG-Premier League,2223,Liverpool,Harvey Elliott,ENG,MF,19,2003,32,18,1613,17.9,1,2,3,1,0,0,2,0,0.06,0.11,0.17,0.06,0.17
ENG-Premier League,2223,Liverpool,Ibrahima Konaté,FRA,DF,23,1999,18,17,1552,17.2,0,0,0,0,0,0,5,0,0.0,0.0,0.0,0.0,0.0
ENG-Premier League,2223,Liverpool,James Milner,ENG,"MF,DF",36,1986,31,7,913,10.1,0,1,1,0,0,0,2,0,0.0,0.1,0.1,0.0,0.1
ENG-Premier League,2223,Liverpool,Joe Gomez,ENG,DF,25,1997,21,15,1466,16.3,0,0,0,0,0,0,3,0,0.0,0.0,0.0,0.0,0.0
ENG-Premier League,2223,Liverpool,Jordan Henderson,ENG,MF,32,1990,35,23,2074,23.0,0,2,2,0,0,0,2,0,0.0,0.09,0.09,0.0,0.09
ENG-Premier League,2223,Liverpool,Joël Matip,CMR,DF,30,1991,14,12,1092,12.1,1,0,1,1,0,0,3,0,0.08,0.0,0.08,0.08,0.08
ENG-Premier League,2223,Liverpool,Kostas Tsimikas,GRE,DF,26,1996,20,9,771,8.6,0,4,4,0,0,0,3,0,0.0,0.47,0.47,0.0,0.47
ENG-Premier League,2223,Liverpool,Luis Díaz,COL,FW,25,1997,17,11,996,11.1,4,2,6,4,0,0,2,0,0.36,0.18,0.54,0.36,0.54
ENG-Premier League,2223,Liverpool,Mohamed Salah,EGY,FW,30,1992,38,37,3290,36.6,19,12,31,17,2,4,2,0,0.52,0.33,0.85,0.47,0.79
ENG-Premier League,2223,Liverpool,Naby Keïta,GUI,MF,27,1995,8,3,293,3.3,0,0,0,0,0,0,1,0,0.0,0.0,0.0,0.0,0.0
ENG-Premier League,2223,Liverpool,Nathaniel Phillips,ENG,DF,25,1997,2,1,66,0.7,0,0,0,0,0,0,0,0,0.0,0.0,0.0,0.0,0.0
ENG-Premier League,2223,Liverpool,Roberto Firmino,BRA,FW,30,1991,25,13,1213,13.5,11,4,15,11,0,0,0,0,0.82,0.3,1.11,0.82,1.11
ENG-Premier League,2223,Liverpool,Stefan Bajcetic,ESP,MF,17,2004,11,6,526,5.8,1,0,1,1,0,0,2,0,0.17,0.0,0.17,0.17,0.17
ENG-Premier League,2223,Liverpool,Thiago Alcántara,ESP,MF,31,1991,18,14,1254,13.9,0,0,0,0,0,0,2,0,0.0,0.0,0.0,0.0,0.0
ENG-Premier League,2223,Liverpool,Trent Alexander-Arnold,ENG,DF,23,1998,37,34,2923,32.5,2,9,11,2,0,0,5,0,0.06,0.28,0.34,0.06,0.34
ENG-Premier League,2223,Liverpool,Virgil van Dijk,NED,DF,31,1991,32,32,2835,31.5,3,1,4,3,0,0,3,0,0.1,0.03,0.13,0.1,0.13
ENG-Premier League,2223,Manchester City,Aymeric Laporte,ESP,"DF,MF",28,1994,12,11,993,11.0,0,0,0,0,0,0,0,0,0.0,0.0,0.0,0.0,0.0
ENG-Premier League,2223,Manchester City,Bernardo Silva,POR,"MF,FW",27,1994,34,24,2205,24.5,4,5,9,4,0,0,5,0,0.16,0.2,0.37,0.16,0.37
ENG-Premier League,2223,Manchester City,Cole Palmer,ENG,"MF,FW",20,2002,14,2,370,4.1,0,1,1,0,0,0,1,0,0.0,0.24,0.24,0.0,0.24
ENG-Premier League,2223,Manchester City,Ederson Moraes,BRA,GK,28,1993,35,35,3150,35.0,0,1,1,0,0,0,3,0,0.0,0.03,0.03,0.0,0.03
ENG-Premier League,2223,Manchester City,Erling Haaland,NOR,"FW,MF",22,2000,35,33,2769,30.8,36,8,44,29,7,7,5,0,1.17,0.26,1.43,0.94,1.2
ENG-Premier League,2223,Manchester City,Jack Grealish,ENG,"FW,MF",26,1995,28,23,2055,22.8,5,7,12,5,0,0,4,0,0.22,0.31,0.53,0.22,0.53
ENG-Premier League,2223,Manchester City,John Stones,ENG,"DF,MF",28,1994,23,21,1846,20.5,2,2,4,2,0,0,2,0,0.1,0.1,0.2,0.1,0.2
ENG-Premier League,2223,Manchester City,João Cancelo,POR,DF,28,1994,17,16,1274,14.2,2,1,3,2,0,0,3,1,0.14,0.07,0.21,0.14,0.21
ENG-Premier League,2223,Manchester City,Julián Álvarez,ARG,"MF,FW",22,2000,31,13,1465,16.3,9,0,9,8,1,1,0,0,0.55,0.0,0.55,0.49,0.49
ENG-Premier League,2223,Manchester City,Kalvin Phillips,ENG,"MF,DF",26,1995,12,2,300,3.3,0,0,0,0,0,0,1,0,0.0,0.0,0.0,0.0,0.0
ENG-Premier League,2223,Manchester City,Kevin De Bruyne,BEL,MF,31,1991,32,28,2417,26.9,7,16,23,7,0,0,1,0,0.26,0.6,0.86,0.26,0.86
ENG-Premier League,2223,Manchester City,Kyle Walker,ENG,"DF,MF",32,1990,27,22,1958,21.8,0,0,0,0,0,0,3,0,0.0,0.0,0.0,0.0,0.0
ENG-Premier League,2223,Manchester City,Manuel Akanji,SUI,"DF,MF",27,1995,29,24,2287,25.4,0,1,1,0,0,0,2,0,0.0,0.04,0.04,0.0,0.04
ENG-Premier League,2223,Manchester City,Máximo Perrone,ARG,MF,19,2003,1,0,19,0.2,0,0,0,0,0,0,0,0,0.0,0.0,0.0,0.0,0.0
ENG-Premier League,2223,Manchester City,Nathan Aké,NED,DF,27,1995,26,22,1873,20.8,1,0,1,1,0,0,2,0,0.05,0.0,0.05,0.05,0.05
ENG-Premier League,2223,Manchester City,Phil Foden,ENG,"FW,MF",22,2000,32,22,1842,20.5,11,6,17,11,0,0,1,0,0.54,0.29,0.83,0.54,0.83
ENG-Premier League,2223,Manchester City,Rico Lewis,ENG,"DF,MF",17,2004,14,10,903,10.0,0,0,0,0,0,0,1,0,0.0,0.0,0.0,0.0,0.0
ENG-Premier League,2223,Manchester City,Riyad Mahrez,ALG,"MF,FW",31,1991,30,22,1920,21.3,5,10,15,4,1,1,2,0,0.23,0.47,0.7,0.19,0.66
ENG-Premier League,2223,Manchester City,Rodri,ESP,"MF,DF",26,1996,36,34,2911,32.3,2,6,8,2,0,0,5,0,0.06,0.19,0.25,0.06,0.25
ENG-Premier League,2223,Manchester City,Rúben Dias,POR,"DF,MF",25,1997,26,22,1998,22.2,0,0,0,0,0,0,3,0,0.0,0.0,0.0,0.0,0.0
ENG-Premier League,2223,Manchester City,Sergio Gómez,ESP,"MF,FW",21,2000,12,2,349,3.9,0,1,1,0,0,0,0,0,0.0,0.26,0.26,0.0,0.26
ENG-Premier League,2223,Manchester City,Shea Charles,NIR,"DF,MF",18,2003,1,0,28,0.3,0,0,0,0,0,0,0,0,0.0,0.0,0.0,0.0,0.0
ENG-Premier League,2223,Manchester City,Stefan Ortega,GER,GK,29,1992,3,3,270,3.0,0,0,0,0,0,0,0,0,0.0,0.0,0.0,0.0,0.0
ENG-Premier League,2223,Manchester City,İlkay Gündoğan,GER,MF,31,1990,31,27,2353,26.1,8,4,12,8,0,1,0,0,0.31,0.15,0.46,0.31,0.46
ENG-Premier League,2223,Manchester Utd,Aaron Wan-Bissaka,COD,DF,24,1997,19,16,1435,15.9,0,0,0,0,0,0,2,0,0.0,0.0,0.0,0.0,0.0
ENG-Premier League,2223,Manchester Utd,Alejandro Garnacho,ARG,MF,18,2004,19,5,569,6.3,3,2,5,3,0,0,3,0,0.47,0.32,0.79,0.47,0.79
ENG-Premier League,2223,Manchester Utd,Anthony Elanga,SWE,MF,20,2002,16,5,426,4.7,0,1,1,0,0,0,0,0,0.0,0.21,0.21,0.0,0.21
ENG-Premier League,2223,Manchester Utd,Anthony Martial,FRA,FW,26,1995,21,11,978,10.9,6,2,8,5,1,1,0,0,0.55,0.18,0.74,0.46,0.64
ENG-Premier League,2223,Manchester Utd,Antony,BRA,MF,22,2000,25,23,1802,20.0,4,2,6,4,0,0,5,0,0.2,0.1,0.3,0.2,0.3
ENG-Premier League,2223,Manchester Utd,Bruno Fernandes,POR,MF,27,1994,37,37,3316,36.8,8,8,16,6,2,2,6,0,0.22,0.22,0.43,0.16,0.38
ENG-Premier League,2223,Manchester Utd,Casemiro,BRA,MF,30,1992,28,24,2124,23.6,4,3,7,4,0,0,7,2,0.17,0.13,0.3,0.17,0.3
ENG-Premier League,2223,Manchester Utd,Christian Eriksen,DEN,MF,30,1992,28,25,2048,22.8,1,8,9,1,0,0,3,0,0.04,0.35,0.4,0.04,0.4
ENG-Premier League,2223,Manchester Utd,Cristiano Ronaldo,POR,FW,37,1985,10,4,525,5.8,1,0,1,1,0,0,2,0,0.17,0.0,0.17,0.17,0.17
ENG-Premier League,2223,Manchester Utd,David de Gea,ESP,GK,31,1990,38,38,3420,38.0,0,0,0,0,0,0,0,0,0.0,0.0,0.0,0.0,0.0
ENG-Premier League,2223,Manchester Utd,Diogo Dalot,POR,DF,23,1999,26,24,2154,23.9,1,2,3,1,0,0,6,0,0.04,0.08,0.13,0.04,0.13
ENG-Premier League,2223,Manchester Utd,Donny van de Beek,NED,MF,25,1997,7,2,167,1.9,0,0,0,0,0,0,0,0,0.0,0.0,0.0,0.0,0.0
ENG-Premier League,2223,Manchester Utd,Facundo Pellistri,URU,"FW,MF",20,2001,4,0,64,0.7,0,0,0,0,0,0,0,0,0.0,0.0,0.0,0.0,0.0
ENG-Premier League,2223,Manchester Utd,Fred,BRA,MF,29,1993,35,12,1249,13.9,2,2,4,2,0,0,6,0,0.14,0.14,0.29,0.14,0.29
ENG-Premier League,2223,Manchester Utd,Harry Maguire,ENG,DF,29,1993,16,8,767,8.5,0,0,0,0,0,0,4,0,0.0,0.0,0.0,0.0,0.0
ENG-Premier League,2223,Manchester Utd,Jadon Sancho,ENG,MF,22,2000,26,21,1686,18.7,6,3,9,6,0,0,0,0,0.32,0.16,0.48,0.32,0.48
ENG-Premier League,2223,Manchester Utd,Kobbie Mainoo,ENG,MF,17,2005,1,0,11,0.1,0,0,0,0,0,0,0,0,0.0,0.0,0.0,0.0,0.0
ENG-Premier League,2223,Manchester Utd,Lisandro Martínez,ARG,DF,24,1998,27,24,2114,23.5,1,0,1,1,0,0,6,0,0.04,0.0,0.04,0.04,0.04
ENG-Premier League,2223,Manchester Utd,Luke Shaw,ENG,DF,27,1995,31,30,2552,28.4,1,2,3,1,0,0,8,0,0.04,0.07,0.11,0.04,0.11
ENG-Premier League,2223,Manchester Utd,Marcel Sabitzer,AUT,MF,28,1994,11,7,627,7.0,0,1,1,0,0,0,1,0,0.0,0.14,0.14,0.0,0.14
ENG-Premier League,2223,Manchester Utd,Marcus Rashford,ENG,"FW,MF",24,1997,35,32,2879,32.0,17,5,22,17,0,0,2,0,0.53,0.16,0.69,0.53,0.69
ENG-Premier League,2223,Manchester Utd,Raphaël Varane,FRA,DF,29,1993,24,22,1911,21.2,0,0,0,0,0,0,1,0,0.0,0.0,0.0,0.0,0.0
ENG-Premier League,2223,Manchester Utd,Scott McTominay,SCO,MF,25,1996,24,10,1160,12.9,1,0,1,1,0,0,8,0,0.08,0.0,0.08,0.08,0.08
ENG-Premier League,2223,Manchester Utd,Tyrell Malacia,NED,DF,22,1999,22,14,1396,15.5,0,0,0,0,0,0,6,0,0.0,0.0,0.0,0.0,0.0
ENG-Premier League,2223,Manchester Utd,Victor Lindelöf,SWE,DF,28,1994,20,14,1365,15.2,0,0,0,0,0,0,1,0,0.0,0.0,0.0,0.0,0.0
ENG-Premier League,2223,Manchester Utd,Wout Weghorst,NED,"FW,MF",29,1992,17,10,797,8.9,0,1,1,0,0,0,1,0,0.0,0.11,0.11,0.0,0.11
ENG-Premier League,2223,Newcastle,Alexander Isak,SWE,FW,22,1999,22,17,1522,16.9,10,1,11,8,2,2,3,0,0.59,0.06,0.65,0.47,0.53
ENG-Premier League,2223,Newcastle,Allan Saint-Maximin,FRA,FW,25,1997,25,12,1120,12.4,1,5,6,1,0,0,1,0,0.08,0.4,0.48,0.08,0.48
ENG-Premier League,2223,Newcastle,Anthony Gordon,ENG,"FW,MF",21,2001,16,4,487,5.4,1,0,1,1,0,0,1,0,0.18,0.0,0.18,0.18,0.18
ENG-Premier League,2223,Newcastle,Bruno Guimarães,BRA,MF,24,1997,32,32,2726,30.3,4,5,9,4,0,0,7,0,0.13,0.17,0.3,0.13,0.3
ENG-Premier League,2223,Newcastle,Callum Wilson,ENG,FW,30,1992,31,21,1877,20.9,18,5,23,15,3,3,4,0,0.86,0.24,1.1,0.72,0.96
ENG-Premier League,2223,Newcastle,Chris Wood,NZL,FW,30,1991,18,4,446,5.0,2,0,2,1,1,1,0,0,0.4,0.0,0.4,0.2,0.2
ENG-Premier League,2223,Newcastle,Dan Burn,ENG,DF,30,1992,38,35,3111,34.6,1,0,1,1,0,0,5,0,0.03,0.0,0.03,0.03,0.03
ENG-Premier League,2223,Newcastle,Elliot Anderson,ENG,MF,19,2002,22,3,410,4.6,0,1,1,0,0,0,0,0,0.0,0.22,0.22,0.0,0.22
ENG-Premier League,2223,Newcastle,Emil Krafth,SWE,DF,27,1994,1,0,1,0.0,0,0,0,0,0,0,0,0,0.0,0.0,0.0,0.0,0.0
ENG-Premier League,2223,Newcastle,Fabian Schär,SUI,DF,30,1991,36,36,3206,35.6,1,3,4,1,0,0,7,0,0.03,0.08,0.11,0.03,0.11
ENG-Premier League,2223,Newcastle,Jacob Murphy,ENG,FW,27,1995,36,14,1251,13.9,4,2,6,4,0,0,0,0,0.29,0.14,0.43,0.29,0.43
ENG-Premier League,2223,Newcastle,Jamaal Lascelles,ENG,DF,28,1993,7,2,218,2.4,0,0,0,0,0,0,4,0,0.0,0.0,0.0,0.0,0.0
ENG-Premier League,2223,Newcastle,Jamal Lewis,NIR,"DF,MF",24,1998,2,0,11,0.1,0,0,0,0,0,0,0,0,0.0,0.0,0.0,0.0,0.0
ENG-Premier League,2223,Newcastle,Javier Manquillo,ESP,DF,28,1994,4,0,37,0.4,0,0,0,0,0,0,0,0,0.0,0.0,0.0,0.0,0.0
ENG-Premier League,2223,Newcastle,Joe Willock,ENG,MF,22,1999,35,31,2558,28.4,3,6,9,3,0,0,1,0,0.11,0.21,0.32,0.11,0.32
ENG-Premier League,2223,Newcastle,Joelinton,BRA,"MF,FW",25,1996,32,30,2661,29.6,6,1,7,6,0,0,12,0,0.2,0.03,0.24,0.2,0.24
ENG-Premier League,2223,Newcastle,Jonjo Shelvey,ENG,MF,30,1992,3,0,37,0.4,0,0,0,0,0,0,0,0,0.0,0.0,0.0,0.0,0.0
ENG-Premier League,2223,Newcastle,Kieran Trippier,ENG,DF,31,1990,38,38,3341,37.1,1,7,8,1,0,0,5,0,0.03,0.19,0.22,0.03,0.22
ENG-Premier League,2223,Newcastle,Lewis Miley,ENG,MF,16,2006,1,0,15,0.2,0,0,0,0,0,0,0,0,0.0,0.0,0.0,0.0,0.0
ENG-Premier League,2223,Newcastle,Martin Dúbravka,SVK,GK,33,1989,2,1,157,1.7,0,0,0,0,0,0,0,0,0.0,0.0,0.0,0.0,0.0
ENG-Premier League,2223,Newcastle,Matt Ritchie,SCO,"DF,MF",32,1989,7,0,39,0.4,0,0,0,0,0,0,0,0,0.0,0.0,0.0,0.0,0.0
ENG-Premier League,2223,Newcastle,Matt Targett,ENG,DF,26,1995,17,6,610,6.8,0,0,0,0,0,0,1,0,0.0,0.0,0.0,0.0,0.0
ENG-Premier League,2223,Newcastle,Miguel Almirón,PAR,FW,28,1994,34,29,2491,27.7,11,2,13,11,0,0,2,0,0.4,0.07,0.47,0.4,0.47
ENG-Premier League,2223,Newcastle,Nick Pope,ENG,GK,30,1992,37,37,3261,36.2,0,0,0,0,0,0,3,1,0.0,0.0,0.0,0.0,0.0
ENG-Premier League,2223,Newcastle,Ryan Fraser,SCO,FW,28,1994,8,3,313,3.5,0,0,0,0,0,0,1,0,0.0,0.0,0.0,0.0,0.0
ENG-Premier League,2223,Newcastle,Sean Longstaff,ENG,MF,24,1997,33,28,2518,28.0,1,4,5,1,0,0,2,0,0.04,0.14,0.18,0.04,0.18
ENG-Premier League,2223,Newcastle,Sven Botman,NED,DF,22,2000,36,35,3127,34.7,0,0,0,0,0,0,2,0,0.0,0.0,0.0,0.0,0.0
ENG-Premier League,2223,Nottingham,Alex Mighten,ENG,"FW,MF",20,2002,1,0,8,0.1,0,0,0,0,0,0,0,0,0.0,0.0,0.0,0.0,0.0
ENG-Premier League,2223,Nottingham,André Ayew,GHA,FW,32,1989,13,1,316,3.5,0,0,0,0,0,1,1,0,0.0,0.0,0.0,0.0,0.0
ENG-Premier League,2223,Nottingham,Brennan Johnson,WAL,"FW,MF",21,2001,38,33,2934,32.6,8,3,11,7,1,3,6,0,0.25,0.09,0.34,0.21,0.31
ENG-Premier League,2223,Nottingham,Cafú,POR,MF,29,1993,1,0,7,0.1,0,0,0,0,0,0,0,0,0.0,0.0,0.0,0.0,0.0
ENG-Premier League,2223,Nottingham,Cheikhou Kouyaté,SEN,"MF,DF",32,1989,21,10,882,9.8,1,0,1,1,0,0,3,0,0.1,0.0,0.1,0.1,0.1
ENG-Premier League,2223,Nottingham,Chris Wood,NZL,FW,30,1991,7,5,372,4.1,1,0,1,1,0,0,0,0,0.24,0.0,0.24,0.24,0.24
ENG-Premier League,2223,Nottingham,Danilo Santos,BRA,MF,21,2001,13,12,976,10.8,3,2,5,3,0,0,1,0,0.28,0.18,0.46,0.28,0.46
ENG-Premier League,2223,Nottingham,Dean Henderson,ENG,GK,25,1997,18,18,1620,18.0,0,0,0,0,0,0,2,0,0.0,0.0,0.0,0.0,0.0
ENG-Premier League,2223,Nottingham,Emmanuel Dennis,NGA,"MF,FW",24,1997,19,6,720,8.0,2,2,4,2,0,0,3,0,0.25,0.25,0.5,0.25,0.5
ENG-Premier League,2223,Nottingham,Felipe,BRA,DF,33,1989,16,15,1418,15.8,0,1,1,0,0,0,4,0,0.0,0.06,0.06,0.0,0.06
ENG-Premier League,2223,Nottingham,Giulian Biancone,FRA,"DF,MF",22,2000,2,0,17,0.2,0,0,0,0,0,0,0,0,0.0,0.0,0.0,0.0,0.0
ENG-Premier League,2223,Nottingham,Gustavo Scarpa,BRA,MF,28,1994,6,2,181,2.0,0,0,0,0,0,0,1,0,0.0,0.0,0.0,0.0,0.0
ENG-Premier League,2223,Nottingham,Harry Toffolo,ENG,"DF,MF",26,1995,19,9,940,10.4,0,0,0,0,0,0,2,0,0.0,0.0,0.0,0.0,0.0
ENG-Premier League,2223,Nottingham,Jack Colback,ENG,MF,32,1989,11,4,497,5.5,0,0,0,0,0,0,0,0,0.0,0.0,0.0,0.0,0.0
ENG-Premier League,2223,Nottingham,Jesse Lingard,ENG,"MF,FW",29,1992,17,12,923,10.3,0,0,0,0,0,0,1,0,0.0,0.0,0.0,0.0,0.0
ENG-Premier League,2223,Nottingham,Joe Worrall,ENG,DF,25,1997,30,21,2224,24.7,1,0,1,1,0,0,6,0,0.04,0.0,0.04,0.04,0.04
ENG-Premier League,2223,Nottingham,Jonjo Shelvey,ENG,MF,30,1992,8,6,540,6.0,0,0,0,0,0,0,2,0,0.0,0.0,0.0,0.0,0.0
ENG-Premier League,2223,Nottingham,Keylor Navas,CRC,GK,35,1986,17,17,1529,17.0,0,0,0,0,0,0,2,0,0.0,0.0,0.0,0.0,0.0
ENG-Premier League,2223,Nottingham,Lewis O'Brien,ENG,MF,23,1998,13,6,584,6.5,1,0,1,1,0,0,2,0,0.15,0.0,0.15,0.15,0.15
ENG-Premier League,2223,Nottingham,Morgan Gibbs-White,ENG,"MF,FW",22,2000,35,34,2971,33.0,5,8,13,3,2,2,5,0,0.15,0.24,0.39,0.09,0.33
ENG-Premier League,2223,Nottingham,Moussa Niakhaté,SEN,DF,26,1996,14,14,1163,12.9,0,0,0,0,0,0,1,0,0.0,0.0,0.0,0.0,0.0
ENG-Premier League,2223,Nottingham,Neco Williams,WAL,"DF,MF",21,2001,31,20,1882,20.9,1,0,1,1,0,0,7,0,0.05,0.0,0.05,0.05,0.05
ENG-Premier League,2223,Nottingham,Orel Mangala,BEL,MF,24,1998,27,20,1550,17.2,1,1,2,1,0,0,3,0,0.06,0.06,0.12,0.06,0.12
ENG-Premier League,2223,Nottingham,Remo Freuler,SUI,MF,30,1992,28,24,2161,24.0,0,0,0,0,0,0,4,0,0.0,0.0,0.0,0.0,0.0
ENG-Premier League,2223,Nottingham,Renan Lodi,BRA,"DF,MF",24,1998,28,26,2214,24.6,0,1,1,0,0,0,7,0,0.0,0.04,0.04,0.0,0.04
ENG-Premier League,2223,Nottingham,Ryan Yates,ENG,MF,24,1997,26,21,1837,20.4,0,2,2,0,0,0,5,0,0.0,0.1,0.1,0.0,0.1
ENG-Premier League,2223,Nottingham,Sam Surridge,ENG,FW,24,1998,20,1,323,3.6,1,0,1,1,0,0,2,0,0.28,0.0,0.28,0.28,0.28
ENG-Premier League,2223,Nottingham,Scott McKenna,SCO,DF,25,1996,20,19,1571,17.5,0,0,0,0,0,0,4,0,0.0,0.0,0.0,0.0,0.0
ENG-Premier League,2223,Nottingham,Serge Aurier,CIV,"DF,MF",29,1992,24,22,1943,21.6,1,0,1,1,0,0,2,0,0.05,0.0,0.05,0.05,0.05
ENG-Premier League,2223,Nottingham,Steve Cook,ENG,DF,31,1991,12,11,957,10.6,0,0,0,0,0,0,4,0,0.0,0.0,0.0,0.0,0.0
ENG-Premier League,2223,Nottingham,Taiwo Awoniyi,NGA,FW,24,1997,27,17,1404,15.6,10,1,11,10,0,0,2,0,0.64,0.06,0.71,0.64,0.71
ENG-Premier League,2223,Nottingham,Wayne Hennessey,WAL,GK,35,1987,4,3,271,3.0,0,0,0,0,0,0,0,0,0.0,0.0,0.0,0.0,0.0
ENG-Premier League,2223,Nottingham,Willy Boly,CIV,DF,31,1991,11,9,685,7.6,0,1,1,0,0,0,2,0,0.0,0.13,0.13,0.0,0.13
ENG-Premier League,2223,Southampton,Adam Armstrong,ENG,"MF,FW",25,1997,30,14,1335,14.8,2,1,3,2,0,0,2,0,0.13,0.07,0.2,0.13,0.2
ENG-Premier League,2223,Southampton,Ainsley Maitland-Niles,ENG,"DF,MF",24,1997,22,13,1407,15.6,0,0,0,0,0,0,3,0,0.0,0.0,0.0,0.0,0.0
ENG-Premier League,2223,Southampton,Alex McCarthy,ENG,GK,32,1989,6,6,540,6.0,0,0,0,0,0,0,0,0,0.0,0.0,0.0,0.0,0.0
ENG-Premier League,2223,Southampton,Armel Bella Kotchap,GER,DF,20,2001,24,24,1879,20.9,0,2,2,0,0,0,4,0,0.0,0.1,0.1,0.0,0.1
ENG-Premier League,2223,Southampton,Carlos Alcaraz,ARG,"MF,FW",19,2002,18,13,1029,11.4,4,2,6,4,0,0,3,0,0.35,0.17,0.52,0.35,0.52
ENG-Premier League,2223,Southampton,Ché Adams,SCO,FW,26,1996,28,23,1992,22.1,5,3,8,5,0,0,1,0,0.23,0.14,0.36,0.23,0.36
ENG-Premier League,2223,Southampton,Dominic Ballard,ENG,FW,17,2005,2,0,26,0.3,0,0,0,0,0,0,0,0,0.0,0.0,0.0,0.0,0.0
ENG-Premier League,2223,Southampton,Duje Ćaleta-Car,CRO,DF,25,1996,13,9,946,10.5,1,0,1,1,0,0,2,0,0.1,0.0,0.1,0.1,0.1
ENG-Premier League,2223,Southampton,Gavin Bazunu,IRL,GK,20,2002,32,32,2880,32.0,0,0,0,0,0,0,0,0,0.0,0.0,0.0,0.0,0.0
ENG-Premier League,2223,Southampton,Ibrahima Diallo,FRA,MF,23,1999,18,11,819,9.1,0,0,0,0,0,0,4,0,0.0,0.0,0.0,0.0,0.0
ENG-Premier League,2223,Southampton,Jack Stephens,ENG,DF,28,1994,2,0,46,0.5,0,0,0,0,0,0,0,0,0.0,0.0,0.0,0.0,0.0
ENG-Premier League,2223,Southampton,James Bree,ENG,DF,24,1997,5,4,367,4.1,0,0,0,0,0,0,1,0,0.0,0.0,0.0,0.0,0.0
ENG-Premier League,2223,Southampton,James Ward-Prowse,ENG,MF,27,1994,38,38,3371,37.5,9,4,13,7,2,4,6,0,0.24,0.11,0.35,0.19,0.29
ENG-Premier League,2223,Southampton,Jan Bednarek,POL,DF,26,1996,20,20,1672,18.6,0,0,0,0,0,0,5,0,0.0,0.0,0.0,0.0,0.0
ENG-Premier League,2223,Southampton,Joe Aribo,NGA,"MF,FW",26,1996,21,13,1224,13.6,2,0,2,2,0,0,2,0,0.15,0.0,0.15,0.15,0.15
ENG-Premier League,2223,Southampton,Juan Larios,ESP,DF,18,2004,5,2,152,1.7,0,0,0,0,0,0,0,0,0.0,0.0,0.0,0.0,0.0
ENG-Premier League,2223,Southampton,Kamaldeen Sulemana,GHA,"FW,MF",20,2002,18,10,966,10.7,2,1,3,2,0,0,1,0,0.19,0.09,0.28,0.19,0.28
ENG-Premier League,2223,Southampton,Kami Doyle,ENG,MF,16,2005,1,0,7,0.1,0,0,0,0,0,0,0,0,0.0,0.0,0.0,0.0,0.0
ENG-Premier League,2223,Southampton,Kyle Walker-Peters,ENG,"DF,MF",25,1997,31,30,2650,29.4,1,0,1,1,0,0,4,0,0.03,0.0,0.03,0.03,0.03
ENG-Premier League,2223,Southampton,Lyanco,BRA,DF,25,1997,21,11,1180,13.1,1,1,2,1,0,0,4,0,0.08,0.08,0.15,0.08,0.15
ENG-Premier League,2223,Southampton,Mislav Oršić,CRO,"FW,MF",29,1992,1,0,7,0.1,0,0,0,0,0,0,0,0,0.0,0.0,0.0,0.0,0.0
ENG-Premier League,2223,Southampton,Mohamed Elyounoussi,NOR,MF,27,1994,33,27,2168,24.1,1,1,2,1,0,0,4,0,0.04,0.04,0.08,0.04,0.08
ENG-Premier League,2223,Southampton,Mohammed Salisu,GHA,DF,23,1999,22,21,1973,21.9,0,1,1,0,0,0,5,0,0.0,0.05,0.05,0.0,0.05
ENG-Premier League,2223,Southampton,Moussa Djenepo,MLI,"DF,MF",24,1998,16,7,710,7.9,0,2,2,0,0,0,1,0,0.0,0.25,0.25,0.0,0.25
ENG-Premier League,2223,Southampton,Nathan Redmond,ENG,"FW,MF",28,1994,1,0,1,0.0,0,0,0,0,0,0,0,0,0.0,0.0,0.0,0.0,0.0
ENG-Premier League,2223,Southampton,Oriol Romeu,ESP,MF,30,1991,1,1,74,0.8,0,0,0,0,0,0,0,0,0.0,0.0,0.0,0.0,0.0
ENG-Premier League,2223,Southampton,Paul Onuachu,NGA,FW,28,1994,11,4,407,4.5,0,0,0,0,0,0,0,0,0.0,0.0,0.0,0.0,0.0
ENG-Premier League,2223,Southampton,Romain Perraud,FRA,DF,24,1997,29,22,1835,20.4,2,2,4,2,0,0,4,0,0.1,0.1,0.2,0.1,0.2
ENG-Premier League,2223,Southampton,Roméo Lavia,BEL,MF,18,2004,29,26,2221,24.7,1,0,1,1,0,0,9,0,0.04,0.0,0.04,0.04,0.04
ENG-Premier League,2223,Southampton,Samuel Amo-Ameyaw,ENG,"FW,MF",16,2006,1,0,4,0.0,0,0,0,0,0,0,0,0,0.0,0.0,0.0,0.0,0.0
ENG-Premier League,2223,Southampton,Samuel Edozie,ENG,"MF,FW",19,2003,17,5,567,6.3,0,0,0,0,0,0,0,0,0.0,0.0,0.0,0.0,0.0
ENG-Premier League,2223,Southampton,Sekou Mara,FRA,FW,20,2002,22,4,555,6.2,1,2,3,1,0,0,1,0,0.16,0.32,0.49,0.16,0.49
ENG-Premier League,2223,Southampton,Stuart Armstrong,SCO,MF,30,1992,32,14,1408,15.6,2,1,3,2,0,0,6,0,0.13,0.06,0.19,0.13,0.19
ENG-Premier League,2223,Southampton,Theo Walcott,ENG,"MF,FW",33,1989,20,13,1129,12.5,2,2,4,2,0,0,1,0,0.16,0.16,0.32,0.16,0.32
ENG-Premier League,2223,Southampton,Tino Livramento,ENG,"DF,MF",19,2002,2,0,28,0.3,0,0,0,0,0,0,0,0,0.0,0.0,0.0,0.0,0.0
ENG-Premier League,2223,Southampton,Yan Valery,TUN,DF,23,1999,1,1,45,0.5,0,0,0,0,0,0,0,0,0.0,0.0,0.0,0.0,0.0
ENG-Premier League,2223,Tottenham,Arnaut Danjuma,NED,MF,25,1997,9,1,169,1.9,1,0,1,1,0,0,0,0,0.53,0.0,0.53,0.53,0.53
ENG-Premier League,2223,Tottenham,Ben Davies,WAL,"DF,MF",29,1993,31,26,2288,25.4,2,2,4,2,0,0,4,0,0.08,0.08,0.16,0.08,0.16
ENG-Premier League,2223,Tottenham,Bryan Gil,ESP,"MF,FW",21,2001,4,2,148,1.6,0,1,1,0,0,0,1,0,0.0,0.61,0.61,0.0,0.61
ENG-Premier League,2223,Tottenham,Clément Lenglet,FRA,DF,27,1995,26,24,2019,22.4,0,2,2,0,0,0,4,0,0.0,0.09,0.09,0.0,0.09
ENG-Premier League,2223,Tottenham,Cristian Romero,ARG,DF,24,1998,27,26,2364,26.3,0,1,1,0,0,0,11,1,0.0,0.04,0.04,0.0,0.04
ENG-Premier League,2223,Tottenham,Davinson Sánchez,COL,DF,26,1996,18,8,858,9.5,0,0,0,0,0,0,1,0,0.0,0.0,0.0,0.0,0.0
ENG-Premier League,2223,Tottenham,Dejan Kulusevski,SWE,"MF,FW",22,2000,30,23,2067,23.0,2,7,9,2,0,0,2,0,0.09,0.3,0.39,0.09,0.39
ENG-Premier League,2223,Tottenham,Djed Spence,ENG,"DF,MF",21,2000,4,0,7,0.1,0,0,0,0,0,0,0,0,0.0,0.0,0.0,0.0,0.0
ENG-Premier League,2223,Tottenham,Emerson,BRA,"MF,DF",23,1999,26,20,1735,19.3,2,1,3,2,0,0,2,1,0.1,0.05,0.16,0.1,0.16
ENG-Premier League,2223,Tottenham,Eric Dier,ENG,DF,28,1994,33,31,2818,31.3,2,1,3,2,0,0,3,0,0.06,0.03,0.1,0.06,0.1
ENG-Premier League,2223,Tottenham,Fraser Forster,ENG,GK,34,1988,14,13,1215,13.5,0,0,0,0,0,0,1,0,0.0,0.0,0.0,0.0,0.0
ENG-Premier League,2223,Tottenham,George Abbott,ENG,MF,16,2005,1,0,1,0.0,0,0,0,0,0,0,0,0,0.0,0.0,0.0,0.0,0.0
ENG-Premier League,2223,Tottenham,Harry Kane,ENG,FW,29,1993,38,38,3405,37.8,30,3,33,25,5,6,6,0,0.79,0.08,0.87,0.66,0.74
ENG-Premier League,2223,Tottenham,Harvey White,ENG,MF,20,2001,1,0,5,0.1,0,0,0,0,0,0,0,0,0.0,0.0,0.0,0.0,0.0
ENG-Premier League,2223,Tottenham,Hugo Lloris,FRA,GK,35,1986,25,25,2205,24.5,0,0,0,0,0,0,0,0,0.0,0.0,0.0,0.0,0.0
ENG-Premier League,2223,Tottenham,Ivan Perišić,CRO,MF,33,1989,34,23,2108,23.4,1,8,9,1,0,0,6,0,0.04,0.34,0.38,0.04,0.38
ENG-Premier League,2223,Tottenham,Japhet Tanganga,ENG,DF,23,1999,4,2,146,1.6,0,0,0,0,0,0,0,0,0.0,0.0,0.0,0.0,0.0
ENG-Premier League,2223,Tottenham,Lucas Moura,BRA,"FW,MF",29,1992,15,0,153,1.7,1,0,1,1,0,0,0,1,0.59,0.0,0.59,0.59,0.59
ENG-Premier League,2223,Tottenham,Matt Doherty,IRL,MF,30,1992,12,7,667,7.4,1,0,1,1,0,0,0,0,0.13,0.0,0.13,0.13,0.13
ENG-Premier League,2223,Tottenham,Matthew Craig,SCO,MF,19,2003,1,0,14,0.2,0,0,0,0,0,0,0,0,0.0,0.0,0.0,0.0,0.0
ENG-Premier League,2223,Tottenham,Oliver Skipp,ENG,MF,21,2000,23,18,1491,16.6,1,0,1,1,0,0,7,0,0.06,0.0,0.06,0.06,0.06
ENG-Premier League,2223,Tottenham,Pape Matar Sarr,SEN,MF,19,2002,11,2,218,2.4,0,1,1,0,0,0,1,0,0.0,0.41,0.41,0.0,0.41
ENG-Premier League,2223,Tottenham,Pedro Porro,ESP,MF,22,1999,15,13,1131,12.6,3,3,6,3,0,0,0,0,0.24,0.24,0.48,0.24,0.48
ENG-Premier League,2223,Tottenham,Pierre Højbjerg,DEN,MF,26,1995,35,35,3131,34.8,4,5,9,4,0,0,5,0,0.11,0.14,0.26,0.11,0.26
ENG-Premier League,2223,Tottenham,Richarlison,BRA,"MF,FW",25,1997,27,12,1010,11.2,1,3,4,1,0,0,3,0,0.09,0.27,0.36,0.09,0.36
ENG-Premier League,2223,Tottenham,Rodrigo Bentancur,URU,MF,25,1997,18,17,1500,16.7,5,2,7,5,0,0,8,0,0.3,0.12,0.42,0.3,0.42
ENG-Premier League,2223,Tottenham,Ryan Sessegnon,ENG,"MF,DF",22,2000,17,9,813,9.0,2,0,2,2,0,0,4,0,0.22,0.0,0.22,0.22,0.22
ENG-Premier League,2223,Tottenham,Son Heung-min,KOR,"MF,FW",30,1992,36,33,2888,32.1,10,6,16,10,0,0,2,0,0.31,0.19,0.5,0.31,0.5
ENG-Premier League,2223,Tottenham,Yves Bissouma,MLI,MF,25,1996,23,10,1010,11.2,0,0,0,0,0,0,6,0,0.0,0.0,0.0,0.0,0.0
ENG-Premier League,2223,West Ham,Aaron Cresswell,ENG,DF,32,1989,28,24,2235,24.8,0,1,1,0,0,0,3,0,0.0,0.04,0.04,0.0,0.04
ENG-Premier League,2223,West Ham,Alphonse Areola,FRA,GK,29,1993,5,2,309,3.4,0,0,0,0,0,0,0,0,0.0,0.0,0.0,0.0,0.0
ENG-Premier League,2223,West Ham,Angelo Ogbonna,ITA,DF,34,1988,16,13,1237,13.7,0,0,0,0,0,0,0,0,0.0,0.0,0.0,0.0,0.0
ENG-Premier League,2223,West Ham,Ben Johnson,ENG,"DF,MF",22,2000,17,9,866,9.6,0,0,0,0,0,0,0,0,0.0,0.0,0.0,0.0,0.0
ENG-Premier League,2223,West Ham,Conor Coventry,IRL,MF,22,2000,1,0,1,0.0,0,0,0,0,0,0,0,0,0.0,0.0,0.0,0.0,0.0
ENG-Premier League,2223,West Ham,Craig Dawson,ENG,DF,32,1990,8,8,720,8.0,0,0,0,0,0,0,2,0,0.0,0.0,0.0,0.0,0.0
ENG-Premier League,2223,West Ham,Danny Ings,ENG,FW,30,1992,17,7,775,8.6,2,2,4,2,0,0,1,0,0.23,0.23,0.46,0.23,0.46
ENG-Premier League,2223,West Ham,Declan Rice,ENG,MF,23,1999,37,36,3273,36.4,4,2,6,4,0,1,5,0,0.11,0.05,0.16,0.11,0.16
ENG-Premier League,2223,West Ham,Divin Mubama,ENG,FW,17,2004,3,0,38,0.4,0,0,0,0,0,0,0,0,0.0,0.0,0.0,0.0,0.0
ENG-Premier League,2223,West Ham,Emerson Palmieri,ITA,"MF,DF",27,1994,22,16,1320,14.7,1,0,1,1,0,0,2,0,0.07,0.0,0.07,0.07,0.07
ENG-Premier League,2223,West Ham,Flynn Downes,ENG,MF,23,1999,21,7,762,8.5,0,0,0,0,0,0,2,0,0.0,0.0,0.0,0.0,0.0
ENG-Premier League,2223,West Ham,Gianluca Scamacca,ITA,FW,23,1999,16,11,926,10.3,3,0,3,3,0,0,3,0,0.29,0.0,0.29,0.29,0.29
ENG-Premier League,2223,West Ham,Jarrod Bowen,ENG,"MF,FW",25,1996,38,36,3233,35.9,6,5,11,5,1,2,2,0,0.17,0.14,0.31,0.14,0.28
ENG-Premier League,2223,West Ham,Kurt Zouma,FRA,DF,27,1994,25,24,1989,22.1,2,0,2,2,0,0,0,0,0.09,0.0,0.09,0.09,0.09
ENG-Premier League,2223,West Ham,Lucas Paquetá,BRA,MF,24,1997,28,27,2151,23.9,4,3,7,3,1,1,5,0,0.17,0.13,0.29,0.13,0.25
ENG-Premier League,2223,West Ham,Manuel Lanzini,ARG,MF,29,1993,10,2,252,2.8,1,0,1,1,0,0,0,0,0.36,0.0,0.36,0.36,0.36
ENG-Premier League,2223,West Ham,Maxwel Cornet,CIV,MF,25,1996,14,2,245,2.7,0,0,0,0,0,0,0,0,0.0,0.0,0.0,0.0,0.0
ENG-Premier League,2223,West Ham,Michail Antonio,JAM,FW,32,1990,33,21,1829,20.3,5,3,8,5,0,0,2,0,0.25,0.15,0.39,0.25,0.39
ENG-Premier League,2223,West Ham,Nayef Aguerd,MAR,DF,26,1996,18,17,1595,17.7,2,0,2,2,0,0,4,0,0.11,0.0,0.11,0.11,0.11
ENG-Premier League,2223,West Ham,Pablo Fornals,ESP,MF,26,1996,32,17,1503,16.7,3,1,4,3,0,0,0,0,0.18,0.06,0.24,0.18,0.24
ENG-Premier League,2223,West Ham,Saïd Benrahma,ALG,"MF,FW",26,1995,35,22,2069,23.0,6,3,9,2,4,4,0,0,0.26,0.13,0.39,0.09,0.22
ENG-Premier League,2223,West Ham,Thilo Kehrer,GER,DF,25,1996,27,25,2230,24.8,0,2,2,0,0,0,4,0,0.0,0.08,0.08,0.0,0.08
ENG-Premier League,2223,West Ham,Tomáš Souček,CZE,MF,27,1995,36,32,2815,31.3,2,3,5,2,0,0,3,0,0.06,0.1,0.16,0.06,0.16
ENG-Premier League,2223,West Ham,Vladimír Coufal,CZE,"DF,MF",29,1992,27,24,2136,23.7,0,1,1,0,0,0,5,0,0.0,0.04,0.04,0.0,0.04
ENG-Premier League,2223,West Ham,Łukasz Fabiański,POL,GK,37,1985,36,36,3111,34.6,0,0,0,0,0,0,1,0,0.0,0.0,0.0,0.0,0.0
ENG-Premier League,2223,Wolves,Adama Traoré,ESP,"MF,FW",26,1996,34,12,1496,16.6,2,1,3,2,0,0,2,0,0.12,0.06,0.18,0.12,0.18
ENG-Premier League,2223,Wolves,Boubacar Traoré,MLI,MF,20,2001,10,4,411,4.6,0,1,1,0,0,0,2,0,0.0,0.22,0.22,0.0,0.22
ENG-Premier League,2223,Wolves,Chem Campbell,WAL,"FW,MF",19,2002,5,0,74,0.8,0,0,0,0,0,0,0,0,0.0,0.0,0.0,0.0,0.0
ENG-Premier League,2223,Wolves,Connor Ronan,IRL,MF,24,1998,1,0,1,0.0,0,0,0,0,0,0,0,0,0.0,0.0,0.0,0.0,0.0
ENG-Premier League,2223,Wolves,Craig Dawson,ENG,DF,32,1990,17,17,1414,15.7,1,0,1,1,0,0,4,0,0.06,0.0,0.06,0.06,0.06
ENG-Premier League,2223,Wolves,Daniel Bentley,ENG,GK,29,1993,2,2,180,2.0,0,0,0,0,0,0,0,0,0.0,0.0,0.0,0.0,0.0
ENG-Premier League,2223,Wolves,Daniel Podence,POR,"MF,FW",26,1995,32,20,1771,19.7,6,0,6,6,0,0,5,0,0.3,0.0,0.3,0.3,0.3
ENG-Premier League,2223,Wolves,Dexter Lembikisa,JAM,"DF,MF",18,2003,1,0,23,0.3,0,0,0,0,0,0,0,0,0.0,0.0,0.0,0.0,0.0
ENG-Premier League,2223,Wolves,Diego Costa,ESP,FW,33,1988,23,16,1241,13.8,1,0,1,1,0,0,5,1,0.07,0.0,0.07,0.07,0.07
ENG-Premier League,2223,Wolves,Gonçalo Guedes,POR,"FW,MF",25,1996,13,8,707,7.9,1,1,2,1,0,0,1,0,0.13,0.13,0.25,0.13,0.25
ENG-Premier League,2223,Wolves,Hugo Bueno,ESP,DF,19,2002,21,16,1310,14.6,0,1,1,0,0,0,1,0,0.0,0.07,0.07,0.0,0.07
ENG-Premier League,2223,Wolves,Hwang Hee-chan,KOR,"FW,MF",26,1996,27,12,1130,12.6,3,1,4,3,0,0,1,0,0.24,0.08,0.32,0.24,0.32
ENG-Premier League,2223,Wolves,Joe Hodge,IRL,MF,19,2002,6,1,175,1.9,0,0,0,0,0,0,1,0,0.0,0.0,0.0,0.0,0.0
ENG-Premier League,2223,Wolves,Jonny Castro,ESP,DF,28,1994,18,14,1261,14.0,1,0,1,1,0,0,3,1,0.07,0.0,0.07,0.07,0.07
ENG-Premier League,2223,Wolves,José Sá,POR,GK,29,1993,36,36,3240,36.0,0,0,0,0,0,0,2,0,0.0,0.0,0.0,0.0,0.0
ENG-Premier League,2223,Wolves,João Gomes,BRA,MF,21,2001,11,7,653,7.3,1,0,1,1,0,0,5,0,0.14,0.0,0.14,0.14,0.14
ENG-Premier League,2223,Wolves,João Moutinho,POR,MF,35,1986,31,20,1780,19.8,0,2,2,0,0,0,3,0,0.0,0.1,0.1,0.0,0.1
ENG-Premier League,2223,Wolves,Leander Dendoncker,BEL,MF,27,1995,4,2,214,2.4,0,0,0,0,0,0,0,0,0.0,0.0,0.0,0.0,0.0
ENG-Premier League,2223,Wolves,Mario Lemina,GAB,MF,28,1993,19,17,1299,14.4,0,1,1,0,0,0,4,1,0.0,0.07,0.07,0.0,0.07
ENG-Premier League,2223,Wolves,Matheus Cunha,BRA,FW,23,1999,17,12,965,10.7,2,0,2,2,0,0,1,0,0.19,0.0,0.19,0.19,0.19
ENG-Premier League,2223,Wolves,Matheus Nunes,POR,MF,23,1998,34,30,2467,27.4,1,1,2,1,0,0,2,1,0.04,0.04,0.07,0.04,0.07
ENG-Premier League,2223,Wolves,Max Kilman,ENG,DF,25,1997,37,37,3307,36.7,0,0,0,0,0,0,3,0,0.0,0.0,0.0,0.0,0.0
ENG-Premier League,2223,Wolves,Morgan Gibbs-White,ENG,MF,22,2000,2,2,180,2.0,0,0,0,0,0,0,1,0,0.0,0.0,0.0,0.0,0.0
ENG-Premier League,2223,Wolves,Nathan Collins,IRL,DF,21,2001,26,19,1814,20.2,0,0,0,0,0,0,2,1,0.0,0.0,0.0,0.0,0.0
ENG-Premier League,2223,Wolves,Nélson Semedo,POR,DF,28,1993,36,31,2632,29.2,0,1,1,0,0,0,11,1,0.0,0.03,0.03,0.0,0.03
ENG-Premier League,2223,Wolves,Pablo Sarabia,ESP,"MF,FW",30,1992,13,9,765,8.5,1,0,1,1,0,0,3,0,0.12,0.0,0.12,0.12,0.12
ENG-Premier League,2223,Wolves,Pedro Neto,POR,"MF,FW",22,2000,18,13,964,10.7,0,0,0,0,0,0,1,0,0.0,0.0,0.0,0.0,0.0
ENG-Premier League,2223,Wolves,Rayan Aït-Nouri,ALG,"DF,MF",21,2001,21,9,1076,12.0,1,0,1,1,0,0,4,0,0.08,0.0,0.08,0.08,0.08
ENG-Premier League,2223,Wolves,Raúl Jiménez,MEX,FW,31,1991,15,8,846,9.4,0,1,1,0,0,0,0,0,0.0,0.11,0.11,0.0,0.11
ENG-Premier League,2223,Wolves,Rúben Neves,POR,MF,25,1997,35,33,3019,33.5,6,1,7,3,3,3,12,0,0.18,0.03,0.21,0.09,0.12
ENG-Premier League,2223,Wolves,Saša Kalajdžić,AUT,FW,25,1997,1,1,45,0.5,0,0,0,0,0,0,0,0,0.0,0.0,0.0,0.0,0.0
ENG-Premier League,2223,Wolves,Toti Gomes,POR,DF,23,1999,17,10,984,10.9,1,0,1,1,0,0,6,0,0.09,0.0,0.09,0.09,0.09
ENG-Premier League,2324,Arsenal,Aaron Ramsdale,ENG,GK,25,1998,6,6,540,6.0,0,0,0,0,0,0,0,0,0.0,0.0,0.0,0.0,0.0
ENG-Premier League,2324,Arsenal,Ben White,ENG,DF,25,1997,37,35,2988,33.2,4,4,8,4,0,0,8,0,0.12,0.12,0.24,0.12,0.24
ENG-Premier League,2324,Arsenal,Bukayo Saka,ENG,FW,21,2001,35,35,2919,32.4,16,9,25,10,6,6,4,0,0.49,0.28,0.77,0.31,0.59
ENG-Premier League,2324,Arsenal,Cédric Soares,POR,"DF,MF",31,1991,3,0,62,0.7,0,0,0,0,0,0,0,0,0.0,0.0,0.0,0.0,0.0
ENG-Premier League,2324,Arsenal,David Raya,ESP,GK,27,1995,32,32,2880,32.0,0,0,0,0,0,0,2,0,0.0,0.0,0.0,0.0,0.0
ENG-Premier League,2324,Arsenal,Declan Rice,ENG,MF,24,1999,38,37,3225,35.8,7,8,15,7,0,0,5,0,0.2,0.22,0.42,0.2,0.42
ENG-Premier League,2324,Arsenal,Eddie Nketiah,ENG,FW,24,1999,27,10,1082,12.0,5,2,7,5,0,0,3,0,0.42,0.17,0.58,0.42,0.58
ENG-Premier League,2324,Arsenal,Emile Smith Rowe,ENG,MF,23,2000,13,3,353,3.9,0,1,1,0,0,0,0,0,0.0,0.25,0.25,0.0,0.25
ENG-Premier League,2324,Arsenal,Ethan Nwaneri,ENG,MF,16,2007,1,0,14,0.2,0,0,0,0,0,0,0,0,0.0,0.0,0.0,0.0,0.0
ENG-Premier League,2324,Arsenal,Fabio Vieira,POR,MF,23,2000,11,2,297,3.3,1,2,3,0,1,1,0,1,0.3,0.61,0.91,0.0,0.61
ENG-Premier League,2324,Arsenal,Gabriel Jesus,BRA,FW,26,1997,27,17,1478,16.4,4,5,9,4,0,0,6,0,0.24,0.3,0.55,0.24,0.55
ENG-Premier League,2324,Arsenal,Gabriel Magalhães,BRA,DF,25,1997,36,34,3044,33.8,4,0,4,4,0,0,4,0,0.12,0.0,0.12,0.12,0.12
ENG-Premier League,2324,Arsenal,Gabriel Martinelli,BRA,FW,22,2001,35,24,2019,22.4,6,4,10,6,0,0,1,0,0.27,0.18,0.45,0.27,0.45
ENG-Premier League,2324,Arsenal,Jakub Kiwior,POL,DF,23,2000,20,11,946,10.5,1,3,4,1,0,0,1,0,0.1,0.29,0.38,0.1,0.38
ENG-Premier League,2324,Arsenal,Jorginho,ITA,MF,31,1991,24,10,921,10.2,0,2,2,0,0,0,1,0,0.0,0.2,0.2,0.0,0.2
ENG-Premier League,2324,Arsenal,Jurriën Timber,NED,DF,22,2001,2,1,71,0.8,0,0,0,0,0,0,2,0,0.0,0.0,0.0,0.0,0.0
ENG-Premier League,2324,Arsenal,Kai Havertz,GER,"MF,FW",24,1999,37,30,2634,29.3,13,7,20,12,1,1,11,0,0.44,0.24,0.68,0.41,0.65
ENG-Premier League,2324,Arsenal,Leandro Trossard,BEL,"FW,MF",28,1994,34,18,1649,18.3,12,1,13,12,0,0,2,0,0.65,0.05,0.71,0.65,0.71
ENG-Premier League,2324,Arsenal,Martin Ødegaard,NOR,MF,24,1998,35,35,3091,34.3,8,10,18,6,2,2,2,0,0.23,0.29,0.52,0.17,0.47
ENG-Premier League,2324,Arsenal,Mohamed Elneny,EGY,MF,31,1992,3,0,28,0.3,0,0,0,0,0,0,0,0,0.0,0.0,0.0,0.0,0.0
ENG-Premier League,2324,Arsenal,Oleksandr Zinchenko,UKR,DF,26,1996,27,20,1722,19.1,1,2,3,1,0,0,2,0,0.05,0.1,0.16,0.05,0.16
ENG-Premier League,2324,Arsenal,Reiss Nelson,ENG,FW,23,1999,15,1,268,3.0,0,0,0,0,0,0,1,0,0.0,0.0,0.0,0.0,0.0
ENG-Premier League,2324,Arsenal,Takehiro Tomiyasu,JPN,DF,24,1998,22,10,1149,12.8,2,1,3,2,0,0,2,1,0.16,0.08,0.23,0.16,0.23
ENG-Premier League,2324,Arsenal,Thomas Partey,GHA,"MF,DF",30,1993,14,9,788,8.8,0,0,0,0,0,0,3,0,0.0,0.0,0.0,0.0,0.0
ENG-Premier League,2324,Arsenal,William Saliba,FRA,DF,22,2001,38,38,3420,38.0,2,1,3,2,0,0,4,0,0.05,0.03,0.08,0.05,0.08
ENG-Premier League,2324,Aston Villa,Bertrand Traoré,BFA,"FW,MF",27,1995,2,0,11,0.1,0,0,0,0,0,0,0,0,0.0,0.0,0.0,0.0,0.0
ENG-Premier League,2324,Aston Villa,Boubacar Kamara,FRA,MF,23,1999,20,20,1652,18.4,0,1,1,0,0,0,7,1,0.0,0.05,0.05,0.0,0.05
ENG-Premier League,2324,Aston Villa,Calum Chambers,ENG,MF,28,1995,5,1,152,1.7,0,1,1,0,0,0,1,0,0.0,0.59,0.59,0.0,0.59
ENG-Premier League,2324,Aston Villa,Cameron Archer,ENG,"FW,MF",22,2001,1,0,6,0.1,0,0,0,0,0,0,1,0,0.0,0.0,0.0,0.0,0.0
ENG-Premier League,2324,Aston Villa,Clément Lenglet,FRA,DF,28,1995,14,14,1153,12.8,0,1,1,0,0,0,3,0,0.0,0.08,0.08,0.0,0.08
ENG-Premier League,2324,Aston Villa,Diego Carlos,BRA,DF,30,1993,27,20,1816,20.2,0,0,0,0,0,0,4,0,0.0,0.0,0.0,0.0,0.0
ENG-Premier League,2324,Aston Villa,Douglas Luiz,BRA,MF,25,1998,35,35,2993,33.3,9,5,14,5,4,4,12,0,0.27,0.15,0.42,0.15,0.3
ENG-Premier League,2324,Aston Villa,Emiliano Martínez,ARG,GK,30,1992,34,34,3015,33.5,0,0,0,0,0,0,4,0,0.0,0.0,0.0,0.0,0.0
ENG-Premier League,2324,Aston Villa,Ezri Konsa,ENG,DF,25,1997,35,35,3069,34.1,1,0,1,1,0,0,5,0,0.03,0.0,0.03,0.03,0.03
ENG-Premier League,2324,Aston Villa,Finley Munroe,ENG,DF,18,2005,1,0,4,0.0,0,0,0,0,0,0,0,0,0.0,0.0,0.0,0.0,0.0
ENG-Premier League,2324,Aston Villa,Jacob Ramsey,ENG,MF,22,2001,16,8,853,9.5,1,1,2,1,0,0,2,0,0.11,0.11,0.21,0.11,0.21
ENG-Premier League,2324,Aston Villa,Jaden Philogene Bidace,ENG,"FW,MF",21,2002,1,0,4,0.0,0,0,0,0,0,0,0,0,0.0,0.0,0.0,0.0,0.0
ENG-Premier League,2324,Aston Villa,John McGinn,SCO,MF,28,1994,35,35,2999,33.3,6,4,10,6,0,0,9,1,0.18,0.12,0.3,0.18,0.3
ENG-Premier League,2324,Aston Villa,Jáder Durán,COL,FW,19,2003,23,3,475,5.3,5,0,5,5,0,0,5,0,0.95,0.0,0.95,0.95,0.95
ENG-Premier League,2324,Aston Villa,Kaine Kesler-Hayden,ENG,"DF,MF",20,2002,3,0,6,0.1,0,0,0,0,0,0,0,0,0.0,0.0,0.0,0.0,0.0
ENG-Premier League,2324,Aston Villa,Leander Dendoncker,BEL,MF,28,1995,8,1,119,1.3,1,0,1,1,0,0,0,0,0.76,0.0,0.76,0.76,0.76
ENG-Premier League,2324,Aston Villa,Leon Bailey,JAM,MF,25,1997,35,22,2068,23.0,10,9,19,10,0,0,5,0,0.44,0.39,0.83,0.44,0.83
ENG-Premier League,2324,Aston Villa,Lucas Digne,FRA,DF,30,1993,33,27,2410,26.8,1,3,4,1,0,0,7,0,0.04,0.11,0.15,0.04,0.15
ENG-Premier League,2324,Aston Villa,Matty Cash,POL,"DF,MF",25,1997,29,23,2142,23.8,2,2,4,2,0,0,8,0,0.08,0.08,0.17,0.08,0.17
ENG-Premier League,2324,Aston Villa,Morgan Rogers,ENG,MF,21,2002,11,8,638,7.1,3,1,4,3,0,0,3,0,0.42,0.14,0.56,0.42,0.56
ENG-Premier League,2324,Aston Villa,Moussa Diaby,FRA,"MF,FW",24,1999,38,25,2174,24.2,6,8,14,6,0,0,1,0,0.25,0.33,0.58,0.25,0.58
ENG-Premier League,2324,Aston Villa,Nicolò Zaniolo,ITA,"MF,FW",24,1999,25,9,839,9.3,2,0,2,2,0,0,7,0,0.21,0.0,0.21,0.21,0.21
ENG-Premier League,2324,Aston Villa,Ollie Watkins,ENG,FW,27,1995,37,37,3217,35.7,19,13,32,19,0,0,4,0,0.53,0.36,0.9,0.53,0.9
ENG-Premier League,2324,Aston Villa,Omari Kellyman,ENG,"FW,MF",17,2005,2,0,37,0.4,0,0,0,0,0,0,0,0,0.0,0.0,0.0,0.0,0.0
ENG-Premier League,2324,Aston Villa,Pau Torres,ESP,DF,26,1997,29,27,2464,27.4,2,0,2,2,0,0,1,0,0.07,0.0,0.07,0.07,0.07
ENG-Premier League,2324,Aston Villa,Philippe Coutinho,BRA,"FW,MF",31,1992,2,0,25,0.3,0,0,0,0,0,0,0,0,0.0,0.0,0.0,0.0,0.0
ENG-Premier League,2324,Aston Villa,Robin Olsen,SWE,GK,33,1990,5,4,405,4.5,0,0,0,0,0,0,0,0,0.0,0.0,0.0,0.0,0.0
ENG-Premier League,2324,Aston Villa,Tim Iroegbunam,ENG,MF,20,2003,9,1,164,1.8,0,0,0,0,0,0,0,0,0.0,0.0,0.0,0.0,0.0
ENG-Premier League,2324,Aston Villa,Tyrone Mings,ENG,DF,30,1993,1,1,30,0.3,0,0,0,0,0,0,0,0,0.0,0.0,0.0,0.0,0.0
ENG-Premier League,2324,Aston Villa,Youri Tielemans,BEL,"MF,FW",26,1997,32,17,1622,18.0,2,6,8,2,0,0,3,0,0.11,0.33,0.44,0.11,0.44
ENG-Premier League,2324,Aston Villa,Álex Moreno,ESP,DF,30,1993,21,11,1031,11.5,2,0,2,2,0,0,2,0,0.17,0.0,0.17,0.17,0.17
ENG-Premier League,2324,Bournemouth,Adam Smith,ENG,DF,32,1991,28,25,2150,23.9,0,2,2,0,0,0,6,0,0.0,0.08,0.08,0.0,0.08
ENG-Premier League,2324,Bournemouth,Alex Scott,ENG,MF,19,2003,23,11,1014,11.3,1,1,2,1,0,0,3,0,0.09,0.09,0.18,0.09,0.18
ENG-Premier League,2324,Bournemouth,Antoine Semenyo,GHA,MF,23,2000,33,25,2105,23.4,8,2,10,8,0,0,6,0,0.34,0.09,0.43,0.34,0.43
ENG-Premier League,2324,Bournemouth,Chris Mepham,WAL,DF,25,1997,10,6,617,6.9,0,1,1,0,0,0,2,0,0.0,0.15,0.15,0.0,0.15
ENG-Premier League,2324,Bournemouth,Dango Ouattara,BFA,"DF,MF",21,2002,30,12,1229,13.7,1,2,3,1,0,0,3,0,0.07,0.15,0.22,0.07,0.22
ENG-Premier League,2324,Bournemouth,David Brooks,WAL,MF,26,1997,13,2,282,3.1,1,1,2,1,0,0,1,0,0.32,0.32,0.64,0.32,0.64
ENG-Premier League,2324,Bournemouth,Dominic Sadi,ENG,MF,19,2003,1,0,1,0.0,0,0,0,0,0,0,0,0,0.0,0.0,0.0,0.0,0.0
ENG-Premier League,2324,Bournemouth,Dominic Solanke,ENG,FW,25,1997,38,37,3325,36.9,19,3,22,17,2,3,3,0,0.51,0.08,0.6,0.46,0.54
ENG-Premier League,2324,Bournemouth,Enes Ünal,TUR,FW,26,1997,16,2,328,3.6,2,2,4,2,0,0,1,0,0.55,0.55,1.1,0.55,1.1
ENG-Premier League,2324,Bournemouth,Hamed Junior Traorè,CIV,MF,23,2000,3,0,47,0.5,0,0,0,0,0,0,0,0,0.0,0.0,0.0,0.0,0.0
ENG-Premier League,2324,Bournemouth,Illia Zabarnyi,UKR,DF,20,2002,37,37,3330,37.0,1,0,1,1,0,0,5,0,0.03,0.0,0.03,0.03,0.03
ENG-Premier League,2324,Bournemouth,Ionuț Radu,ROU,GK,26,1997,2,2,180,2.0,0,0,0,0,0,0,0,0,0.0,0.0,0.0,0.0,0.0
ENG-Premier League,2324,Bournemouth,Jaidon Anthony,ENG,MF,23,1999,3,2,152,1.7,0,0,0,0,0,0,1,0,0.0,0.0,0.0,0.0,0.0
ENG-Premier League,2324,Bournemouth,James Hill,ENG,DF,21,2002,5,1,76,0.8,0,0,0,0,0,0,0,0,0.0,0.0,0.0,0.0,0.0
ENG-Premier League,2324,Bournemouth,Joe Rothwell,ENG,MF,28,1995,11,3,386,4.3,0,0,0,0,0,0,0,0,0.0,0.0,0.0,0.0,0.0
ENG-Premier League,2324,Bournemouth,Justin Kluivert,NED,MF,24,1999,32,26,1916,21.3,7,1,8,7,0,0,5,0,0.33,0.05,0.38,0.33,0.38
ENG-Premier League,2324,Bournemouth,Kieffer Moore,WAL,"DF,FW",30,1992,8,0,108,1.2,1,0,1,1,0,0,0,0,0.83,0.0,0.83,0.83,0.83
ENG-Premier League,2324,Bournemouth,Lewis Cook,ENG,MF,26,1997,33,32,2786,31.0,0,3,3,0,0,0,5,1,0.0,0.1,0.1,0.0,0.1
ENG-Premier League,2324,Bournemouth,Lloyd Kelly,ENG,DF,24,1998,23,17,1559,17.3,0,1,1,0,0,0,2,0,0.0,0.06,0.06,0.0,0.06
ENG-Premier League,2324,Bournemouth,Luis Sinisterra,COL,MF,24,1999,20,7,699,7.8,2,2,4,2,0,0,0,0,0.26,0.26,0.52,0.26,0.52
ENG-Premier League,2324,Bournemouth,Marcos Senesi,ARG,DF,26,1997,31,26,2242,24.9,4,5,9,4,0,0,13,0,0.16,0.2,0.36,0.16,0.36
ENG-Premier League,2324,Bournemouth,Marcus Tavernier,ENG,MF,24,1999,30,25,2118,23.5,3,4,7,3,0,0,3,0,0.13,0.17,0.3,0.13,0.3
ENG-Premier League,2324,Bournemouth,Mark Travers,IRL,GK,24,1999,4,4,360,4.0,0,0,0,0,0,0,0,0,0.0,0.0,0.0,0.0,0.0
ENG-Premier League,2324,Bournemouth,Max Aarons,ENG,DF,23,2000,20,13,1237,13.7,0,1,1,0,0,0,1,0,0.0,0.07,0.07,0.0,0.07
ENG-Premier League,2324,Bournemouth,Milos Kerkez,HUN,DF,19,2003,28,22,1970,21.9,0,1,1,0,0,0,4,1,0.0,0.05,0.05,0.0,0.05
ENG-Premier League,2324,Bournemouth,Neto,BRA,GK,34,1989,32,32,2880,32.0,0,0,0,0,0,0,5,0,0.0,0.0,0.0,0.0,0.0
ENG-Premier League,2324,Bournemouth,Philip Billing,DEN,MF,27,1996,29,13,1398,15.5,2,2,4,2,0,0,3,1,0.13,0.13,0.26,0.13,0.26
ENG-Premier League,2324,Bournemouth,Romain Faivre,FRA,MF,25,1998,5,0,41,0.5,0,0,0,0,0,0,1,0,0.0,0.0,0.0,0.0,0.0
ENG-Premier League,2324,Bournemouth,Ryan Christie,SCO,MF,28,1995,37,35,2907,32.3,0,5,5,0,0,0,6,0,0.0,0.15,0.15,0.0,0.15
ENG-Premier League,2324,Bournemouth,Tyler Adams,USA,MF,24,1999,3,1,121,1.3,0,0,0,0,0,0,0,0,0.0,0.0,0.0,0.0,0.0
ENG-Premier League,2324,Brentford,Aaron Hickey,SCO,"DF,MF",21,2002,9,9,713,7.9,0,0,0,0,0,0,5,0,0.0,0.0,0.0,0.0,0.0
ENG-Premier League,2324,Brentford,Ben Mee,ENG,DF,33,1989,16,15,1272,14.1,2,0,2,2,0,0,1,1,0.14,0.0,0.14,0.14,0.14
ENG-Premier League,2324,Brentford,Bryan Mbeumo,CMR,FW,23,1999,25,22,1960,21.8,9,6,15,6,3,3,2,0,0.41,0.28,0.69,0.28,0.55
ENG-Premier League,2324,Brentford,Christian Nørgaard,DEN,MF,29,1994,31,30,2505,27.8,2,1,3,2,0,0,8,0,0.07,0.04,0.11,0.07,0.11
ENG-Premier League,2324,Brentford,Ethan Pinnock,JAM,DF,30,1993,29,28,2521,28.0,2,0,2,2,0,0,1,0,0.07,0.0,0.07,0.07,0.07
ENG-Premier League,2324,Brentford,Frank Onyeka,NGA,MF,25,1998,26,11,1161,12.9,1,2,3,1,0,0,8,0,0.08,0.16,0.23,0.08,0.23
ENG-Premier League,2324,Brentford,Ivan Toney,ENG,FW,27,1996,17,16,1450,16.1,4,2,6,4,0,0,5,0,0.25,0.12,0.37,0.25,0.37
ENG-Premier League,2324,Brentford,Josh Dasilva,ENG,MF,24,1998,3,0,24,0.3,0,0,0,0,0,0,0,0,0.0,0.0,0.0,0.0,0.0
ENG-Premier League,2324,Brentford,Keane Lewis-Potter,ENG,"FW,MF",22,2001,30,15,1441,16.0,3,1,4,3,0,0,0,0,0.19,0.06,0.25,0.19,0.25
ENG-Premier League,2324,Brentford,Kevin Schade,GER,FW,21,2001,11,3,333,3.7,2,1,3,2,0,0,0,0,0.54,0.27,0.81,0.54,0.81
ENG-Premier League,2324,Brentford,Kristoffer Ajer,NOR,DF,25,1998,28,21,1832,20.4,2,1,3,2,0,0,5,0,0.1,0.05,0.15,0.1,0.15
ENG-Premier League,2324,Brentford,Mads Roerslev,DEN,"MF,DF",24,1999,34,22,1985,22.1,1,2,3,1,0,0,1,0,0.05,0.09,0.14,0.05,0.14
ENG-Premier League,2324,Brentford,Mark Flekken,NED,GK,30,1993,37,37,3285,36.5,0,1,1,0,0,0,3,0,0.0,0.03,0.03,0.0,0.03
ENG-Premier League,2324,Brentford,Mathias Jensen,DEN,MF,27,1996,32,27,2204,24.5,3,3,6,3,0,0,5,0,0.12,0.12,0.25,0.12,0.25
ENG-Premier League,2324,Brentford,Mathias Jørgensen,DEN,DF,33,1990,14,12,1087,12.1,1,0,1,1,0,0,4,0,0.08,0.0,0.08,0.08,0.08
ENG-Premier League,2324,Brentford,Michael Olakigbe,ENG,MF,19,2004,8,0,59,0.7,0,0,0,0,0,0,0,0,0.0,0.0,0.0,0.0,0.0
ENG-Premier League,2324,Brentford,Mikkel Damsgaard,DEN,MF,23,2000,23,7,842,9.4,0,2,2,0,0,0,2,0,0.0,0.21,0.21,0.0,0.21
ENG-Premier League,2324,Brentford,Myles Peart-Harris,ENG,MF,20,2002,3,0,13,0.1,0,0,0,0,0,0,0,0,0.0,0.0,0.0,0.0,0.0
ENG-Premier League,2324,Brentford,Nathan Collins,IRL,DF,22,2001,32,29,2652,29.5,1,1,2,1,0,0,3,0,0.03,0.03,0.07,0.03,0.07
ENG-Premier League,2324,Brentford,Neal Maupay,FRA,FW,26,1996,29,13,1321,14.7,6,3,9,6,0,0,8,0,0.41,0.2,0.61,0.41,0.61
ENG-Premier League,2324,Brentford,Rico Henry,JAM,DF,26,1997,5,5,401,4.5,0,1,1,0,0,0,1,0,0.0,0.22,0.22,0.0,0.22
ENG-Premier League,2324,Brentford,Saman Ghoddos,IRN,"DF,MF",29,1993,19,7,739,8.2,1,0,1,1,0,0,5,0,0.12,0.0,0.12,0.12,0.12
ENG-Premier League,2324,Brentford,Sergio Reguilón,ESP,"MF,DF",26,1996,16,14,1118,12.4,0,4,4,0,0,0,4,1,0.0,0.32,0.32,0.0,0.32
ENG-Premier League,2324,Brentford,Shandon Baptiste,GRN,MF,25,1998,10,2,229,2.5,1,1,2,1,0,0,1,0,0.39,0.39,0.79,0.39,0.79
ENG-Premier League,2324,Brentford,Thomas Strakosha,ALB,GK,28,1995,2,1,135,1.5,0,0,0,0,0,0,0,0,0.0,0.0,0.0,0.0,0.0
ENG-Premier League,2324,Brentford,Vitaly Janelt,GER,"MF,DF",25,1998,38,37,3054,33.9,1,3,4,1,0,0,8,0,0.03,0.09,0.12,0.03,0.12
ENG-Premier League,2324,Brentford,Yehor Yarmoliuk,UKR,MF,19,2004,27,6,688,7.6,0,0,0,0,0,0,2,0,0.0,0.0,0.0,0.0,0.0
ENG-Premier League,2324,Brentford,Yoane Wissa,COD,FW,26,1996,34,29,2493,27.7,12,3,15,12,0,0,7,0,0.43,0.11,0.54,0.43,0.54
ENG-Premier League,2324,Brighton,Adam Lallana,ENG,MF,35,1988,25,13,850,9.4,0,1,1,0,0,0,2,0,0.0,0.11,0.11,0.0,0.11
ENG-Premier League,2324,Brighton,Adam Webster,ENG,DF,28,1995,15,13,1144,12.7,0,0,0,0,0,0,2,0,0.0,0.0,0.0,0.0,0.0
ENG-Premier League,2324,Brighton,Ansu Fati,ESP,"MF,FW",20,2002,19,3,521,5.8,2,0,2,2,0,0,2,0,0.35,0.0,0.35,0.35,0.35
ENG-Premier League,2324,Brighton,Bart Verbruggen,NED,GK,20,2002,21,21,1890,21.0,0,0,0,0,0,0,3,0,0.0,0.0,0.0,0.0,0.0
ENG-Premier League,2324,Brighton,Benicio Boaitey,ENG,FW,19,2004,5,0,40,0.4,0,0,0,0,0,0,1,0,0.0,0.0,0.0,0.0,0.0
ENG-Premier League,2324,Brighton,Billy Gilmour,SCO,MF,22,2001,30,24,2120,23.6,0,1,1,0,0,0,8,1,0.0,0.04,0.04,0.0,0.04
ENG-Premier League,2324,Brighton,Carlos Baleba,CMR,MF,19,2004,27,15,1325,14.7,0,0,0,0,0,0,7,0,0.0,0.0,0.0,0.0,0.0
ENG-Premier League,2324,Brighton,Danny Welbeck,ENG,"FW,MF",32,1990,29,21,1693,18.8,5,1,6,5,0,0,4,0,0.27,0.05,0.32,0.27,0.32
ENG-Premier League,2324,Brighton,Evan Ferguson,IRL,FW,18,2004,27,15,1367,15.2,6,0,6,6,0,0,1,0,0.4,0.0,0.4,0.4,0.4
ENG-Premier League,2324,Brighton,Facundo Buonanotte,ARG,"MF,FW",18,2004,27,17,1364,15.2,3,1,4,3,0,0,7,0,0.2,0.07,0.26,0.2,0.26
ENG-Premier League,2324,Brighton,Igor,BRA,DF,25,1998,24,17,1637,18.2,0,0,0,0,0,0,4,0,0.0,0.0,0.0,0.0,0.0
ENG-Premier League,2324,Brighton,Jack Hinshelwood,ENG,"DF,MF",18,2005,12,8,869,9.7,3,0,3,3,0,0,1,0,0.31,0.0,0.31,0.31,0.31
ENG-Premier League,2324,Brighton,Jakub Moder,POL,"MF,DF",24,1999,17,6,618,6.9,0,0,0,0,0,0,2,0,0.0,0.0,0.0,0.0,0.0
ENG-Premier League,2324,Brighton,James Milner,ENG,"DF,MF",37,1986,15,11,773,8.6,0,2,2,0,0,0,3,0,0.0,0.23,0.23,0.0,0.23
ENG-Premier League,2324,Brighton,Jan Paul van Hecke,NED,DF,23,2000,28,26,2369,26.3,0,0,0,0,0,0,4,0,0.0,0.0,0.0,0.0,0.0
ENG-Premier League,2324,Brighton,Jason Steele,ENG,GK,32,1990,17,17,1530,17.0,0,0,0,0,0,0,0,0,0.0,0.0,0.0,0.0,0.0
ENG-Premier League,2324,Brighton,João Pedro,BRA,"MF,FW",21,2001,31,19,2045,22.7,9,3,12,5,4,5,2,0,0.4,0.13,0.53,0.22,0.35
ENG-Premier League,2324,Brighton,Joël Veltman,NED,DF,31,1992,27,17,1588,17.6,1,1,2,1,0,0,4,0,0.06,0.06,0.11,0.06,0.11
ENG-Premier League,2324,Brighton,Julio Enciso,PAR,MF,19,2004,12,5,475,5.3,0,2,2,0,0,0,2,0,0.0,0.38,0.38,0.0,0.38
ENG-Premier League,2324,Brighton,Kaoru Mitoma,JPN,"MF,FW",26,1997,19,15,1486,16.5,3,4,7,3,0,0,4,0,0.18,0.24,0.42,0.18,0.42
ENG-Premier League,2324,Brighton,Lewis Dunk,ENG,DF,31,1991,33,33,2869,31.9,3,1,4,3,0,0,7,1,0.09,0.03,0.13,0.09,0.13
ENG-Premier League,2324,Brighton,Mahmoud Dahoud,GER,MF,27,1996,9,6,452,5.0,0,1,1,0,0,0,1,1,0.0,0.2,0.2,0.0,0.2
ENG-Premier League,2324,Brighton,Mark O'Mahony,IRL,FW,18,2005,3,1,63,0.7,0,0,0,0,0,0,1,0,0.0,0.0,0.0,0.0,0.0
ENG-Premier League,2324,Brighton,Odeluga Offiah,ENG,DF,20,2002,4,1,128,1.4,0,0,0,0,0,0,0,0,0.0,0.0,0.0,0.0,0.0
ENG-Premier League,2324,Brighton,Pascal Groß,GER,"MF,DF",32,1991,36,34,3114,34.6,4,10,14,3,1,1,6,0,0.12,0.29,0.4,0.09,0.38
ENG-Premier League,2324,Brighton,Pervis Estupiñán,ECU,"DF,MF",25,1998,19,15,1243,13.8,2,3,5,2,0,0,4,0,0.14,0.22,0.36,0.14,0.36
ENG-Premier League,2324,Brighton,Simon Adingra,CIV,MF,21,2002,31,25,2222,24.7,6,1,7,6,0,0,3,0,0.24,0.04,0.28,0.24,0.28
ENG-Premier League,2324,Brighton,Solly March,ENG,"MF,DF",29,1994,7,7,554,6.2,3,1,4,3,0,0,1,0,0.49,0.16,0.65,0.49,0.65
ENG-Premier League,2324,Brighton,Tariq Lamptey,GHA,"DF,MF",22,2000,19,10,914,10.2,0,3,3,0,0,0,3,0,0.0,0.3,0.3,0.0,0.3
ENG-Premier League,2324,Brighton,Valentín Barco,ARG,DF,19,2004,6,3,307,3.4,0,0,0,0,0,0,1,0,0.0,0.0,0.0,0.0,0.0
ENG-Premier League,2324,Burnley,Aaron Ramsey,ENG,MF,20,2003,14,5,527,5.9,0,0,0,0,0,0,1,0,0.0,0.0,0.0,0.0,0.0
ENG-Premier League,2324,Burnley,Ameen Al-Dakhil,BEL,DF,21,2002,13,12,1056,11.7,1,0,1,1,0,0,1,0,0.09,0.0,0.09,0.09,0.09
ENG-Premier League,2324,Burnley,Anass Zaroury,MAR,FW,22,2000,6,1,152,1.7,0,0,0,0,0,0,0,1,0.0,0.0,0.0,0.0,0.0
ENG-Premier League,2324,Burnley,Arijanet Muric,KVX,GK,24,1998,10,10,900,10.0,0,0,0,0,0,0,0,0,0.0,0.0,0.0,0.0,0.0
ENG-Premier League,2324,Burnley,Benson Manuel,ANG,MF,26,1997,8,1,116,1.3,0,0,0,0,0,0,0,0,0.0,0.0,0.0,0.0,0.0
ENG-Premier League,2324,Burnley,Charlie Taylor,ENG,DF,29,1993,28,25,2331,25.9,1,1,2,1,0,0,8,0,0.04,0.04,0.08,0.04,0.08
ENG-Premier League,2324,Burnley,Connor Roberts,WAL,DF,27,1995,14,8,823,9.1,0,1,1,0,0,0,5,1,0.0,0.11,0.11,0.0,0.11
ENG-Premier League,2324,Burnley,Dara O'Shea,IRL,DF,24,1999,33,32,2892,32.1,3,4,7,3,0,0,5,1,0.09,0.12,0.22,0.09,0.22
ENG-Premier League,2324,Burnley,David Datro Fofana,CIV,FW,20,2002,15,10,879,9.8,4,1,5,4,0,0,1,0,0.41,0.1,0.51,0.41,0.51
ENG-Premier League,2324,Burnley,Han-Noah Massengo,FRA,MF,22,2001,3,0,16,0.2,0,0,0,0,0,0,0,0,0.0,0.0,0.0,0.0,0.0
ENG-Premier League,2324,Burnley,Hannes Delcroix,HAI,DF,24,1999,12,5,589,6.5,0,0,0,0,0,0,2,0,0.0,0.0,0.0,0.0,0.0
ENG-Premier League,2324,Burnley,Hjalmar Ekdal,SWE,DF,24,1998,8,5,437,4.9,0,0,0,0,0,0,2,0,0.0,0.0,0.0,0.0,0.0
ENG-Premier League,2324,Burnley,Jack Cork,ENG,"DF,MF",34,1989,4,0,27,0.3,0,0,0,0,0,0,0,0,0.0,0.0,0.0,0.0,0.0
ENG-Premier League,2324,Burnley,Jacob Bruun Larsen,DEN,MF,24,1998,32,16,1249,13.9,6,0,6,5,1,1,1,0,0.43,0.0,0.43,0.36,0.36
ENG-Premier League,2324,Burnley,James Trafford,ENG,GK,20,2002,28,28,2520,28.0,0,0,0,0,0,0,2,0,0.0,0.0,0.0,0.0,0.0
ENG-Premier League,2324,Burnley,Jay Rodriguez,ENG,FW,34,1989,21,7,822,9.1,2,1,3,1,1,1,0,0,0.22,0.11,0.33,0.11,0.22
ENG-Premier League,2324,Burnley,Jordan Beyer,GER,DF,23,2000,15,15,1234,13.7,0,1,1,0,0,0,6,0,0.0,0.07,0.07,0.0,0.07
ENG-Premier League,2324,Burnley,Josh Brownhill,ENG,MF,27,1995,33,23,2252,25.0,4,2,6,4,0,0,4,1,0.16,0.08,0.24,0.16,0.24
ENG-Premier League,2324,Burnley,Josh Cullen,IRL,MF,27,1996,25,23,2057,22.9,2,3,5,2,0,0,9,0,0.09,0.13,0.22,0.09,0.22
ENG-Premier League,2324,Burnley,Jóhann Berg Guðmundsson,ISL,MF,32,1990,26,12,1192,13.2,1,3,4,1,0,0,2,0,0.08,0.23,0.3,0.08,0.3
ENG-Premier League,2324,Burnley,Lorenz Assignon,TOG,DF,23,2000,15,15,1234,13.7,1,2,3,1,0,0,5,1,0.07,0.15,0.22,0.07,0.22
ENG-Premier League,2324,Burnley,Luca Koleosho,ITA,"MF,FW",18,2004,15,13,974,10.8,1,1,2,1,0,0,0,0,0.09,0.09,0.18,0.09,0.18
ENG-Premier League,2324,Burnley,Lyle Foster,RSA,"FW,MF",22,2000,24,22,1899,21.1,5,3,8,5,0,0,0,1,0.24,0.14,0.38,0.24,0.38
ENG-Premier League,2324,Burnley,Maxime Estève,FRA,DF,21,2002,16,15,1309,14.5,0,0,0,0,0,0,6,0,0.0,0.0,0.0,0.0,0.0
ENG-Premier League,2324,Burnley,Michael Obafemi,IRL,FW,23,2000,2,0,20,0.2,0,0,0,0,0,0,0,0,0.0,0.0,0.0,0.0,0.0
ENG-Premier League,2324,Burnley,Mike Trésor,BEL,"MF,FW",24,1999,16,3,420,4.7,0,0,0,0,0,0,0,0,0.0,0.0,0.0,0.0,0.0
ENG-Premier League,2324,Burnley,Nathan Redmond,ENG,"FW,MF",29,1994,12,0,142,1.6,0,0,0,0,0,0,1,0,0.0,0.0,0.0,0.0,0.0
ENG-Premier League,2324,Burnley,Sander Berge,NOR,MF,25,1998,37,34,3005,33.4,1,2,3,1,0,0,10,1,0.03,0.06,0.09,0.03,0.09
ENG-Premier League,2324,Burnley,Vitinho,BRA,"DF,MF",24,1999,32,26,2314,25.7,0,2,2,0,0,0,1,0,0.0,0.08,0.08,0.0,0.08
ENG-Premier League,2324,Burnley,Wilson Odobert,FRA,"MF,FW",18,2004,29,25,2098,23.3,3,2,5,3,0,0,3,0,0.13,0.09,0.21,0.13,0.21
ENG-Premier League,2324,Burnley,Zeki Amdouni,SUI,FW,22,2000,34,27,1953,21.7,5,1,6,4,1,1,2,0,0.23,0.05,0.28,0.18,0.23
ENG-Premier League,2324,Chelsea,Alex Matos,ENG,MF,18,2004,1,0,1,0.0,0,0,0,0,0,0,0,0,0.0,0.0,0.0,0.0,0.0
ENG-Premier League,2324,Chelsea,Alfie Gilchrist,ENG,DF,19,2003,11,2,207,2.3,1,0,1,1,0,0,1,0,0.43,0.0,0.43,0.43,0.43
ENG-Premier League,2324,Chelsea,Armando Broja,ALB,FW,21,2001,13,6,454,5.0,1,0,1,1,0,0,0,0,0.2,0.0,0.2,0.2,0.2
ENG-Premier League,2324,Chelsea,Axel Disasi,FRA,DF,25,1998,31,29,2579,28.7,2,0,2,2,0,0,6,0,0.07,0.0,0.07,0.07,0.07
ENG-Premier League,2324,Chelsea,Ben Chilwell,ENG,"MF,DF",26,1996,13,9,756,8.4,0,1,1,0,0,0,5,0,0.0,0.12,0.12,0.0,0.12
ENG-Premier League,2324,Chelsea,Benoît Badiashile,FRA,DF,22,2001,18,15,1338,14.9,0,1,1,0,0,0,3,0,0.0,0.07,0.07,0.0,0.07
ENG-Premier League,2324,Chelsea,Carney Chukwuemeka,AUT,MF,19,2003,9,2,227,2.5,1,1,2,1,0,0,2,0,0.4,0.4,0.79,0.4,0.79
ENG-Premier League,2324,Chelsea,Cesare Casadei,ITA,MF,20,2003,11,0,79,0.9,0,0,0,0,0,0,0,0,0.0,0.0,0.0,0.0,0.0
ENG-Premier League,2324,Chelsea,Christopher Nkunku,FRA,"MF,FW",25,1997,11,2,443,4.9,3,0,3,3,0,0,0,0,0.61,0.0,0.61,0.61,0.61
ENG-Premier League,2324,Chelsea,Cole Palmer,ENG,"MF,FW",21,2002,33,29,2607,29.0,22,11,33,13,9,9,7,0,0.76,0.38,1.14,0.45,0.83
ENG-Premier League,2324,Chelsea,Conor Gallagher,ENG,MF,23,2000,37,37,3128,34.8,5,7,12,5,0,0,9,1,0.14,0.2,0.35,0.14,0.35
ENG-Premier League,2324,Chelsea,Deivid Washington,BRA,FW,18,2005,2,0,13,0.1,0,0,0,0,0,0,0,0,0.0,0.0,0.0,0.0,0.0
ENG-Premier League,2324,Chelsea,Enzo Fernández,ARG,MF,22,2001,28,26,2209,24.5,3,2,5,2,1,2,7,0,0.12,0.08,0.2,0.08,0.16
ENG-Premier League,2324,Chelsea,Ian Maatsen,NED,MF,21,2002,12,1,209,2.3,0,0,0,0,0,0,1,0,0.0,0.0,0.0,0.0,0.0
ENG-Premier League,2324,Chelsea,Jimi Tauriainen,ENG,FW,19,2004,1,0,1,0.0,0,0,0,0,0,0,0,0,0.0,0.0,0.0,0.0,0.0
ENG-Premier League,2324,Chelsea,Joshua Acheampong,ENG,DF,17,2006,1,0,6,0.1,0,0,0,0,0,0,0,0,0.0,0.0,0.0,0.0,0.0
ENG-Premier League,2324,Chelsea,Lesley Ugochukwu,FRA,MF,19,2004,12,3,301,3.3,0,0,0,0,0,0,2,0,0.0,0.0,0.0,0.0,0.0
ENG-Premier League,2324,Chelsea,Levi Colwill,ENG,DF,20,2003,23,20,1797,20.0,1,1,2,1,0,0,2,0,0.05,0.05,0.1,0.05,0.1
ENG-Premier League,2324,Chelsea,Malo Gusto,FRA,"DF,MF",20,2003,27,19,1751,19.5,0,6,6,0,0,0,7,1,0.0,0.31,0.31,0.0,0.31
ENG-Premier League,2324,Chelsea,Marc Cucurella,ESP,DF,25,1998,21,20,1782,19.8,0,2,2,0,0,0,10,0,0.0,0.1,0.1,0.0,0.1
ENG-Premier League,2324,Chelsea,Mason Burstow,ENG,FW,19,2003,2,0,9,0.1,0,0,0,0,0,0,0,0,0.0,0.0,0.0,0.0,0.0
ENG-Premier League,2324,Chelsea,Moisés Caicedo,ECU,MF,21,2001,35,33,2866,31.8,1,3,4,1,0,0,11,0,0.03,0.09,0.13,0.03,0.13
ENG-Premier League,2324,Chelsea,Mykhailo Mudryk,UKR,MF,22,2001,31,18,1576,17.5,5,2,7,5,0,0,5,0,0.29,0.11,0.4,0.29,0.4
ENG-Premier League,2324,Chelsea,Nicolas Jackson,SEN,FW,22,2001,35,31,2799,31.1,14,5,19,14,0,0,10,0,0.45,0.16,0.61,0.45,0.61
ENG-Premier League,2324,Chelsea,Noni Madueke,ENG,MF,21,2002,23,13,1053,11.7,5,2,7,4,1,1,2,0,0.43,0.17,0.6,0.34,0.51
ENG-Premier League,2324,Chelsea,Raheem Sterling,ENG,MF,28,1994,31,22,1978,22.0,8,4,12,8,0,0,7,0,0.36,0.18,0.55,0.36,0.55
ENG-Premier League,2324,Chelsea,Reece James,ENG,"DF,MF",23,1999,10,5,419,4.7,0,2,2,0,0,0,2,2,0.0,0.43,0.43,0.0,0.43
ENG-Premier League,2324,Chelsea,Robert Sánchez,ESP,GK,25,1997,16,16,1433,15.9,0,0,0,0,0,0,2,0,0.0,0.0,0.0,0.0,0.0
ENG-Premier League,2324,Chelsea,Roméo Lavia,BEL,MF,19,2004,1,0,33,0.4,0,0,0,0,0,0,0,0,0.0,0.0,0.0,0.0,0.0
ENG-Premier League,2324,Chelsea,Thiago Silva,BRA,DF,38,1984,31,28,2527,28.1,3,1,4,3,0,0,4,0,0.11,0.04,0.14,0.11,0.14
ENG-Premier League,2324,Chelsea,Trevoh Chalobah,ENG,DF,24,1999,13,10,952,10.6,1,0,1,1,0,0,1,0,0.09,0.0,0.09,0.09,0.09
ENG-Premier League,2324,Chelsea,Đorđe Petrović,SRB,GK,23,1999,23,22,1987,22.1,0,0,0,0,0,0,2,0,0.0,0.0,0.0,0.0,0.0
ENG-Premier League,2324,Crystal Palace,Adam Wharton,ENG,MF,19,2004,16,15,1297,14.4,0,3,3,0,0,0,2,0,0.0,0.21,0.21,0.0,0.21
ENG-Premier League,2324,Crystal Palace,Cheick Doucouré,MLI,MF,23,2000,11,11,919,10.2,0,0,0,0,0,0,2,0,0.0,0.0,0.0,0.0,0.0
ENG-Premier League,2324,Crystal Palace,Chris Richards,USA,"DF,MF",23,2000,26,23,2094,23.3,1,1,2,1,0,0,3,0,0.04,0.04,0.09,0.04,0.09
ENG-Premier League,2324,Crystal Palace,Daniel Muñoz,COL,"MF,DF",27,1996,16,16,1439,16.0,0,4,4,0,0,0,4,0,0.0,0.25,0.25,0.0,0.25
ENG-Premier League,2324,Crystal Palace,David Ozoh,ENG,MF,18,2005,9,0,156,1.7,0,0,0,0,0,0,1,0,0.0,0.0,0.0,0.0,0.0
ENG-Premier League,2324,Crystal Palace,Dean Henderson,ENG,GK,26,1997,18,18,1620,18.0,0,0,0,0,0,0,2,0,0.0,0.0,0.0,0.0,0.0
ENG-Premier League,2324,Crystal Palace,Eberechi Eze,ENG,"MF,FW",25,1998,27,24,2055,22.8,11,4,15,10,1,1,3,0,0.48,0.18,0.66,0.44,0.61
ENG-Premier League,2324,Crystal Palace,James Tomkins,ENG,"DF,MF",34,1989,4,0,10,0.1,0,0,0,0,0,0,0,0,0.0,0.0,0.0,0.0,0.0
ENG-Premier League,2324,Crystal Palace,Jaïro Riedewald,NED,MF,26,1996,9,2,235,2.6,0,0,0,0,0,0,0,0,0.0,0.0,0.0,0.0,0.0
ENG-Premier League,2324,Crystal Palace,Jean-Philippe Mateta,FRA,FW,26,1997,35,25,2282,25.4,16,5,21,14,2,2,3,0,0.63,0.2,0.83,0.55,0.75
ENG-Premier League,2324,Crystal Palace,Jefferson Lerma,COL,"MF,DF",28,1994,28,27,2400,26.7,1,1,2,1,0,0,8,0,0.04,0.04,0.07,0.04,0.07
ENG-Premier League,2324,Crystal Palace,Jeffrey Schlupp,GHA,"MF,FW",30,1992,29,17,1352,15.0,2,2,4,2,0,0,1,0,0.13,0.13,0.27,0.13,0.27
ENG-Premier League,2324,Crystal Palace,Jesurun Rak Sakyi,GHA,"FW,MF",20,2002,6,0,136,1.5,0,0,0,0,0,0,0,0,0.0,0.0,0.0,0.0,0.0
ENG-Premier League,2324,Crystal Palace,Joachim Andersen,DEN,DF,27,1996,38,38,3415,37.9,2,3,5,2,0,0,7,0,0.05,0.08,0.13,0.05,0.13
ENG-Premier League,2324,Crystal Palace,Joel Ward,ENG,DF,33,1989,26,23,1980,22.0,0,1,1,0,0,0,4,0,0.0,0.05,0.05,0.0,0.05
ENG-Premier League,2324,Crystal Palace,Jordan Ayew,GHA,"MF,FW",31,1991,35,30,2543,28.3,4,7,11,4,0,0,9,1,0.14,0.25,0.39,0.14,0.39
ENG-Premier League,2324,Crystal Palace,Marc Guéhi,ENG,DF,23,2000,25,23,2021,22.5,0,1,1,0,0,0,2,0,0.0,0.04,0.04,0.0,0.04
ENG-Premier League,2324,Crystal Palace,Matheus França,BRA,MF,19,2004,10,1,232,2.6,0,1,1,0,0,0,1,0,0.0,0.39,0.39,0.0,0.39
ENG-Premier League,2324,Crystal Palace,Michael Olise,FRA,"MF,FW",21,2001,19,14,1275,14.2,10,6,16,9,1,1,0,0,0.71,0.42,1.13,0.64,1.06
ENG-Premier League,2324,Crystal Palace,Naouirou Ahamada,FRA,MF,21,2002,20,0,349,3.9,0,0,0,0,0,0,4,1,0.0,0.0,0.0,0.0,0.0
ENG-Premier League,2324,Crystal Palace,Nathaniel Clyne,ENG,DF,32,1991,19,14,1338,14.9,0,0,0,0,0,0,0,0,0.0,0.0,0.0,0.0,0.0
ENG-Premier League,2324,Crystal Palace,Odsonne Édouard,FRA,"FW,MF",25,1998,30,17,1555,17.3,7,0,7,7,0,0,4,0,0.41,0.0,0.41,0.41,0.41
ENG-Premier League,2324,Crystal Palace,Remi Matthews,ENG,GK,29,1994,1,0,4,0.0,0,0,0,0,0,0,0,0,0.0,0.0,0.0,0.0,0.0
ENG-Premier League,2324,Crystal Palace,Sam Johnstone,ENG,GK,30,1993,20,20,1796,20.0,0,0,0,0,0,0,1,0,0.0,0.0,0.0,0.0,0.0
ENG-Premier League,2324,Crystal Palace,Tyrick Mitchell,ENG,"DF,MF",23,1999,37,37,3204,35.6,2,3,5,2,0,0,6,0,0.06,0.08,0.14,0.06,0.14
ENG-Premier League,2324,Crystal Palace,Will Hughes,ENG,MF,28,1995,30,23,1891,21.0,0,1,1,0,0,0,6,0,0.0,0.05,0.05,0.0,0.05
ENG-Premier League,2324,Everton,Abdoulaye Doucouré,MLI,MF,30,1993,32,32,2629,29.2,7,1,8,7,0,0,7,0,0.24,0.03,0.27,0.24,0.27
ENG-Premier League,2324,Everton,Alex Iwobi,NGA,MF,27,1996,2,2,140,1.6,0,0,0,0,0,0,0,0,0.0,0.0,0.0,0.0,0.0
ENG-Premier League,2324,Everton,Amadou Onana,BEL,MF,21,2001,30,23,2091,23.2,2,0,2,2,0,0,5,0,0.09,0.0,0.09,0.09,0.09
ENG-Premier League,2324,Everton,André Gomes,POR,MF,30,1993,12,3,508,5.6,1,0,1,1,0,0,4,0,0.18,0.0,0.18,0.18,0.18
ENG-Premier League,2324,Everton,Arnaut Danjuma,NED,"MF,FW",26,1997,14,5,595,6.6,1,0,1,1,0,0,0,0,0.15,0.0,0.15,0.15,0.15
ENG-Premier League,2324,Everton,Ashley Young,ENG,"DF,MF",38,1985,31,27,2280,25.3,0,0,0,0,0,0,7,1,0.0,0.0,0.0,0.0,0.0
ENG-Premier League,2324,Everton,Ben Godfrey,ENG,DF,25,1998,15,13,1120,12.4,0,0,0,0,0,0,2,0,0.0,0.0,0.0,0.0,0.0
ENG-Premier League,2324,Everton,Beto,GNB,FW,25,1998,30,9,951,10.6,3,0,3,3,0,1,2,0,0.28,0.0,0.28,0.28,0.28
ENG-Premier League,2324,Everton,Dominic Calvert-Lewin,ENG,FW,26,1997,32,26,2171,24.1,7,2,9,5,2,2,2,0,0.29,0.08,0.37,0.21,0.29
ENG-Premier League,2324,Everton,Dwight McNeil,ENG,MF,23,1999,35,33,2892,32.1,3,6,9,3,0,0,2,0,0.09,0.19,0.28,0.09,0.28
ENG-Premier League,2324,Everton,Idrissa Gueye,SEN,MF,33,1989,25,24,1884,20.9,4,0,4,4,0,0,8,0,0.19,0.0,0.19,0.19,0.19
ENG-Premier League,2324,Everton,Jack Harrison,ENG,MF,26,1996,29,25,2214,24.6,3,3,6,3,0,0,1,0,0.12,0.12,0.24,0.12,0.24
ENG-Premier League,2324,Everton,James Garner,ENG,MF,22,2001,37,34,3004,33.4,1,2,3,1,0,0,7,0,0.03,0.06,0.09,0.03,0.09
ENG-Premier League,2324,Everton,James Tarkowski,ENG,DF,30,1992,38,38,3419,38.0,1,1,2,1,0,0,11,0,0.03,0.03,0.05,0.03,0.05
ENG-Premier League,2324,Everton,Jarrad Branthwaite,ENG,DF,21,2002,35,35,3116,34.6,3,0,3,3,0,0,8,0,0.09,0.0,0.09,0.09,0.09
ENG-Premier League,2324,Everton,Jordan Pickford,ENG,GK,29,1994,38,38,3420,38.0,0,0,0,0,0,0,5,0,0.0,0.0,0.0,0.0,0.0
ENG-Premier League,2324,Everton,Lewis Dobbin,ENG,MF,20,2003,12,1,232,2.6,1,0,1,1,0,0,1,0,0.39,0.0,0.39,0.39,0.39
ENG-Premier League,2324,Everton,Lewis Warrington,ENG,MF,20,2002,1,0,1,0.0,0,0,0,0,0,0,0,0,0.0,0.0,0.0,0.0,0.0
ENG-Premier League,2324,Everton,Michael Keane,ENG,DF,30,1993,9,4,439,4.9,1,0,1,1,0,0,2,0,0.21,0.0,0.21,0.21,0.21
ENG-Premier League,2324,Everton,Nathan Patterson,SCO,DF,21,2001,20,9,1005,11.2,0,2,2,0,0,0,4,0,0.0,0.18,0.18,0.0,0.18
ENG-Premier League,2324,Everton,Neal Maupay,FRA,FW,26,1996,2,1,111,1.2,0,0,0,0,0,0,0,0,0.0,0.0,0.0,0.0,0.0
ENG-Premier League,2324,Everton,Séamus Coleman,IRL,DF,34,1988,12,7,665,7.4,0,0,0,0,0,0,0,0,0.0,0.0,0.0,0.0,0.0
ENG-Premier League,2324,Everton,Tom Cannon,IRL,FW,20,2002,1,0,1,0.0,0,0,0,0,0,0,0,0,0.0,0.0,0.0,0.0,0.0
ENG-Premier League,2324,Everton,Tyler Onyango,ENG,MF,20,2003,1,0,1,0.0,0,0,0,0,0,0,0,0,0.0,0.0,0.0,0.0,0.0
ENG-Premier League,2324,Everton,Vitaliy Mykolenko,UKR,DF,24,1999,28,28,2469,27.4,2,0,2,2,0,0,1,0,0.07,0.0,0.07,0.07,0.07
ENG-Premier League,2324,Everton,Youssef Chermiti,POR,FW,19,2004,18,1,208,2.3,0,0,0,0,0,0,3,0,0.0,0.0,0.0,0.0,0.0
ENG-Premier League,2324,Fulham,Adama Traoré,ESP,MF,27,1996,17,1,377,4.2,2,3,5,2,0,0,2,0,0.48,0.72,1.19,0.48,1.19
ENG-Premier League,2324,Fulham,Aleksandar Mitrović,SRB,FW,28,1994,1,0,33,0.4,0,0,0,0,0,0,0,0,0.0,0.0,0.0,0.0,0.0
ENG-Premier League,2324,Fulham,Alex Iwobi,NGA,MF,27,1996,30,25,2192,24.4,5,2,7,5,0,0,2,0,0.21,0.08,0.29,0.21,0.29
ENG-Premier League,2324,Fulham,Andreas Pereira,BRA,MF,27,1996,37,34,2613,29.0,3,7,10,3,0,0,6,0,0.1,0.24,0.34,0.1,0.34
ENG-Premier League,2324,Fulham,Antonee Robinson,USA,DF,25,1997,37,37,3265,36.3,0,6,6,0,0,0,6,0,0.0,0.17,0.17,0.0,0.17
ENG-Premier League,2324,Fulham,Armando Broja,ALB,FW,21,2001,8,0,88,1.0,0,1,1,0,0,0,0,0,0.0,1.02,1.02,0.0,1.02
ENG-Premier League,2324,Fulham,Bernd Leno,GER,GK,31,1992,38,38,3420,38.0,0,0,0,0,0,0,3,0,0.0,0.0,0.0,0.0,0.0
ENG-Premier League,2324,Fulham,Bobby De Cordova-Reid,JAM,"MF,FW",30,1993,33,17,1423,15.8,6,2,8,6,0,0,4,0,0.38,0.13,0.51,0.38,0.51
ENG-Premier League,2324,Fulham,Calvin Bassey,NGA,DF,23,1999,29,25,2303,25.6,1,0,1,1,0,0,6,1,0.04,0.0,0.04,0.04,0.04
ENG-Premier League,2324,Fulham,Carlos Vinícius,BRA,FW,28,1995,13,2,315,3.5,2,0,2,2,0,0,2,0,0.57,0.0,0.57,0.57,0.57
ENG-Premier League,2324,Fulham,Fodé Ballo-Touré,SEN,"DF,MF",26,1997,6,0,71,0.8,0,0,0,0,0,0,1,0,0.0,0.0,0.0,0.0,0.0
ENG-Premier League,2324,Fulham,Harrison Reed,ENG,MF,28,1995,27,15,1325,14.7,0,2,2,0,0,0,6,0,0.0,0.14,0.14,0.0,0.14
ENG-Premier League,2324,Fulham,Harry Wilson,WAL,"MF,FW",26,1997,35,16,1620,18.0,4,6,10,4,0,0,6,0,0.22,0.33,0.56,0.22,0.56
ENG-Premier League,2324,Fulham,Issa Diop,MAR,DF,26,1997,18,16,1424,15.8,0,0,0,0,0,0,4,1,0.0,0.0,0.0,0.0,0.0
ENG-Premier League,2324,Fulham,João Palhinha,POR,MF,28,1995,33,31,2699,30.0,4,1,5,4,0,0,13,0,0.13,0.03,0.17,0.13,0.17
ENG-Premier League,2324,Fulham,Kenny Tete,NED,DF,27,1995,14,10,867,9.6,1,0,1,1,0,0,2,0,0.1,0.0,0.1,0.1,0.1
ENG-Premier League,2324,Fulham,Luke Harris,WAL,MF,18,2005,1,0,75,0.8,0,0,0,0,0,0,0,0,0.0,0.0,0.0,0.0,0.0
ENG-Premier League,2324,Fulham,Raúl Jiménez,MEX,FW,32,1991,24,18,1395,15.5,7,0,7,7,0,0,3,1,0.45,0.0,0.45,0.45,0.45
ENG-Premier League,2324,Fulham,Rodrigo Muniz,BRA,FW,22,2001,26,18,1593,17.7,9,1,10,9,0,0,1,0,0.51,0.06,0.56,0.51,0.56
ENG-Premier League,2324,Fulham,Saša Lukić,SRB,MF,26,1996,24,13,1122,12.5,1,0,1,1,0,0,3,0,0.08,0.0,0.08,0.08,0.08
ENG-Premier League,2324,Fulham,Tim Ream,USA,DF,35,1987,18,17,1503,16.7,1,0,1,1,0,0,4,1,0.06,0.0,0.06,0.06,0.06
ENG-Premier League,2324,Fulham,Timothy Castagne,BEL,DF,27,1995,34,29,2634,29.3,1,3,4,1,0,0,3,0,0.03,0.1,0.14,0.03,0.14
ENG-Premier League,2324,Fulham,Tom Cairney,SCO,MF,32,1991,34,14,1488,16.5,1,4,5,1,0,0,3,0,0.06,0.24,0.3,0.06,0.3
ENG-Premier League,2324,Fulham,Tosin Adarabioyo,ENG,DF,25,1997,20,18,1617,18.0,2,0,2,2,0,0,2,0,0.11,0.0,0.11,0.11,0.11
ENG-Premier League,2324,Fulham,Willian,BRA,"MF,FW",34,1988,31,24,2053,22.8,4,2,6,2,2,2,1,0,0.18,0.09,0.26,0.09,0.18
ENG-Premier League,2324,Liverpool,Alexis Mac Allister,ARG,MF,24,1998,33,31,2599,28.9,5,5,10,4,1,1,7,1,0.17,0.17,0.35,0.14,0.31
ENG-Premier League,2324,Liverpool,Alisson,BRA,GK,30,1992,28,28,2520,28.0,0,0,0,0,0,0,1,0,0.0,0.0,0.0,0.0,0.0
ENG-Premier League,2324,Liverpool,Andy Robertson,SCO,DF,29,1994,23,18,1693,18.8,3,2,5,3,0,0,2,0,0.16,0.11,0.27,0.16,0.27
ENG-Premier League,2324,Liverpool,Ben Gannon-Doak,SCO,MF,17,2005,1,0,14,0.2,0,0,0,0,0,0,0,0,0.0,0.0,0.0,0.0,0.0
ENG-Premier League,2324,Liverpool,Bobby Clark,ENG,MF,18,2005,5,1,89,1.0,0,0,0,0,0,0,0,0,0.0,0.0,0.0,0.0,0.0
ENG-Premier League,2324,Liverpool,Caoimhín Kelleher,IRL,GK,24,1998,10,10,900,10.0,0,0,0,0,0,0,0,0,0.0,0.0,0.0,0.0,0.0
ENG-Premier League,2324,Liverpool,Cody Gakpo,NED,"FW,MF",24,1999,35,17,1649,18.3,8,5,13,8,0,0,1,0,0.44,0.27,0.71,0.44,0.71
ENG-Premier League,2324,Liverpool,Conor Bradley,NIR,DF,20,2003,11,10,753,8.4,1,3,4,1,0,0,2,0,0.12,0.36,0.48,0.12,0.48
ENG-Premier League,2324,Liverpool,Curtis Jones,ENG,MF,22,2001,23,14,1167,13.0,1,1,2,1,0,0,3,1,0.08,0.08,0.15,0.08,0.15
ENG-Premier League,2324,Liverpool,Darwin Núñez,URU,FW,24,1999,36,22,2047,22.7,11,8,19,11,0,1,9,0,0.48,0.35,0.84,0.48,0.84
ENG-Premier League,2324,Liverpool,Diogo Jota,POR,FW,26,1996,21,14,1145,12.7,10,3,13,10,0,0,3,1,0.79,0.24,1.02,0.79,1.02
ENG-Premier League,2324,Liverpool,Dominik Szoboszlai,HUN,MF,22,2000,33,25,2104,23.4,3,2,5,3,0,0,1,0,0.13,0.09,0.21,0.13,0.21
ENG-Premier League,2324,Liverpool,Harvey Elliott,ENG,"MF,FW",20,2003,34,11,1352,15.0,3,6,9,3,0,0,2,0,0.2,0.4,0.6,0.2,0.6
ENG-Premier League,2324,Liverpool,Ibrahima Konaté,FRA,DF,24,1999,22,17,1574,17.5,0,0,0,0,0,0,5,1,0.0,0.0,0.0,0.0,0.0
ENG-Premier League,2324,Liverpool,James McConnell,ENG,MF,18,2004,3,0,4,0.0,0,0,0,0,0,0,0,0,0.0,0.0,0.0,0.0,0.0
ENG-Premier League,2324,Liverpool,Jarell Quansah,ENG,DF,20,2003,17,13,1190,13.2,2,0,2,2,0,0,1,0,0.15,0.0,0.15,0.15,0.15
ENG-Premier League,2324,Liverpool,Jayden Danns,ENG,FW,17,2006,2,0,9,0.1,0,0,0,0,0,0,1,0,0.0,0.0,0.0,0.0,0.0
ENG-Premier League,2324,Liverpool,Joe Gomez,ENG,DF,26,1997,32,17,1786,19.8,0,1,1,0,0,0,5,0,0.0,0.05,0.05,0.0,0.05
ENG-Premier League,2324,Liverpool,Joël Matip,CMR,DF,31,1991,10,9,781,8.7,0,0,0,0,0,0,2,0,0.0,0.0,0.0,0.0,0.0
ENG-Premier League,2324,Liverpool,Kaide Gordon,ENG,FW,18,2004,1,0,1,0.0,0,0,0,0,0,0,0,0,0.0,0.0,0.0,0.0,0.0
ENG-Premier League,2324,Liverpool,Kostas Tsimikas,GRE,DF,27,1996,13,8,679,7.5,0,3,3,0,0,0,0,0,0.0,0.4,0.4,0.0,0.4
ENG-Premier League,2324,Liverpool,Luis Díaz,COL,FW,26,1997,37,32,2629,29.2,8,5,13,8,0,0,3,0,0.27,0.17,0.45,0.27,0.45
ENG-Premier League,2324,Liverpool,Mohamed Salah,EGY,FW,31,1992,32,28,2534,28.2,18,10,28,13,5,7,2,0,0.64,0.36,0.99,0.46,0.82
ENG-Premier League,2324,Liverpool,Owen Beck,WAL,"DF,MF",20,2002,1,0,8,0.1,0,0,0,0,0,0,0,0,0.0,0.0,0.0,0.0,0.0
ENG-Premier League,2324,Liverpool,Ryan Gravenberch,NED,MF,21,2002,26,12,1121,12.5,1,0,1,1,0,0,0,0,0.08,0.0,0.08,0.08,0.08
ENG-Premier League,2324,Liverpool,Stefan Bajcetic,ESP,MF,18,2004,1,0,26,0.3,0,0,0,0,0,0,0,0,0.0,0.0,0.0,0.0,0.0
ENG-Premier League,2324,Liverpool,Thiago Alcántara,ESP,MF,32,1991,1,0,6,0.1,0,0,0,0,0,0,0,0,0.0,0.0,0.0,0.0,0.0
ENG-Premier League,2324,Liverpool,Trent Alexander-Arnold,ENG,DF,24,1998,28,25,2155,23.9,3,4,7,3,0,0,6,0,0.13,0.17,0.29,0.13,0.29
ENG-Premier League,2324,Liverpool,Virgil van Dijk,NED,DF,32,1991,36,36,3177,35.3,2,2,4,2,0,0,3,1,0.06,0.06,0.11,0.06,0.11
ENG-Premier League,2324,Liverpool,Wataru Endo,JPN,MF,30,1993,29,20,1722,19.1,1,0,1,1,0,0,10,0,0.05,0.0,0.05,0.05,0.05
ENG-Premier League,2324,Luton Town,Albert Sambi Lokonga,BEL,MF,23,1999,17,16,1303,14.5,1,3,4,1,0,0,4,0,0.07,0.21,0.28,0.07,0.28
ENG-Premier League,2324,Luton Town,Alfie Doughty,ENG,"MF,DF",23,1999,37,34,2925,32.5,2,8,10,2,0,0,5,0,0.06,0.25,0.31,0.06,0.31
ENG-Premier League,2324,Luton Town,Amari'i Bell,JAM,DF,29,1994,21,21,1720,19.1,0,0,0,0,0,0,0,0,0.0,0.0,0.0,0.0,0.0
ENG-Premier League,2324,Luton Town,Andros Townsend,ENG,"MF,FW",32,1991,27,14,1210,13.4,1,3,4,1,0,0,1,0,0.07,0.22,0.3,0.07,0.3
ENG-Premier League,2324,Luton Town,Carlton Morris,ENG,"FW,MF",27,1995,38,32,2862,31.8,11,4,15,6,5,5,4,0,0.35,0.13,0.47,0.19,0.31
ENG-Premier League,2324,Luton Town,Cauley Woodrow,ENG,FW,28,1994,24,2,427,4.7,1,1,2,1,0,0,2,0,0.21,0.21,0.42,0.21,0.42
ENG-Premier League,2324,Luton Town,Chiedozie Ogbene,IRL,MF,26,1997,30,20,1995,22.2,4,1,5,4,0,0,1,0,0.18,0.05,0.23,0.18,0.23
ENG-Premier League,2324,Luton Town,Daiki Hashioka,JPN,"DF,MF",24,1999,10,6,595,6.6,0,0,0,0,0,0,0,0,0.0,0.0,0.0,0.0,0.0
ENG-Premier League,2324,Luton Town,Elijah Adebayo,ENG,FW,25,1998,27,16,1419,15.8,10,0,10,10,0,0,1,0,0.63,0.0,0.63,0.63,0.63
ENG-Premier League,2324,Luton Town,Fred Onyedinma,ENG,MF,26,1996,8,4,407,4.5,0,0,0,0,0,0,1,0,0.0,0.0,0.0,0.0,0.0
ENG-Premier League,2324,Luton Town,Gabriel Osho,NGA,DF,24,1998,21,21,1846,20.5,2,0,2,2,0,0,3,0,0.1,0.0,0.1,0.1,0.1
ENG-Premier League,2324,Luton Town,Issa Kaboré,BFA,"MF,DF",22,2001,24,21,1729,19.2,0,2,2,0,0,0,7,0,0.0,0.1,0.1,0.0,0.1
ENG-Premier League,2324,Luton Town,Jacob Brown,SCO,"MF,FW",25,1998,19,12,1019,11.3,2,0,2,2,0,0,4,0,0.18,0.0,0.18,0.18,0.18
ENG-Premier League,2324,Luton Town,James Shea,ENG,GK,32,1991,1,0,15,0.2,0,0,0,0,0,0,0,0,0.0,0.0,0.0,0.0,0.0
ENG-Premier League,2324,Luton Town,Jordan Clark,ENG,MF,29,1993,23,14,1304,14.5,1,1,2,1,0,0,4,0,0.07,0.07,0.14,0.07,0.14
ENG-Premier League,2324,Luton Town,Joseph Johnson,ENG,DF,17,2006,2,0,77,0.9,0,0,0,0,0,0,1,0,0.0,0.0,0.0,0.0,0.0
ENG-Premier League,2324,Luton Town,Luke Berry,ENG,MF,31,1992,17,2,323,3.6,2,1,3,2,0,0,1,0,0.56,0.28,0.84,0.56,0.84
ENG-Premier League,2324,Luton Town,Mads Juel Andersen,DEN,DF,25,1997,8,4,400,4.4,1,0,1,1,0,0,1,0,0.23,0.0,0.23,0.23,0.23
ENG-Premier League,2324,Luton Town,Marvelous Nakamba,ZIM,MF,29,1994,13,13,1130,12.6,0,0,0,0,0,0,5,0,0.0,0.0,0.0,0.0,0.0
ENG-Premier League,2324,Luton Town,Pelly Ruddock Mpanzu,COD,MF,30,1993,27,11,1101,12.2,0,0,0,0,0,0,1,0,0.0,0.0,0.0,0.0,0.0
ENG-Premier League,2324,Luton Town,Reece Burke,ENG,DF,26,1996,22,20,1660,18.4,0,4,4,0,0,0,5,0,0.0,0.22,0.22,0.0,0.22
ENG-Premier League,2324,Luton Town,Ross Barkley,ENG,MF,29,1993,32,30,2618,29.1,5,4,9,5,0,0,6,0,0.17,0.14,0.31,0.17,0.31
ENG-Premier League,2324,Luton Town,Ryan Giles,ENG,"MF,DF",23,2000,11,5,503,5.6,0,0,0,0,0,0,0,0,0.0,0.0,0.0,0.0,0.0
ENG-Premier League,2324,Luton Town,Tahith Chong,CUW,"MF,FW",23,1999,33,20,1982,22.0,4,0,4,4,0,0,4,0,0.18,0.0,0.18,0.18,0.18
ENG-Premier League,2324,Luton Town,Teden Mengi,ENG,DF,21,2002,30,28,2469,27.4,1,0,1,1,0,0,3,0,0.04,0.0,0.04,0.04,0.04
ENG-Premier League,2324,Luton Town,Thomas Kaminski,BEL,GK,30,1992,38,38,3405,37.8,0,0,0,0,0,0,3,0,0.0,0.0,0.0,0.0,0.0
ENG-Premier League,2324,Luton Town,Tom Lockyer,WAL,DF,28,1994,14,14,1169,13.0,1,1,2,1,0,0,4,0,0.08,0.08,0.15,0.08,0.15
ENG-Premier League,2324,Luton Town,Zack Nelson,ENG,MF,18,2005,2,0,7,0.1,0,0,0,0,0,0,0,0,0.0,0.0,0.0,0.0,0.0
ENG-Premier League,2324,Manchester City,Aymeric Laporte,ESP,DF,29,1994,1,0,12,0.1,0,0,0,0,0,0,0,0,0.0,0.0,0.0,0.0,0.0
ENG-Premier League,2324,Manchester City,Bernardo Silva,POR,MF,28,1994,33,29,2578,28.6,6,9,15,6,0,0,8,0,0.21,0.31,0.52,0.21,0.52
ENG-Premier League,2324,Manchester City,Cole Palmer,ENG,"FW,MF",21,2002,1,0,11,0.1,0,0,0,0,0,0,0,0,0.0,0.0,0.0,0.0,0.0
ENG-Premier League,2324,Manchester City,Ederson Moraes,BRA,GK,29,1993,33,33,2785,30.9,0,0,0,0,0,0,5,0,0.0,0.0,0.0,0.0,0.0
ENG-Premier League,2324,Manchester City,Erling Haaland,NOR,"FW,MF",23,2000,31,29,2552,28.4,27,5,32,20,7,8,1,0,0.95,0.18,1.13,0.71,0.88
ENG-Premier League,2324,Manchester City,Jack Grealish,ENG,"MF,FW",27,1995,20,10,1009,11.2,3,1,4,3,0,0,6,0,0.27,0.09,0.36,0.27,0.36
ENG-Premier League,2324,Manchester City,James Mcatee,ENG,MF,20,2002,1,0,1,0.0,0,0,0,0,0,0,0,0,0.0,0.0,0.0,0.0,0.0
ENG-Premier League,2324,Manchester City,Jeremy Doku,BEL,"MF,FW",21,2002,29,18,1595,17.7,3,8,11,3,0,0,3,0,0.17,0.45,0.62,0.17,0.62
ENG-Premier League,2324,Manchester City,John Stones,ENG,DF,29,1994,16,12,1064,11.8,1,0,1,1,0,0,2,0,0.08,0.0,0.08,0.08,0.08
ENG-Premier League,2324,Manchester City,Joško Gvardiol,CRO,DF,21,2002,28,26,2328,25.9,4,1,5,4,0,0,3,0,0.15,0.04,0.19,0.15,0.19
ENG-Premier League,2324,Manchester City,Julián Álvarez,ARG,"MF,FW",23,2000,36,31,2647,29.4,11,8,19,9,2,2,2,0,0.37,0.27,0.65,0.31,0.58
ENG-Premier League,2324,Manchester City,Kalvin Phillips,ENG,"DF,MF",27,1995,4,0,93,1.0,0,0,0,0,0,0,0,0,0.0,0.0,0.0,0.0,0.0
ENG-Premier League,2324,Manchester City,Kevin De Bruyne,BEL,MF,32,1991,18,15,1221,13.6,4,10,14,4,0,0,2,0,0.29,0.74,1.03,0.29,1.03
ENG-Premier League,2324,Manchester City,Kyle Walker,ENG,"DF,MF",33,1990,32,30,2767,30.7,0,4,4,0,0,0,2,0,0.0,0.13,0.13,0.0,0.13
ENG-Premier League,2324,Manchester City,Manuel Akanji,SUI,"DF,MF",28,1995,30,28,2511,27.9,2,0,2,2,0,0,4,1,0.07,0.0,0.07,0.07,0.07
ENG-Premier League,2324,Manchester City,Mateo Kovačić,CRO,MF,29,1994,30,16,1551,17.2,1,0,1,1,0,0,4,0,0.06,0.0,0.06,0.06,0.06
ENG-Premier League,2324,Manchester City,Matheus Nunes,POR,"MF,FW",24,1998,17,7,661,7.3,0,2,2,0,0,0,0,0,0.0,0.27,0.27,0.0,0.27
ENG-Premier League,2324,Manchester City,Nathan Aké,NED,DF,28,1995,29,24,2042,22.7,2,2,4,2,0,0,0,0,0.09,0.09,0.18,0.09,0.18
ENG-Premier League,2324,Manchester City,Oscar Bobb,NOR,MF,20,2003,14,2,302,3.4,1,1,2,1,0,0,0,0,0.3,0.3,0.6,0.3,0.6
ENG-Premier League,2324,Manchester City,Phil Foden,ENG,MF,23,2000,35,33,2857,31.7,19,8,27,19,0,0,2,0,0.6,0.25,0.85,0.6,0.85
ENG-Premier League,2324,Manchester City,Rico Lewis,ENG,"DF,MF",18,2004,16,8,809,9.0,2,0,2,2,0,0,1,0,0.22,0.0,0.22,0.22,0.22
ENG-Premier League,2324,Manchester City,Rodri,ESP,"MF,DF",27,1996,34,34,2931,32.6,8,9,17,8,0,0,8,1,0.25,0.28,0.52,0.25,0.52
ENG-Premier League,2324,Manchester City,Rúben Dias,POR,"DF,MF",26,1997,30,28,2559,28.4,0,0,0,0,0,0,0,0,0.0,0.0,0.0,0.0,0.0
ENG-Premier League,2324,Manchester City,Sergio Gómez,ESP,"DF,MF",22,2000,6,0,53,0.6,0,1,1,0,0,0,0,0,0.0,1.7,1.7,0.0,1.7
ENG-Premier League,2324,Manchester City,Stefan Ortega,GER,GK,30,1992,9,5,635,7.1,0,0,0,0,0,0,0,0,0.0,0.0,0.0,0.0,0.0
ENG-Premier League,2324,Manchester Utd,Aaron Wan-Bissaka,COD,DF,25,1997,22,20,1780,19.8,0,2,2,0,0,0,4,0,0.0,0.1,0.1,0.0,0.1
ENG-Premier League,2324,Manchester Utd,Alejandro Garnacho,ARG,MF,19,2004,36,30,2565,28.5,7,4,11,7,0,0,4,0,0.25,0.14,0.39,0.25,0.39
ENG-Premier League,2324,Manchester Utd,Amad Diallo,CIV,MF,21,2002,9,3,390,4.3,1,1,2,1,0,0,1,0,0.23,0.23,0.46,0.23,0.46
ENG-Premier League,2324,Manchester Utd,André Onana,CMR,GK,27,1996,38,38,3420,38.0,0,0,0,0,0,0,5,0,0.0,0.0,0.0,0.0,0.0
ENG-Premier League,2324,Manchester Utd,Anthony Martial,FRA,FW,27,1995,13,5,448,5.0,1,0,1,1,0,0,0,0,0.2,0.0,0.2,0.2,0.2
ENG-Premier League,2324,Manchester Utd,Antony,BRA,MF,23,2000,29,15,1324,14.7,1,1,2,1,0,0,5,0,0.07,0.07,0.14,0.07,0.14
ENG-Premier League,2324,Manchester Utd,Bruno Fernandes,POR,MF,28,1994,35,35,3118,34.6,10,8,18,6,4,5,9,0,0.29,0.23,0.52,0.17,0.4
ENG-Premier League,2324,Manchester Utd,Casemiro,BRA,"MF,DF",31,1992,25,24,1982,22.0,1,2,3,1,0,0,7,0,0.05,0.09,0.14,0.05,0.14
ENG-Premier League,2324,Manchester Utd,Christian Eriksen,DEN,MF,31,1992,22,12,1141,12.7,1,2,3,1,0,0,1,0,0.08,0.16,0.24,0.08,0.24
ENG-Premier League,2324,Manchester Utd,Daniel Gore,ENG,MF,18,2004,1,0,1,0.0,0,0,0,0,0,0,0,0,0.0,0.0,0.0,0.0,0.0
ENG-Premier League,2324,Manchester Utd,Diogo Dalot,POR,DF,24,1999,36,35,3174,35.3,2,3,5,2,0,0,6,1,0.06,0.09,0.14,0.06,0.14
ENG-Premier League,2324,Manchester Utd,Donny van de Beek,NED,MF,26,1997,1,0,3,0.0,0,0,0,0,0,0,0,0,0.0,0.0,0.0,0.0,0.0
ENG-Premier League,2324,Manchester Utd,Ethan Wheatley,ENG,FW,17,2006,3,0,16,0.2,0,0,0,0,0,0,0,0,0.0,0.0,0.0,0.0,0.0
ENG-Premier League,2324,Manchester Utd,Facundo Pellistri,URU,MF,21,2001,9,1,172,1.9,0,1,1,0,0,0,0,0,0.0,0.52,0.52,0.0,0.52
ENG-Premier League,2324,Manchester Utd,Hannibal Mejbri,TUN,MF,20,2003,5,1,133,1.5,1,0,1,1,0,0,1,0,0.68,0.0,0.68,0.68,0.68
ENG-Premier League,2324,Manchester Utd,Harry Maguire,ENG,DF,30,1993,22,18,1653,18.4,2,2,4,2,0,0,4,0,0.11,0.11,0.22,0.11,0.22
ENG-Premier League,2324,Manchester Utd,Jadon Sancho,ENG,"FW,MF",23,2000,3,0,79,0.9,0,0,0,0,0,0,0,0,0.0,0.0,0.0,0.0,0.0
ENG-Premier League,2324,Manchester Utd,Jonny Evans,NIR,DF,35,1988,23,15,1392,15.5,0,1,1,0,0,0,2,0,0.0,0.06,0.06,0.0,0.06
ENG-Premier League,2324,Manchester Utd,Kobbie Mainoo,ENG,MF,18,2005,24,24,1924,21.4,3,1,4,3,0,0,3,0,0.14,0.05,0.19,0.14,0.19
ENG-Premier League,2324,Manchester Utd,Lisandro Martínez,ARG,DF,25,1998,11,8,646,7.2,0,1,1,0,0,0,3,0,0.0,0.14,0.14,0.0,0.14
ENG-Premier League,2324,Manchester Utd,Luke Shaw,ENG,DF,28,1995,12,12,959,10.7,0,0,0,0,0,0,6,0,0.0,0.0,0.0,0.0,0.0
ENG-Premier League,2324,Manchester Utd,Marcus Rashford,ENG,"MF,FW",25,1997,33,26,2271,25.2,7,2,9,5,2,2,2,0,0.28,0.08,0.36,0.2,0.28
ENG-Premier League,2324,Manchester Utd,Mason Mount,ENG,MF,24,1999,14,5,516,5.7,1,0,1,1,0,0,2,0,0.17,0.0,0.17,0.17,0.17
ENG-Premier League,2324,Manchester Utd,Omari Forson,ENG,MF,19,2004,4,1,70,0.8,0,1,1,0,0,0,0,0,0.0,1.29,1.29,0.0,1.29
ENG-Premier League,2324,Manchester Utd,Raphaël Varane,FRA,DF,30,1993,22,16,1375,15.3,1,0,1,1,0,0,2,0,0.07,0.0,0.07,0.07,0.07
ENG-Premier League,2324,Manchester Utd,Rasmus Højlund,DEN,FW,20,2003,30,25,2158,24.0,10,2,12,10,0,0,2,0,0.42,0.08,0.5,0.42,0.5
ENG-Premier League,2324,Manchester Utd,Scott McTominay,SCO,"MF,FW",26,1996,32,18,1901,21.1,7,1,8,7,0,0,2,0,0.33,0.05,0.38,0.33,0.38
ENG-Premier League,2324,Manchester Utd,Sergio Reguilón,ESP,DF,26,1996,9,4,412,4.6,0,0,0,0,0,0,3,0,0.0,0.0,0.0,0.0,0.0
ENG-Premier League,2324,Manchester Utd,Sofyan Amrabat,MAR,"MF,DF",26,1996,21,10,938,10.4,0,0,0,0,0,0,6,0,0.0,0.0,0.0,0.0,0.0
ENG-Premier League,2324,Manchester Utd,Victor Lindelöf,SWE,DF,29,1994,19,14,1328,14.8,1,1,2,1,0,0,2,0,0.07,0.07,0.14,0.07,0.14
ENG-Premier League,2324,Manchester Utd,Willy Kambwala,FRA,DF,18,2004,8,3,330,3.7,0,0,0,0,0,0,1,0,0.0,0.0,0.0,0.0,0.0
ENG-Premier League,2324,Newcastle,Alex Murphy,IRL,DF,19,2004,2,0,13,0.1,0,0,0,0,0,0,0,0,0.0,0.0,0.0,0.0,0.0
ENG-Premier League,2324,Newcastle,Alexander Isak,SWE,FW,23,1999,30,27,2255,25.1,21,2,23,16,5,6,1,0,0.84,0.08,0.92,0.64,0.72
ENG-Premier League,2324,Newcastle,Amadou Diallo,ENG,FW,20,2003,1,0,1,0.0,0,0,0,0,0,0,0,0,0.0,0.0,0.0,0.0,0.0
ENG-Premier League,2324,Newcastle,Anthony Gordon,ENG,FW,22,2001,35,34,2890,32.1,11,10,21,10,1,1,12,1,0.34,0.31,0.65,0.31,0.62
ENG-Premier League,2324,Newcastle,Ben Parkinson,ENG,FW,18,2005,1,0,25,0.3,0,0,0,0,0,0,0,0,0.0,0.0,0.0,0.0,0.0
ENG-Premier League,2324,Newcastle,Bruno Guimarães,BRA,MF,25,1997,37,37,3263,36.3,7,8,15,7,0,0,9,0,0.19,0.22,0.41,0.19,0.41
ENG-Premier League,2324,Newcastle,Callum Wilson,ENG,FW,31,1992,20,9,991,11.0,9,1,10,7,2,2,3,0,0.82,0.09,0.91,0.64,0.73
ENG-Premier League,2324,Newcastle,Dan Burn,ENG,DF,31,1992,33,32,2726,30.3,2,2,4,2,0,0,4,0,0.07,0.07,0.13,0.07,0.13
ENG-Premier League,2324,Newcastle,Elliot Anderson,ENG,"MF,FW",20,2002,21,10,1027,11.4,0,2,2,0,0,0,3,0,0.0,0.18,0.18,0.0,0.18
ENG-Premier League,2324,Newcastle,Emil Krafth,SWE,DF,28,1994,17,8,913,10.1,0,0,0,0,0,0,2,0,0.0,0.0,0.0,0.0,0.0
ENG-Premier League,2324,Newcastle,Fabian Schär,SUI,DF,31,1991,36,35,3054,33.9,4,1,5,4,0,0,5,0,0.12,0.03,0.15,0.12,0.15
ENG-Premier League,2324,Newcastle,Harvey Barnes,ENG,"FW,MF",25,1997,21,7,802,8.9,5,3,8,5,0,0,2,0,0.56,0.34,0.9,0.56,0.9
ENG-Premier League,2324,Newcastle,Jacob Murphy,ENG,"FW,MF",28,1995,21,14,1189,13.2,3,7,10,3,0,0,1,0,0.23,0.53,0.76,0.23,0.76
ENG-Premier League,2324,Newcastle,Jamaal Lascelles,ENG,DF,29,1993,16,13,1080,12.0,1,0,1,1,0,0,4,0,0.08,0.0,0.08,0.08,0.08
ENG-Premier League,2324,Newcastle,Joe White,ENG,MF,20,2002,4,0,13,0.1,0,0,0,0,0,0,1,0,0.0,0.0,0.0,0.0,0.0
ENG-Premier League,2324,Newcastle,Joe Willock,ENG,MF,23,1999,9,5,419,4.7,1,0,1,1,0,0,0,0,0.21,0.0,0.21,0.21,0.21
ENG-Premier League,2324,Newcastle,Joelinton,BRA,"MF,FW",26,1996,20,15,1279,14.2,2,1,3,2,0,0,6,0,0.14,0.07,0.21,0.14,0.21
ENG-Premier League,2324,Newcastle,Kieran Trippier,ENG,DF,32,1990,28,26,2236,24.8,1,10,11,1,0,0,5,0,0.04,0.4,0.44,0.04,0.44
ENG-Premier League,2324,Newcastle,Lewis Hall,ENG,DF,18,2004,18,8,781,8.7,1,0,1,1,0,0,2,0,0.12,0.0,0.12,0.12,0.12
ENG-Premier League,2324,Newcastle,Lewis Miley,ENG,MF,17,2006,17,14,1202,13.4,1,3,4,1,0,0,1,0,0.07,0.22,0.3,0.07,0.3
ENG-Premier League,2324,Newcastle,Loris Karius,GER,GK,30,1993,1,1,90,1.0,0,0,0,0,0,0,0,0,0.0,0.0,0.0,0.0,0.0
ENG-Premier League,2324,Newcastle,Martin Dúbravka,SVK,GK,34,1989,23,22,1985,22.1,0,0,0,0,0,0,1,0,0.0,0.0,0.0,0.0,0.0
ENG-Premier League,2324,Newcastle,Matt Ritchie,SCO,"DF,MF",33,1989,13,0,128,1.4,1,0,1,1,0,0,1,0,0.7,0.0,0.7,0.7,0.7
ENG-Premier League,2324,Newcastle,Matt Targett,ENG,DF,27,1995,3,1,78,0.9,0,0,0,0,0,0,1,0,0.0,0.0,0.0,0.0,0.0
ENG-Premier League,2324,Newcastle,Michael Ndiweni,ENG,MF,19,2003,1,0,1,0.0,0,0,0,0,0,0,0,0,0.0,0.0,0.0,0.0,0.0
ENG-Premier League,2324,Newcastle,Miguel Almirón,PAR,FW,29,1994,33,23,1937,21.5,3,1,4,3,0,0,2,0,0.14,0.05,0.19,0.14,0.19
ENG-Premier League,2324,Newcastle,Nick Pope,ENG,GK,31,1992,15,15,1345,14.9,0,0,0,0,0,0,1,0,0.0,0.0,0.0,0.0,0.0
ENG-Premier League,2324,Newcastle,Paul Dummett,WAL,DF,31,1991,5,0,20,0.2,0,0,0,0,0,0,0,0,0.0,0.0,0.0,0.0,0.0
ENG-Premier League,2324,Newcastle,Sandro Tonali,ITA,MF,23,2000,8,5,438,4.9,1,0,1,1,0,0,2,0,0.21,0.0,0.21,0.21,0.21
ENG-Premier League,2324,Newcastle,Sean Longstaff,ENG,MF,25,1997,35,30,2747,30.5,6,2,8,6,0,0,7,0,0.2,0.07,0.26,0.2,0.26
ENG-Premier League,2324,Newcastle,Sven Botman,NED,DF,23,2000,17,15,1377,15.3,2,2,4,2,0,0,2,0,0.13,0.13,0.26,0.13,0.26
ENG-Premier League,2324,Newcastle,Tino Livramento,ENG,DF,20,2002,26,12,1314,14.6,1,0,1,1,0,0,1,0,0.07,0.0,0.07,0.07,0.07
ENG-Premier League,2324,Nottingham,Andrew Omobamidele,IRL,DF,21,2002,11,8,783,8.7,0,0,0,0,0,0,2,0,0.0,0.0,0.0,0.0,0.0
ENG-Premier League,2324,Nottingham,Andrey Santos,BRA,MF,19,2004,1,0,8,0.1,0,0,0,0,0,0,0,0,0.0,0.0,0.0,0.0,0.0
ENG-Premier League,2324,Nottingham,Anthony Elanga,SWE,"MF,FW",21,2002,36,25,2433,27.0,5,9,14,5,0,0,1,0,0.18,0.33,0.52,0.18,0.52
ENG-Premier League,2324,Nottingham,Brandon Aguilera,CRC,MF,20,2003,1,0,5,0.1,0,0,0,0,0,0,0,0,0.0,0.0,0.0,0.0,0.0
ENG-Premier League,2324,Nottingham,Brennan Johnson,WAL,"FW,MF",22,2001,3,3,237,2.6,0,0,0,0,0,0,0,0,0.0,0.0,0.0,0.0,0.0
ENG-Premier League,2324,Nottingham,Callum Hudson-Odoi,ENG,"MF,FW",22,2000,29,20,1854,20.6,8,1,9,8,0,0,0,0,0.39,0.05,0.44,0.39,0.44
ENG-Premier League,2324,Nottingham,Cheikhou Kouyaté,SEN,MF,33,1989,12,2,212,2.4,0,0,0,0,0,0,2,0,0.0,0.0,0.0,0.0,0.0
ENG-Premier League,2324,Nottingham,Chris Wood,NZL,FW,31,1991,31,20,1812,20.1,14,1,15,14,0,0,0,0,0.7,0.05,0.75,0.7,0.75
ENG-Premier League,2324,Nottingham,Danilo Santos,BRA,MF,22,2001,29,20,1792,19.9,2,2,4,2,0,0,4,0,0.1,0.1,0.2,0.1,0.2
ENG-Premier League,2324,Nottingham,Divock Origi,BEL,"MF,FW",28,1995,20,6,606,6.7,0,1,1,0,0,0,1,0,0.0,0.15,0.15,0.0,0.15
ENG-Premier League,2324,Nottingham,Felipe,BRA,DF,34,1989,7,4,375,4.2,0,0,0,0,0,0,4,0,0.0,0.0,0.0,0.0,0.0
ENG-Premier League,2324,Nottingham,Gio Reyna,USA,MF,20,2002,9,2,235,2.6,0,1,1,0,0,0,0,0,0.0,0.38,0.38,0.0,0.38
ENG-Premier League,2324,Nottingham,Gonzalo Montiel,ARG,DF,26,1997,14,8,801,8.9,0,2,2,0,0,0,5,0,0.0,0.22,0.22,0.0,0.22
ENG-Premier League,2324,Nottingham,Harry Toffolo,ENG,"DF,MF",27,1995,23,15,1459,16.2,1,3,4,1,0,0,3,0,0.06,0.19,0.25,0.06,0.25
ENG-Premier League,2324,Nottingham,Ibrahim Sangaré,CIV,MF,25,1997,17,13,1035,11.5,0,0,0,0,0,0,6,0,0.0,0.0,0.0,0.0,0.0
ENG-Premier League,2324,Nottingham,Joe Worrall,ENG,DF,26,1997,7,5,439,4.9,0,0,0,0,0,0,0,1,0.0,0.0,0.0,0.0,0.0
ENG-Premier League,2324,Nottingham,Matt Turner,USA,GK,29,1994,17,17,1530,17.0,0,0,0,0,0,0,2,0,0.0,0.0,0.0,0.0,0.0
ENG-Premier League,2324,Nottingham,Matz Sels,BEL,GK,31,1992,16,16,1440,16.0,0,0,0,0,0,0,1,0,0.0,0.0,0.0,0.0,0.0
ENG-Premier League,2324,Nottingham,Morgan Gibbs-White,ENG,"MF,FW",23,2000,37,35,3156,35.1,5,10,15,4,1,1,9,0,0.14,0.29,0.43,0.11,0.4
ENG-Premier League,2324,Nottingham,Moussa Niakhaté,SEN,DF,27,1996,21,15,1460,16.2,1,0,1,1,0,0,5,1,0.06,0.0,0.06,0.06,0.06
ENG-Premier League,2324,Nottingham,Murillo,BRA,DF,21,2002,32,32,2789,31.0,0,2,2,0,0,0,5,0,0.0,0.06,0.06,0.0,0.06
ENG-Premier League,2324,Nottingham,Neco Williams,WAL,"DF,MF",22,2001,26,18,1637,18.2,0,1,1,0,0,0,4,0,0.0,0.05,0.05,0.0,0.05
ENG-Premier League,2324,Nottingham,Nicolás Domínguez,ARG,MF,25,1998,26,19,1495,16.6,2,2,4,2,0,0,4,0,0.12,0.12,0.24,0.12,0.24
ENG-Premier League,2324,Nottingham,Nuno Tavares,POR,DF,23,2000,8,5,457,5.1,0,0,0,0,0,0,2,0,0.0,0.0,0.0,0.0,0.0
ENG-Premier League,2324,Nottingham,Odysseas Vlachodimos,GRE,GK,29,1994,5,5,450,5.0,0,0,0,0,0,0,0,0,0.0,0.0,0.0,0.0,0.0
ENG-Premier League,2324,Nottingham,Ola Aina,NGA,"DF,MF",26,1996,22,20,1692,18.8,1,1,2,1,0,0,3,0,0.05,0.05,0.11,0.05,0.11
ENG-Premier League,2324,Nottingham,Orel Mangala,BEL,MF,25,1998,20,19,1563,17.4,1,0,1,1,0,0,6,0,0.06,0.0,0.06,0.06,0.06
ENG-Premier League,2324,Nottingham,Rodrigo Ribeiro,POR,FW,18,2005,4,0,17,0.2,0,0,0,0,0,0,0,0,0.0,0.0,0.0,0.0,0.0
ENG-Premier League,2324,Nottingham,Ryan Yates,ENG,MF,25,1997,35,21,1992,22.1,1,1,2,1,0,0,6,0,0.05,0.05,0.09,0.05,0.09
ENG-Premier League,2324,Nottingham,Scott McKenna,SCO,DF,26,1996,5,5,416,4.6,0,0,0,0,0,0,0,0,0.0,0.0,0.0,0.0,0.0
ENG-Premier League,2324,Nottingham,Serge Aurier,CIV,"DF,MF",30,1992,12,10,833,9.3,0,2,2,0,0,0,2,0,0.0,0.22,0.22,0.0,0.22
ENG-Premier League,2324,Nottingham,Taiwo Awoniyi,NGA,FW,25,1997,20,12,1042,11.6,6,3,9,6,0,0,2,0,0.52,0.26,0.78,0.52,0.78
ENG-Premier League,2324,Nottingham,Willy Boly,CIV,DF,32,1991,20,18,1438,16.0,2,1,3,2,0,0,3,1,0.13,0.06,0.19,0.13,0.19
ENG-Premier League,2324,Sheffield United,Andre Brooks,JAM,MF,19,2003,20,12,938,10.4,0,0,0,0,0,0,1,0,0.0,0.0,0.0,0.0,0.0
ENG-Premier League,2324,Sheffield United,Anel Ahmedhodžić,BIH,DF,24,1999,31,29,2649,29.4,2,0,2,2,0,0,11,1,0.07,0.0,0.07,0.07,0.07
ENG-Premier League,2324,Sheffield United,Anis Ben Slimane,TUN,MF,22,2001,15,4,419,4.7,0,0,0,0,0,0,2,0,0.0,0.0,0.0,0.0,0.0
ENG-Premier League,2324,Sheffield United,Antwoine Hackford,ENG,FW,19,2004,2,0,13,0.1,0,0,0,0,0,0,0,0,0.0,0.0,0.0,0.0,0.0
ENG-Premier League,2324,Sheffield United,Auston Trusty,USA,DF,24,1998,32,28,2572,28.6,0,0,0,0,0,0,4,0,0.0,0.0,0.0,0.0,0.0
ENG-Premier League,2324,Sheffield United,Ben Brereton,CHI,"FW,MF",24,1999,14,14,1105,12.3,6,1,7,5,1,1,3,0,0.49,0.08,0.57,0.41,0.49
ENG-Premier League,2324,Sheffield United,Ben Osborn,ENG,MF,28,1994,24,14,1367,15.2,0,2,2,0,0,0,3,0,0.0,0.13,0.13,0.0,0.13
ENG-Premier League,2324,Sheffield United,Bénie Traoré,CIV,"FW,MF",20,2002,8,3,387,4.3,0,0,0,0,0,0,0,0,0.0,0.0,0.0,0.0,0.0
ENG-Premier League,2324,Sheffield United,Cameron Archer,ENG,"FW,MF",22,2001,29,21,1832,20.4,4,1,5,4,0,0,1,0,0.2,0.05,0.25,0.2,0.25
ENG-Premier League,2324,Sheffield United,Chris Basham,ENG,"DF,MF",35,1988,8,3,321,3.6,0,0,0,0,0,0,1,0,0.0,0.0,0.0,0.0,0.0
ENG-Premier League,2324,Sheffield United,Daniel Jebbison,CAN,FW,19,2003,1,0,21,0.2,0,0,0,0,0,0,0,0,0.0,0.0,0.0,0.0,0.0
ENG-Premier League,2324,Sheffield United,George Baldock,GRE,"DF,MF",30,1993,13,11,969,10.8,0,1,1,0,0,0,4,0,0.0,0.09,0.09,0.0,0.09
ENG-Premier League,2324,Sheffield United,Gustavo Hamer,NED,MF,26,1997,36,34,2910,32.3,4,6,10,4,0,0,9,0,0.12,0.19,0.31,0.12,0.31
ENG-Premier League,2324,Sheffield United,Ivo Grbić,CRO,GK,27,1996,9,9,771,8.6,0,0,0,0,0,0,1,0,0.0,0.0,0.0,0.0,0.0
ENG-Premier League,2324,Sheffield United,Jack Robinson,ENG,DF,29,1993,34,31,2885,32.1,1,1,2,1,0,0,10,0,0.03,0.03,0.06,0.03,0.06
ENG-Premier League,2324,Sheffield United,James Mcatee,ENG,"MF,FW",20,2002,30,20,1822,20.2,3,3,6,2,1,1,2,0,0.15,0.15,0.3,0.1,0.25
ENG-Premier League,2324,Sheffield United,Jayden Bogle,ENG,"MF,DF",23,2000,34,32,2788,31.0,3,0,3,3,0,0,9,0,0.1,0.0,0.1,0.1,0.1
ENG-Premier League,2324,Sheffield United,John Egan,IRL,DF,30,1992,6,6,482,5.4,0,0,0,0,0,0,2,0,0.0,0.0,0.0,0.0,0.0
ENG-Premier League,2324,Sheffield United,John Fleck,SCO,MF,31,1991,4,1,92,1.0,0,0,0,0,0,0,1,0,0.0,0.0,0.0,0.0,0.0
ENG-Premier League,2324,Sheffield United,Luke Thomas,ENG,"MF,DF",22,2001,12,11,917,10.2,0,0,0,0,0,0,3,0,0.0,0.0,0.0,0.0,0.0
ENG-Premier League,2324,Sheffield United,Mason Holgate,JAM,DF,26,1996,10,9,710,7.9,0,0,0,0,0,0,3,1,0.0,0.0,0.0,0.0,0.0
ENG-Premier League,2324,Sheffield United,Max Lowe,ENG,"MF,DF",26,1997,10,4,503,5.6,0,0,0,0,0,0,1,0,0.0,0.0,0.0,0.0,0.0
ENG-Premier League,2324,Sheffield United,Oliver Arblaster,ENG,MF,19,2004,12,11,943,10.5,0,0,0,0,0,0,2,0,0.0,0.0,0.0,0.0,0.0
ENG-Premier League,2324,Sheffield United,Oliver McBurnie,SCO,FW,27,1996,21,15,1280,14.2,6,3,9,4,2,2,7,2,0.42,0.21,0.63,0.28,0.49
ENG-Premier League,2324,Sheffield United,Oliver Norwood,NIR,MF,32,1991,27,16,1440,16.0,1,0,1,0,1,1,8,0,0.06,0.0,0.06,0.0,0.0
ENG-Premier League,2324,Sheffield United,Rhian Brewster,ENG,FW,23,2000,13,3,346,3.8,0,0,0,0,0,0,0,1,0.0,0.0,0.0,0.0,0.0
ENG-Premier League,2324,Sheffield United,Rhys Norrington-Davies,WAL,DF,24,1999,5,2,110,1.2,0,0,0,0,0,0,1,0,0.0,0.0,0.0,0.0,0.0
ENG-Premier League,2324,Sheffield United,Ryan One,SCO,MF,17,2006,1,0,8,0.1,0,0,0,0,0,0,0,0,0.0,0.0,0.0,0.0,0.0
ENG-Premier League,2324,Sheffield United,Sam Curtis,IRL,DF,17,2005,1,0,28,0.3,0,0,0,0,0,0,0,0,0.0,0.0,0.0,0.0,0.0
ENG-Premier League,2324,Sheffield United,Sydie Peck,ENG,MF,18,2004,1,0,10,0.1,0,0,0,0,0,0,0,0,0.0,0.0,0.0,0.0,0.0
ENG-Premier League,2324,Sheffield United,Tom Davies,ENG,MF,25,1998,9,2,221,2.5,0,0,0,0,0,0,2,0,0.0,0.0,0.0,0.0,0.0
ENG-Premier League,2324,Sheffield United,Vinicius Souza,BRA,MF,24,1999,36,29,2668,29.6,1,0,1,1,0,0,3,0,0.03,0.0,0.03,0.03,0.03
ENG-Premier League,2324,Sheffield United,Wes Foderingham,ENG,GK,32,1991,30,29,2649,29.4,0,0,0,0,0,0,2,0,0.0,0.0,0.0,0.0,0.0
ENG-Premier League,2324,Sheffield United,William Osula,DEN,FW,19,2003,21,9,786,8.7,0,0,0,0,0,0,4,0,0.0,0.0,0.0,0.0,0.0
ENG-Premier League,2324,Sheffield United,Yasser Larouci,ALG,MF,22,2001,11,6,531,5.9,0,0,0,0,0,0,1,0,0.0,0.0,0.0,0.0,0.0
ENG-Premier League,2324,Tottenham,Alejo Véliz,ARG,FW,19,2003,8,0,50,0.6,1,0,1,1,0,0,1,0,1.8,0.0,1.8,1.8,1.8
ENG-Premier League,2324,Tottenham,Ben Davies,WAL,DF,30,1993,17,12,1090,12.1,1,0,1,1,0,0,2,0,0.08,0.0,0.08,0.08,0.08
ENG-Premier League,2324,Tottenham,Brennan Johnson,WAL,"MF,FW",22,2001,32,23,2085,23.2,5,10,15,5,0,0,3,0,0.22,0.43,0.65,0.22,0.65
ENG-Premier League,2324,Tottenham,Bryan Gil,ESP,MF,22,2001,11,2,209,2.3,0,0,0,0,0,0,0,0,0.0,0.0,0.0,0.0,0.0
ENG-Premier League,2324,Tottenham,Cristian Romero,ARG,DF,25,1998,33,33,2790,31.0,5,0,5,5,0,0,7,1,0.16,0.0,0.16,0.16,0.16
ENG-Premier League,2324,Tottenham,Dane Scarlett,ENG,FW,19,2004,4,0,22,0.2,0,0,0,0,0,0,0,0,0.0,0.0,0.0,0.0,0.0
ENG-Premier League,2324,Tottenham,Davinson Sánchez,COL,DF,27,1996,1,0,77,0.9,0,0,0,0,0,0,1,0,0.0,0.0,0.0,0.0,0.0
ENG-Premier League,2324,Tottenham,Dejan Kulusevski,SWE,"MF,FW",23,2000,36,31,2762,30.7,8,3,11,8,0,0,7,0,0.26,0.1,0.36,0.26,0.36
ENG-Premier League,2324,Tottenham,Destiny Udogie,ITA,DF,20,2002,28,28,2391,26.6,2,3,5,2,0,0,7,1,0.08,0.11,0.19,0.08,0.19
ENG-Premier League,2324,Tottenham,Emerson,BRA,DF,24,1999,22,11,1161,12.9,1,0,1,1,0,0,4,0,0.08,0.0,0.08,0.08,0.08
ENG-Premier League,2324,Tottenham,Eric Dier,ENG,DF,29,1994,4,1,201,2.2,0,0,0,0,0,0,0,0,0.0,0.0,0.0,0.0,0.0
ENG-Premier League,2324,Tottenham,Giovani Lo Celso,ARG,MF,27,1996,22,4,506,5.6,2,2,4,2,0,0,2,0,0.36,0.36,0.71,0.36,0.71
ENG-Premier League,2324,Tottenham,Guglielmo Vicario,ITA,GK,26,1996,38,38,3420,38.0,0,0,0,0,0,0,2,0,0.0,0.0,0.0,0.0,0.0
ENG-Premier League,2324,Tottenham,Ivan Perišić,CRO,"FW,MF",34,1989,5,0,103,1.1,0,1,1,0,0,0,2,0,0.0,0.87,0.87,0.0,0.87
ENG-Premier League,2324,Tottenham,James Maddison,ENG,MF,26,1996,28,26,2135,23.7,4,9,13,4,0,0,5,0,0.17,0.38,0.55,0.17,0.55
ENG-Premier League,2324,Tottenham,Jamie Donley,NIR,MF,18,2005,3,0,3,0.0,0,0,0,0,0,0,1,0,0.0,0.0,0.0,0.0,0.0
ENG-Premier League,2324,Tottenham,Manor Solomon,ISR,MF,24,1999,5,2,199,2.2,0,2,2,0,0,0,1,0,0.0,0.9,0.9,0.0,0.9
ENG-Premier League,2324,Tottenham,Micky van de Ven,NED,DF,22,2001,27,27,2339,26.0,3,0,3,3,0,0,5,0,0.12,0.0,0.12,0.12,0.12
ENG-Premier League,2324,Tottenham,Mikey Moore,ENG,MF,15,2007,2,0,4,0.0,0,0,0,0,0,0,0,0,0.0,0.0,0.0,0.0,0.0
ENG-Premier League,2324,Tottenham,Oliver Skipp,ENG,"MF,DF",22,2000,21,5,707,7.9,0,0,0,0,0,0,3,0,0.0,0.0,0.0,0.0,0.0
ENG-Premier League,2324,Tottenham,Pape Matar Sarr,SEN,MF,20,2002,34,27,2069,23.0,3,3,6,3,0,0,9,0,0.13,0.13,0.26,0.13,0.26
ENG-Premier League,2324,Tottenham,Pedro Porro,ESP,DF,23,1999,35,35,3089,34.3,3,7,10,3,0,0,3,0,0.09,0.2,0.29,0.09,0.29
ENG-Premier League,2324,Tottenham,Pierre Højbjerg,DEN,MF,27,1995,36,8,1311,14.6,0,0,0,0,0,0,4,0,0.0,0.0,0.0,0.0,0.0
ENG-Premier League,2324,Tottenham,Radu Drăgușin,ROU,DF,21,2002,9,4,429,4.8,0,0,0,0,0,0,1,0,0.0,0.0,0.0,0.0,0.0
ENG-Premier League,2324,Tottenham,Richarlison,BRA,"FW,MF",26,1997,28,18,1491,16.6,11,4,15,11,0,0,3,0,0.66,0.24,0.91,0.66,0.91
ENG-Premier League,2324,Tottenham,Rodrigo Bentancur,URU,MF,26,1997,23,13,1005,11.2,1,1,2,1,0,0,7,0,0.09,0.09,0.18,0.09,0.18
ENG-Premier League,2324,Tottenham,Son Heung-min,KOR,"FW,MF",31,1992,35,34,2934,32.6,17,10,27,15,2,2,1,0,0.52,0.31,0.83,0.46,0.77
ENG-Premier League,2324,Tottenham,Timo Werner,GER,"MF,FW",27,1996,13,10,809,9.0,2,3,5,2,0,0,1,0,0.22,0.33,0.56,0.22,0.56
ENG-Premier League,2324,Tottenham,Yves Bissouma,MLI,MF,26,1996,28,26,2068,23.0,0,0,0,0,0,0,10,2,0.0,0.0,0.0,0.0,0.0
ENG-Premier League,2324,West Ham,Aaron Cresswell,ENG,DF,33,1989,11,4,436,4.8,0,0,0,0,0,0,1,0,0.0,0.0,0.0,0.0,0.0
ENG-Premier League,2324,West Ham,Alphonse Areola,FRA,GK,30,1993,31,31,2699,30.0,0,0,0,0,0,0,1,0,0.0,0.0,0.0,0.0,0.0
ENG-Premier League,2324,West Ham,Angelo Ogbonna,ITA,DF,35,1988,11,7,635,7.1,0,0,0,0,0,0,1,0,0.0,0.0,0.0,0.0,0.0
ENG-Premier League,2324,West Ham,Ben Johnson,ENG,"MF,DF",23,2000,14,4,544,6.0,0,0,0,0,0,0,1,0,0.0,0.0,0.0,0.0,0.0
ENG-Premier League,2324,West Ham,Danny Ings,ENG,"FW,MF",31,1992,20,3,404,4.5,1,0,1,1,0,0,1,0,0.22,0.0,0.22,0.22,0.22
ENG-Premier League,2324,West Ham,Divin Mubama,ENG,FW,18,2004,5,0,80,0.9,0,0,0,0,0,0,0,0,0.0,0.0,0.0,0.0,0.0
ENG-Premier League,2324,West Ham,Edson Álvarez,MEX,MF,25,1997,31,28,2377,26.4,1,1,2,1,0,0,11,0,0.04,0.04,0.08,0.04,0.08
ENG-Premier League,2324,West Ham,Emerson Palmieri,ITA,DF,28,1994,36,35,3137,34.9,1,2,3,1,0,0,10,0,0.03,0.06,0.09,0.03,0.09
ENG-Premier League,2324,West Ham,George Earthy,ENG,MF,18,2004,3,0,34,0.4,1,0,1,1,0,0,0,0,2.65,0.0,2.65,2.65,2.65
ENG-Premier League,2324,West Ham,James Ward-Prowse,ENG,MF,28,1994,37,34,3001,33.3,7,7,14,5,2,2,4,0,0.21,0.21,0.42,0.15,0.36
ENG-Premier League,2324,West Ham,Jarrod Bowen,ENG,"MF,FW",26,1996,34,34,3019,33.5,16,6,22,16,0,0,2,0,0.48,0.18,0.66,0.48,0.66
ENG-Premier League,2324,West Ham,Kaelan Casey,ENG,DF,18,2004,1,0,1,0.0,0,0,0,0,0,0,0,0,0.0,0.0,0.0,0.0,0.0
ENG-Premier League,2324,West Ham,Kalvin Phillips,ENG,MF,27,1995,8,3,309,3.4,0,0,0,0,0,0,3,1,0.0,0.0,0.0,0.0,0.0
ENG-Premier League,2324,West Ham,Konstantinos Mavropanos,GRE,DF,25,1997,19,16,1500,16.7,1,0,1,1,0,0,2,0,0.06,0.0,0.06,0.06,0.06
ENG-Premier League,2324,West Ham,Kurt Zouma,FRA,DF,28,1994,33,32,2838,31.5,3,0,3,3,0,0,3,0,0.1,0.0,0.1,0.1,0.1
ENG-Premier League,2324,West Ham,Lucas Paquetá,BRA,MF,25,1997,31,31,2622,29.1,4,6,10,2,2,2,10,0,0.14,0.21,0.34,0.07,0.27
ENG-Premier League,2324,West Ham,Maxwel Cornet,CIV,MF,26,1996,7,1,112,1.2,1,0,1,1,0,0,0,0,0.8,0.0,0.8,0.8,0.8
ENG-Premier League,2324,West Ham,Michail Antonio,JAM,FW,33,1990,26,21,1695,18.8,6,2,8,6,0,0,6,0,0.32,0.11,0.42,0.32,0.42
ENG-Premier League,2324,West Ham,Mohammed Kudus,GHA,MF,22,2000,33,27,2484,27.6,8,6,14,8,0,0,6,0,0.29,0.22,0.51,0.29,0.51
ENG-Premier League,2324,West Ham,Nayef Aguerd,MAR,DF,27,1996,21,21,1857,20.6,1,0,1,1,0,0,3,1,0.05,0.0,0.05,0.05,0.05
ENG-Premier League,2324,West Ham,Pablo Fornals,ESP,MF,27,1996,15,4,426,4.7,0,0,0,0,0,0,0,0,0.0,0.0,0.0,0.0,0.0
ENG-Premier League,2324,West Ham,Saïd Benrahma,ALG,MF,27,1995,13,5,620,6.9,0,1,1,0,0,1,1,0,0.0,0.15,0.15,0.0,0.15
ENG-Premier League,2324,West Ham,Thilo Kehrer,GER,DF,26,1996,4,0,22,0.2,0,0,0,0,0,0,2,0,0.0,0.0,0.0,0.0,0.0
ENG-Premier League,2324,West Ham,Tomáš Souček,CZE,MF,28,1995,37,34,2870,31.9,7,2,9,7,0,0,7,0,0.22,0.06,0.28,0.22,0.28
ENG-Premier League,2324,West Ham,Vladimír Coufal,CZE,DF,30,1992,36,36,3132,34.8,0,7,7,0,0,0,7,1,0.0,0.2,0.2,0.0,0.2
ENG-Premier League,2324,West Ham,Łukasz Fabiański,POL,GK,38,1985,10,7,721,8.0,0,0,0,0,0,0,0,0,0.0,0.0,0.0,0.0,0.0
ENG-Premier League,2324,Wolves,Boubacar Traoré,MLI,MF,21,2001,24,7,819,9.1,0,0,0,0,0,0,4,0,0.0,0.0,0.0,0.0,0.0
ENG-Premier League,2324,Wolves,Craig Dawson,ENG,DF,33,1990,25,25,2209,24.5,1,1,2,1,0,0,7,0,0.04,0.04,0.08,0.04,0.08
ENG-Premier League,2324,Wolves,Daniel Bentley,ENG,GK,30,1993,5,3,383,4.3,0,0,0,0,0,0,0,0,0.0,0.0,0.0,0.0,0.0
ENG-Premier League,2324,Wolves,Enso Gonzalez,PAR,FW,18,2005,1,0,1,0.0,0,0,0,0,0,0,0,0,0.0,0.0,0.0,0.0,0.0
ENG-Premier League,2324,Wolves,Fábio Silva,POR,FW,21,2002,8,3,264,2.9,0,0,0,0,0,0,2,0,0.0,0.0,0.0,0.0,0.0
ENG-Premier League,2324,Wolves,Hugo Bueno,ESP,"MF,DF",20,2002,22,7,741,8.2,0,0,0,0,0,0,1,0,0.0,0.0,0.0,0.0,0.0
ENG-Premier League,2324,Wolves,Hwang Hee-chan,KOR,"FW,MF",27,1996,29,25,2119,23.5,12,3,15,11,1,1,6,0,0.51,0.13,0.64,0.47,0.59
ENG-Premier League,2324,Wolves,Jean-Ricner Bellegarde,HAI,"MF,FW",25,1998,22,10,958,10.6,2,1,3,2,0,0,0,1,0.19,0.09,0.28,0.19,0.28
ENG-Premier League,2324,Wolves,Jonny Castro,ESP,"DF,MF",29,1994,1,0,5,0.1,0,0,0,0,0,0,0,0,0.0,0.0,0.0,0.0,0.0
ENG-Premier League,2324,Wolves,José Sá,POR,GK,30,1993,35,35,3037,33.7,0,1,1,0,0,0,1,0,0.0,0.03,0.03,0.0,0.03
ENG-Premier League,2324,Wolves,João Gomes,BRA,MF,22,2001,34,32,2649,29.4,2,1,3,2,0,0,11,0,0.07,0.03,0.1,0.07,0.1
ENG-Premier League,2324,Wolves,Leon Chiwome,ENG,FW,17,2006,3,2,174,1.9,0,0,0,0,0,0,0,0,0.0,0.0,0.0,0.0,0.0
ENG-Premier League,2324,Wolves,Mario Lemina,GAB,MF,29,1993,35,34,2968,33.0,4,1,5,4,0,0,12,1,0.12,0.03,0.15,0.12,0.15
ENG-Premier League,2324,Wolves,Matheus Cunha,BRA,"FW,MF",24,1999,32,29,2440,27.1,12,7,19,11,1,1,9,0,0.44,0.26,0.7,0.41,0.66
ENG-Premier League,2324,Wolves,Matheus Nunes,POR,MF,24,1998,2,2,179,2.0,0,0,0,0,0,0,2,1,0.0,0.0,0.0,0.0,0.0
ENG-Premier League,2324,Wolves,Matt Doherty,IRL,"MF,DF",31,1992,30,9,1150,12.8,1,0,1,1,0,0,2,0,0.08,0.0,0.08,0.08,0.08
ENG-Premier League,2324,Wolves,Max Kilman,ENG,DF,26,1997,38,38,3420,38.0,2,0,2,2,0,0,7,0,0.05,0.0,0.05,0.05,0.05
ENG-Premier League,2324,Wolves,Nathan Fraser,IRL,FW,18,2005,7,1,186,2.1,0,0,0,0,0,0,1,0,0.0,0.0,0.0,0.0,0.0
ENG-Premier League,2324,Wolves,Nélson Semedo,POR,"MF,DF",29,1993,36,36,3084,34.3,0,1,1,0,0,0,10,1,0.0,0.03,0.03,0.0,0.03
ENG-Premier League,2324,Wolves,Pablo Sarabia,ESP,"MF,FW",31,1992,30,20,1745,19.4,4,7,11,2,2,2,5,0,0.21,0.36,0.57,0.1,0.46
ENG-Premier League,2324,Wolves,Pedro Neto,POR,"MF,FW",23,2000,20,18,1516,16.8,2,9,11,2,0,0,4,0,0.12,0.53,0.65,0.12,0.65
ENG-Premier League,2324,Wolves,Rayan Aït-Nouri,ALG,"MF,DF",22,2001,33,29,2329,25.9,2,1,3,2,0,0,7,0,0.08,0.04,0.12,0.08,0.12
ENG-Premier League,2324,Wolves,Santiago Bueno,URU,DF,24,1998,12,9,822,9.1,0,0,0,0,0,0,1,0,0.0,0.0,0.0,0.0,0.0
ENG-Premier League,2324,Wolves,Saša Kalajdžić,AUT,FW,26,1997,11,1,166,1.8,2,0,2,2,0,0,0,0,1.08,0.0,1.08,1.08,1.08
ENG-Premier League,2324,Wolves,Tawanda Chirewa,ZIM,FW,19,2003,8,1,145,1.6,0,0,0,0,0,0,1,0,0.0,0.0,0.0,0.0,0.0
ENG-Premier League,2324,Wolves,Tommy Doyle,ENG,MF,21,2001,26,11,1222,13.6,0,0,0,0,0,0,2,0,0.0,0.0,0.0,0.0,0.0
ENG-Premier League,2324,Wolves,Toti Gomes,POR,DF,24,1999,35,31,2772,30.8,1,3,4,1,0,0,7,0,0.03,0.1,0.13,0.03,0.13
ENG-Premier League,2425,Arsenal,Ben White,ENG,DF,26,1997,17,13,1198,13.3,0,2,2,0,0,0,2,0,0.0,0.15,0.15,0.0,0.15
ENG-Premier League,2425,Arsenal,Bukayo Saka,ENG,"FW,MF",22,2001,25,20,1729,19.2,6,10,16,5,1,1,3,0,0.31,0.52,0.83,0.26,0.78
ENG-Premier League,2425,Arsenal,David Raya,ESP,GK,28,1995,38,38,3420,38.0,0,0,0,0,0,0,3,0,0.0,0.0,0.0,0.0,0.0
ENG-Premier League,2425,Arsenal,Declan Rice,ENG,MF,25,1999,35,33,2825,31.4,4,7,11,4,0,0,7,1,0.13,0.22,0.35,0.13,0.35
ENG-Premier League,2425,Arsenal,Ethan Nwaneri,ENG,"FW,MF",17,2007,26,11,895,9.9,4,2,6,4,0,0,1,0,0.4,0.2,0.6,0.4,0.6
ENG-Premier League,2425,Arsenal,Gabriel Jesus,BRA,FW,27,1997,17,6,608,6.8,3,0,3,3,0,0,4,0,0.44,0.0,0.44,0.44,0.44
ENG-Premier League,2425,Arsenal,Gabriel Magalhães,BRA,DF,26,1997,28,28,2363,26.3,3,1,4,3,0,0,4,0,0.11,0.04,0.15,0.11,0.15
ENG-Premier League,2425,Arsenal,Gabriel Martinelli,BRA,"FW,MF",23,2001,33,25,2290,25.4,8,4,12,8,0,0,1,0,0.31,0.16,0.47,0.31,0.47
ENG-Premier League,2425,Arsenal,Jakub Kiwior,POL,DF,24,2000,17,10,1122,12.5,1,0,1,1,0,0,1,0,0.08,0.0,0.08,0.08,0.08
ENG-Premier League,2425,Arsenal,Jorginho,ITA,MF,32,1991,15,9,704,7.8,0,0,0,0,0,0,5,0,0.0,0.0,0.0,0.0,0.0
ENG-Premier League,2425,Arsenal,Jurriën Timber,NED,DF,23,2001,30,27,2417,26.9,1,3,4,1,0,0,7,0,0.04,0.11,0.15,0.04,0.15
ENG-Premier League,2425,Arsenal,Kai Havertz,GER,FW,25,1999,23,21,1875,20.8,9,3,12,9,0,0,5,0,0.43,0.14,0.58,0.43,0.58
ENG-Premier League,2425,Arsenal,Kieran Tierney,SCO,DF,27,1997,13,2,259,2.9,1,0,1,1,0,0,0,0,0.35,0.0,0.35,0.35,0.35
ENG-Premier League,2425,Arsenal,Leandro Trossard,BEL,FW,29,1994,38,28,2546,28.3,8,7,15,8,0,0,4,1,0.28,0.25,0.53,0.28,0.53
ENG-Premier League,2425,Arsenal,Martin Ødegaard,NOR,MF,25,1998,30,26,2325,25.8,3,8,11,2,1,1,4,0,0.12,0.31,0.43,0.08,0.39
ENG-Premier League,2425,Arsenal,Mikel Merino,ESP,"MF,FW",28,1996,28,17,1586,17.6,7,2,9,7,0,0,4,1,0.4,0.11,0.51,0.4,0.51
ENG-Premier League,2425,Arsenal,Myles Lewis-Skelly,ENG,DF,17,2006,23,15,1369,15.2,1,0,1,1,0,0,3,2,0.07,0.0,0.07,0.07,0.07
ENG-Premier League,2425,Arsenal,Nathan Butler-Oyedeji,ENG,FW,21,2003,1,0,7,0.1,0,0,0,0,0,0,0,0,0.0,0.0,0.0,0.0,0.0
ENG-Premier League,2425,Arsenal,Oleksandr Zinchenko,UKR,"DF,MF",27,1996,15,5,527,5.9,0,1,1,0,0,0,1,0,0.0,0.17,0.17,0.0,0.17
ENG-Premier League,2425,Arsenal,Raheem Sterling,ENG,"FW,MF",29,1994,17,7,499,5.5,0,2,2,0,0,0,1,0,0.0,0.36,0.36,0.0,0.36
ENG-Premier League,2425,Arsenal,Reiss Nelson,ENG,"FW,MF",24,1999,1,0,3,0.0,0,0,0,0,0,0,0,0,0.0,0.0,0.0,0.0,0.0
ENG-Premier League,2425,Arsenal,Riccardo Calafiori,ITA,DF,22,2002,19,11,983,10.9,2,1,3,2,0,0,4,0,0.18,0.09,0.27,0.18,0.27
ENG-Premier League,2425,Arsenal,Takehiro Tomiyasu,JPN,DF,25,1998,1,0,7,0.1,0,0,0,0,0,0,0,0,0.0,0.0,0.0,0.0,0.0
ENG-Premier League,2425,Arsenal,Thomas Partey,GHA,"MF,DF",31,1993,35,31,2797,31.1,4,2,6,4,0,0,4,0,0.13,0.06,0.19,0.13,0.19
ENG-Premier League,2425,Arsenal,William Saliba,FRA,DF,23,2001,35,35,3039,33.8,2,0,2,2,0,0,2,1,0.06,0.0,0.06,0.06,0.06
ENG-Premier League,2425,Aston Villa,Amadou Onana,BEL,MF,22,2001,26,20,1617,18.0,3,0,3,3,0,0,4,0,0.17,0.0,0.17,0.17,0.17
ENG-Premier League,2425,Aston Villa,Andrés García,ESP,"DF,MF",21,2003,7,5,318,3.5,0,0,0,0,0,0,0,0,0.0,0.0,0.0,0.0,0.0
ENG-Premier League,2425,Aston Villa,Axel Disasi,FRA,DF,26,1998,7,5,490,5.4,0,0,0,0,0,0,2,0,0.0,0.0,0.0,0.0,0.0
ENG-Premier League,2425,Aston Villa,Boubacar Kamara,FRA,"MF,DF",24,1999,26,20,1726,19.2,1,0,1,1,0,0,2,0,0.05,0.0,0.05,0.05,0.05
ENG-Premier League,2425,Aston Villa,Diego Carlos,BRA,DF,31,1993,10,8,830,9.2,0,0,0,0,0,0,1,0,0.0,0.0,0.0,0.0,0.0
ENG-Premier League,2425,Aston Villa,Donyell Malen,NED,MF,25,1999,14,2,305,3.4,3,0,3,3,0,0,0,0,0.89,0.0,0.89,0.89,0.89
ENG-Premier League,2425,Aston Villa,Emi Buendía,ARG,"FW,MF",27,1996,12,0,98,1.1,0,0,0,0,0,0,1,0,0.0,0.0,0.0,0.0,0.0
ENG-Premier League,2425,Aston Villa,Emiliano Martínez,ARG,GK,31,1992,37,37,3194,35.5,0,0,0,0,0,0,5,1,0.0,0.0,0.0,0.0,0.0
ENG-Premier League,2425,Aston Villa,Ezri Konsa,ENG,DF,26,1997,34,33,2936,32.6,2,0,2,2,0,0,1,0,0.06,0.0,0.06,0.06,0.06
ENG-Premier League,2425,Aston Villa,Ian Maatsen,NED,DF,22,2002,29,10,1139,12.7,1,2,3,1,0,0,2,0,0.08,0.16,0.24,0.08,0.24
ENG-Premier League,2425,Aston Villa,Jacob Ramsey,ENG,MF,23,2001,29,19,1623,18.0,1,3,4,1,0,0,4,1,0.06,0.17,0.22,0.06,0.22
ENG-Premier League,2425,Aston Villa,Jaden Philogene Bidace,ENG,MF,22,2002,11,2,332,3.7,0,0,0,0,0,0,4,1,0.0,0.0,0.0,0.0,0.0
ENG-Premier League,2425,Aston Villa,John McGinn,SCO,MF,29,1994,34,27,2223,24.7,1,4,5,1,0,0,7,0,0.04,0.16,0.2,0.04,0.2
ENG-Premier League,2425,Aston Villa,Jáder Durán,COL,FW,20,2003,20,4,638,7.1,7,0,7,7,0,0,3,1,0.99,0.0,0.99,0.99,0.99
ENG-Premier League,2425,Aston Villa,Kosta Nedeljković,SRB,DF,18,2005,5,0,126,1.4,0,0,0,0,0,0,0,0,0.0,0.0,0.0,0.0,0.0
ENG-Premier League,2425,Aston Villa,Lamare Bogarde,NED,"DF,MF",20,2004,8,5,476,5.3,0,0,0,0,0,0,2,0,0.0,0.0,0.0,0.0,0.0
ENG-Premier League,2425,Aston Villa,Leon Bailey,JAM,MF,26,1997,24,14,1139,12.7,1,2,3,1,0,0,3,0,0.08,0.16,0.24,0.08,0.24
ENG-Premier League,2425,Aston Villa,Lucas Digne,FRA,DF,31,1993,32,28,2351,26.1,0,4,4,0,0,0,4,0,0.0,0.15,0.15,0.0,0.15
ENG-Premier League,2425,Aston Villa,Marco Asensio,ESP,MF,28,1996,13,9,743,8.3,3,1,4,3,0,2,2,0,0.36,0.12,0.48,0.36,0.48
ENG-Premier League,2425,Aston Villa,Marcus Rashford,ENG,"FW,MF",26,1997,10,4,444,4.9,2,2,4,1,1,1,0,0,0.41,0.41,0.81,0.2,0.61
ENG-Premier League,2425,Aston Villa,Matty Cash,POL,DF,26,1997,27,24,2070,23.0,1,1,2,1,0,0,7,0,0.04,0.04,0.09,0.04,0.09
ENG-Premier League,2425,Aston Villa,Morgan Rogers,ENG,MF,22,2002,37,37,3114,34.6,8,10,18,8,0,0,10,0,0.23,0.29,0.52,0.23,0.52
ENG-Premier League,2425,Aston Villa,Ollie Watkins,ENG,FW,28,1995,38,31,2598,28.9,16,8,24,14,2,2,2,0,0.55,0.28,0.83,0.48,0.76
ENG-Premier League,2425,Aston Villa,Pau Torres,ESP,DF,27,1997,24,23,2020,22.4,0,0,0,0,0,0,2,0,0.0,0.0,0.0,0.0,0.0
ENG-Premier League,2425,Aston Villa,Robin Olsen,SWE,GK,34,1990,4,1,226,2.5,0,0,0,0,0,0,0,0,0.0,0.0,0.0,0.0,0.0
ENG-Premier League,2425,Aston Villa,Ross Barkley,ENG,MF,30,1993,20,3,581,6.5,3,1,4,3,0,0,3,0,0.46,0.15,0.62,0.46,0.62
ENG-Premier League,2425,Aston Villa,Tyrone Mings,ENG,DF,31,1993,14,12,1120,12.4,0,0,0,0,0,0,1,0,0.0,0.0,0.0,0.0,0.0
ENG-Premier League,2425,Aston Villa,Youri Tielemans,BEL,MF,27,1997,36,35,3026,33.6,3,7,10,3,0,1,4,0,0.09,0.21,0.3,0.09,0.3
ENG-Premier League,2425,Bournemouth,Adam Smith,ENG,DF,33,1991,25,19,1590,17.7,0,0,0,0,0,0,7,0,0.0,0.0,0.0,0.0,0.0
ENG-Premier League,2425,Bournemouth,Alex Scott,ENG,MF,20,2003,20,8,755,8.4,0,0,0,0,0,0,3,0,0.0,0.0,0.0,0.0,0.0
ENG-Premier League,2425,Bournemouth,Antoine Semenyo,GHA,MF,24,2000,37,36,3203,35.6,11,5,16,11,0,0,9,0,0.31,0.14,0.45,0.31,0.45
ENG-Premier League,2425,Bournemouth,Ben Winterburn,ENG,MF,19,2004,4,0,24,0.3,0,0,0,0,0,0,0,0,0.0,0.0,0.0,0.0,0.0
ENG-Premier League,2425,Bournemouth,Dango Ouattara,BFA,"MF,FW",22,2002,32,21,2005,22.3,7,4,11,7,0,0,3,0,0.31,0.18,0.49,0.31,0.49
ENG-Premier League,2425,Bournemouth,Daniel Jebbison,CAN,FW,20,2003,16,0,119,1.3,1,0,1,1,0,0,1,0,0.76,0.0,0.76,0.76,0.76
ENG-Premier League,2425,Bournemouth,David Brooks,WAL,MF,27,1997,29,9,960,10.7,2,0,2,2,0,0,3,0,0.19,0.0,0.19,0.19,0.19
ENG-Premier League,2425,Bournemouth,Dean Huijsen,ESP,DF,19,2005,32,26,2427,27.0,3,2,5,3,0,0,10,0,0.11,0.07,0.19,0.11,0.19
ENG-Premier League,2425,Bournemouth,Enes Ünal,TUR,FW,27,1997,17,2,345,3.8,2,1,3,2,0,0,2,0,0.52,0.26,0.78,0.52,0.78
ENG-Premier League,2425,Bournemouth,Evanilson,BRA,FW,24,1999,31,28,2319,25.8,10,1,11,10,0,1,1,1,0.39,0.04,0.43,0.39,0.43
ENG-Premier League,2425,Bournemouth,Illia Zabarnyi,UKR,DF,21,2002,36,35,3109,34.5,0,1,1,0,0,0,4,1,0.0,0.03,0.03,0.0,0.03
ENG-Premier League,2425,Bournemouth,James Hill,ENG,DF,22,2002,10,6,448,5.0,0,1,1,0,0,0,1,0,0.0,0.2,0.2,0.0,0.2
ENG-Premier League,2425,Bournemouth,Julian Araujo,MEX,DF,22,2001,12,7,497,5.5,0,0,0,0,0,0,2,0,0.0,0.0,0.0,0.0,0.0
ENG-Premier League,2425,Bournemouth,Julio Soler,ARG,DF,19,2005,3,0,11,0.1,0,0,0,0,0,0,0,0,0.0,0.0,0.0,0.0,0.0
ENG-Premier League,2425,Bournemouth,Justin Kluivert,NED,MF,25,1999,34,29,2340,26.0,12,6,18,6,6,6,8,0,0.46,0.23,0.69,0.23,0.46
ENG-Premier League,2425,Bournemouth,Kepa Arrizabalaga,ESP,GK,29,1994,31,31,2790,31.0,0,0,0,0,0,0,3,0,0.0,0.0,0.0,0.0,0.0
ENG-Premier League,2425,Bournemouth,Lewis Cook,ENG,"MF,DF",27,1997,36,32,2978,33.1,1,3,4,1,0,0,8,1,0.03,0.09,0.12,0.03,0.12
ENG-Premier League,2425,Bournemouth,Luis Sinisterra,COL,MF,25,1999,12,1,236,2.6,1,1,2,1,0,0,0,0,0.38,0.38,0.76,0.38,0.76
ENG-Premier League,2425,Bournemouth,Marcos Senesi,ARG,DF,27,1997,17,13,1106,12.3,0,0,0,0,0,0,5,0,0.0,0.0,0.0,0.0,0.0
ENG-Premier League,2425,Bournemouth,Marcus Tavernier,ENG,MF,25,1999,29,20,1939,21.5,3,5,8,3,0,0,6,0,0.14,0.23,0.37,0.14,0.37
ENG-Premier League,2425,Bournemouth,Mark Travers,IRL,GK,25,1999,5,5,450,5.0,0,0,0,0,0,0,0,0,0.0,0.0,0.0,0.0,0.0
ENG-Premier League,2425,Bournemouth,Max Aarons,ENG,DF,24,2000,3,1,86,1.0,0,0,0,0,0,0,0,0,0.0,0.0,0.0,0.0,0.0
ENG-Premier League,2425,Bournemouth,Milos Kerkez,HUN,DF,20,2003,38,38,3336,37.1,2,5,7,2,0,0,4,0,0.05,0.13,0.19,0.05,0.19
ENG-Premier League,2425,Bournemouth,Neto,BRA,GK,35,1989,2,2,180,2.0,0,0,0,0,0,0,0,0,0.0,0.0,0.0,0.0,0.0
ENG-Premier League,2425,Bournemouth,Philip Billing,DEN,MF,28,1996,10,1,184,2.0,0,0,0,0,0,0,1,0,0.0,0.0,0.0,0.0,0.0
ENG-Premier League,2425,Bournemouth,Remy Rees-Dottin,ENG,FW,18,2006,1,0,1,0.0,0,0,0,0,0,0,0,0,0.0,0.0,0.0,0.0,0.0
ENG-Premier League,2425,Bournemouth,Ryan Christie,SCO,MF,29,1995,29,27,2117,23.5,2,3,5,2,0,0,9,0,0.09,0.13,0.21,0.09,0.21
ENG-Premier League,2425,Bournemouth,Tyler Adams,USA,MF,25,1999,28,21,1965,21.8,0,3,3,0,0,0,7,0,0.0,0.14,0.14,0.0,0.14
ENG-Premier League,2425,Bournemouth,Zain Silcott-Duberry,MSR,MF,19,2005,1,0,1,0.0,0,0,0,0,0,0,0,0,0.0,0.0,0.0,0.0,0.0
ENG-Premier League,2425,Brentford,Ben Mee,ENG,DF,34,1989,7,2,183,2.0,0,0,0,0,0,0,2,0,0.0,0.0,0.0,0.0,0.0
ENG-Premier League,2425,Brentford,Bryan Mbeumo,CMR,"MF,FW",24,1999,38,38,3414,37.9,20,7,27,15,5,6,3,0,0.53,0.18,0.71,0.4,0.58
ENG-Premier League,2425,Brentford,Christian Nørgaard,DEN,MF,30,1994,34,34,2819,31.3,5,4,9,5,0,0,8,1,0.16,0.13,0.29,0.16,0.29
ENG-Premier League,2425,Brentford,Edmond-Paris Maghoma,ENG,MF,23,2001,8,0,119,1.3,0,0,0,0,0,0,0,0,0.0,0.0,0.0,0.0,0.0
ENG-Premier League,2425,Brentford,Ethan Pinnock,JAM,DF,31,1993,22,21,1913,21.3,2,0,2,2,0,0,2,0,0.09,0.0,0.09,0.09,0.09
ENG-Premier League,2425,Brentford,Fabio Carvalho,POR,"FW,MF",21,2002,19,3,455,5.1,2,1,3,2,0,0,1,0,0.4,0.2,0.59,0.4,0.59
ENG-Premier League,2425,Brentford,Frank Onyeka,NGA,MF,26,1998,2,0,25,0.3,0,0,0,0,0,0,0,0,0.0,0.0,0.0,0.0,0.0
ENG-Premier League,2425,Brentford,Gustavo Nunes,BRA,MF,18,2005,3,0,12,0.1,0,0,0,0,0,0,0,0,0.0,0.0,0.0,0.0,0.0
ENG-Premier League,2425,Brentford,Hákon Valdimarsson,ISL,GK,22,2001,2,1,145,1.6,0,0,0,0,0,0,0,0,0.0,0.0,0.0,0.0,0.0
ENG-Premier League,2425,Brentford,Igor Thiago,BRA,FW,23,2001,8,1,175,1.9,0,0,0,0,0,0,0,0,0.0,0.0,0.0,0.0,0.0
ENG-Premier League,2425,Brentford,Jayden Meghoma,ENG,DF,18,2006,1,0,5,0.1,0,0,0,0,0,0,0,0,0.0,0.0,0.0,0.0,0.0
ENG-Premier League,2425,Brentford,Keane Lewis-Potter,ENG,"DF,MF",23,2001,38,36,3093,34.4,1,3,4,1,0,0,7,0,0.03,0.09,0.12,0.03,0.12
ENG-Premier League,2425,Brentford,Kevin Schade,GER,"MF,FW",22,2001,38,26,2293,25.5,11,2,13,11,0,0,3,0,0.43,0.08,0.51,0.43,0.51
ENG-Premier League,2425,Brentford,Kim Jisoo,KOR,DF,19,2004,3,0,30,0.3,0,0,0,0,0,0,0,0,0.0,0.0,0.0,0.0,0.0
ENG-Premier League,2425,Brentford,Kristoffer Ajer,NOR,DF,26,1998,24,17,1438,16.0,0,0,0,0,0,0,5,0,0.0,0.0,0.0,0.0,0.0
ENG-Premier League,2425,Brentford,Mads Roerslev,DEN,DF,25,1999,19,11,1101,12.2,0,2,2,0,0,0,2,0,0.0,0.16,0.16,0.0,0.16
ENG-Premier League,2425,Brentford,Mark Flekken,NED,GK,31,1993,37,37,3275,36.4,0,2,2,0,0,0,1,0,0.0,0.05,0.05,0.0,0.05
ENG-Premier League,2425,Brentford,Mathias Jensen,DEN,MF,28,1996,24,8,862,9.6,0,2,2,0,0,0,2,0,0.0,0.21,0.21,0.0,0.21
ENG-Premier League,2425,Brentford,Michael Kayode,ITA,DF,20,2004,12,6,528,5.9,0,1,1,0,0,0,2,0,0.0,0.17,0.17,0.0,0.17
ENG-Premier League,2425,Brentford,Mikkel Damsgaard,DEN,MF,24,2000,38,34,2911,32.3,2,10,12,2,0,0,2,0,0.06,0.31,0.37,0.06,0.37
ENG-Premier League,2425,Brentford,Nathan Collins,IRL,DF,23,2001,38,38,3420,38.0,2,3,5,2,0,0,5,0,0.05,0.08,0.13,0.05,0.13
ENG-Premier League,2425,Brentford,Rico Henry,JAM,"DF,MF",27,1997,5,0,99,1.1,0,0,0,0,0,0,0,0,0.0,0.0,0.0,0.0,0.0
ENG-Premier League,2425,Brentford,Ryan Trevitt,ENG,MF,21,2003,1,0,4,0.0,0,0,0,0,0,0,0,0,0.0,0.0,0.0,0.0,0.0
ENG-Premier League,2425,Brentford,Sepp van den Berg,NED,DF,22,2001,31,29,2586,28.7,0,0,0,0,0,0,3,0,0.0,0.0,0.0,0.0,0.0
ENG-Premier League,2425,Brentford,Vitaly Janelt,GER,MF,26,1998,32,27,2254,25.0,1,3,4,1,0,0,3,0,0.04,0.12,0.16,0.04,0.16
ENG-Premier League,2425,Brentford,Yehor Yarmoliuk,UKR,MF,20,2004,31,15,1450,16.1,0,0,0,0,0,0,6,0,0.0,0.0,0.0,0.0,0.0
ENG-Premier League,2425,Brentford,Yoane Wissa,COD,FW,27,1996,35,34,2919,32.4,19,4,23,19,0,0,5,0,0.59,0.12,0.71,0.59,0.71
ENG-Premier League,2425,Brentford,Yunus Emre Konak,TUR,MF,18,2006,10,0,42,0.5,0,0,0,0,0,0,0,0,0.0,0.0,0.0,0.0,0.0
ENG-Premier League,2425,Brighton,Adam Webster,ENG,DF,29,1995,14,11,887,9.9,0,0,0,0,0,0,1,0,0.0,0.0,0.0,0.0,0.0
ENG-Premier League,2425,Brighton,Bart Verbruggen,NED,GK,21,2002,36,36,3240,36.0,0,1,1,0,0,0,5,0,0.0,0.03,0.03,0.0,0.03
ENG-Premier League,2425,Brighton,Billy Gilmour,SCO,MF,23,2001,2,1,98,1.1,0,0,0,0,0,0,0,0,0.0,0.0,0.0,0.0,0.0
ENG-Premier League,2425,Brighton,Brajan Gruda,GER,"MF,FW",20,2004,21,8,687,7.6,1,4,5,1,0,0,0,0,0.13,0.52,0.66,0.13,0.66
ENG-Premier League,2425,Brighton,Carlos Baleba,CMR,MF,20,2004,34,31,2661,29.6,3,1,4,3,0,0,8,1,0.1,0.03,0.14,0.1,0.14
ENG-Premier League,2425,Brighton,Danny Welbeck,ENG,FW,33,1990,30,24,2115,23.5,10,4,14,9,1,1,5,0,0.43,0.17,0.6,0.38,0.55
ENG-Premier League,2425,Brighton,Diego Gómez,PAR,MF,21,2003,16,4,516,5.7,1,0,1,1,0,0,0,0,0.17,0.0,0.17,0.17,0.17
ENG-Premier League,2425,Brighton,Eiran Cashin,IRL,DF,22,2001,2,0,20,0.2,0,0,0,0,0,0,0,0,0.0,0.0,0.0,0.0,0.0
ENG-Premier League,2425,Brighton,Evan Ferguson,IRL,FW,19,2004,13,2,246,2.7,1,0,1,1,0,0,0,0,0.37,0.0,0.37,0.37,0.37
ENG-Premier League,2425,Brighton,Ferdi Kadioglu,TUR,"DF,MF",24,1999,6,5,385,4.3,1,0,1,1,0,0,1,0,0.23,0.0,0.23,0.23,0.23
ENG-Premier League,2425,Brighton,Georginio Rutter,FRA,"MF,FW",22,2002,28,19,1656,18.4,5,3,8,5,0,0,2,0,0.27,0.16,0.43,0.27,0.43
ENG-Premier League,2425,Brighton,Harry Howell,ENG,MF,16,2008,1,0,7,0.1,0,0,0,0,0,0,0,0,0.0,0.0,0.0,0.0,0.0
ENG-Premier League,2425,Brighton,Igor,BRA,DF,26,1998,13,10,961,10.7,0,0,0,0,0,0,4,0,0.0,0.0,0.0,0.0,0.0
ENG-Premier League,2425,Brighton,Jack Hinshelwood,ENG,"MF,DF",19,2005,26,22,1842,20.5,5,2,7,5,0,0,5,0,0.24,0.1,0.34,0.24,0.34
ENG-Premier League,2425,Brighton,Jakub Moder,POL,MF,25,1999,4,0,11,0.1,0,0,0,0,0,0,0,0,0.0,0.0,0.0,0.0,0.0
ENG-Premier League,2425,Brighton,James Milner,ENG,MF,38,1986,4,3,170,1.9,0,0,0,0,0,0,1,0,0.0,0.0,0.0,0.0,0.0
ENG-Premier League,2425,Brighton,Jan Paul van Hecke,NED,DF,24,2000,34,33,2958,32.9,1,1,2,1,0,0,8,1,0.03,0.03,0.06,0.03,0.06
ENG-Premier League,2425,Brighton,Jason Steele,ENG,GK,33,1990,2,2,180,2.0,0,0,0,0,0,0,0,0,0.0,0.0,0.0,0.0,0.0
ENG-Premier League,2425,Brighton,Jeremy Sarmiento,ECU,MF,22,2002,1,0,9,0.1,0,0,0,0,0,0,0,0,0.0,0.0,0.0,0.0,0.0
ENG-Premier League,2425,Brighton,João Pedro,BRA,"FW,MF",22,2001,27,23,1948,21.6,10,6,16,5,5,5,4,1,0.46,0.28,0.74,0.23,0.51
ENG-Premier League,2425,Brighton,Joël Veltman,NED,DF,32,1992,21,19,1697,18.9,0,0,0,0,0,0,5,0,0.0,0.0,0.0,0.0,0.0
ENG-Premier League,2425,Brighton,Julio Enciso,PAR,MF,20,2004,12,2,294,3.3,0,0,0,0,0,0,0,0,0.0,0.0,0.0,0.0,0.0
ENG-Premier League,2425,Brighton,Kaoru Mitoma,JPN,MF,27,1997,36,28,2603,28.9,10,4,14,10,0,0,1,0,0.35,0.14,0.48,0.35,0.48
ENG-Premier League,2425,Brighton,Lewis Dunk,ENG,DF,32,1991,25,23,2083,23.1,0,0,0,0,0,0,5,0,0.0,0.0,0.0,0.0,0.0
ENG-Premier League,2425,Brighton,Mats Wieffer,NED,"DF,MF",24,1999,25,10,1015,11.3,1,3,4,1,0,0,6,0,0.09,0.27,0.35,0.09,0.35
ENG-Premier League,2425,Brighton,Matt O'Riley,DEN,MF,23,2000,21,11,938,10.4,2,2,4,1,1,1,1,0,0.19,0.19,0.38,0.1,0.29
ENG-Premier League,2425,Brighton,Pervis Estupiñán,ECU,DF,26,1998,30,26,2402,26.7,1,1,2,1,0,0,5,0,0.04,0.04,0.07,0.04,0.07
ENG-Premier League,2425,Brighton,Simon Adingra,CIV,MF,22,2002,29,12,1097,12.2,2,2,4,2,0,0,0,0,0.16,0.16,0.33,0.16,0.33
ENG-Premier League,2425,Brighton,Solly March,ENG,MF,30,1994,8,1,168,1.9,0,0,0,0,0,0,2,0,0.0,0.0,0.0,0.0,0.0
ENG-Premier League,2425,Brighton,Tariq Lamptey,GHA,"DF,MF",23,2000,15,10,860,9.6,2,2,4,2,0,0,0,0,0.21,0.21,0.42,0.21,0.42
ENG-Premier League,2425,Brighton,Yankuba Minteh,GAM,MF,20,2004,32,20,1838,20.4,6,4,10,6,0,0,6,0,0.29,0.2,0.49,0.29,0.49
ENG-Premier League,2425,Brighton,Yasin Ayari,SWE,MF,20,2003,34,22,1965,21.8,2,1,3,2,0,0,3,0,0.09,0.05,0.14,0.09,0.14
ENG-Premier League,2425,Chelsea,Axel Disasi,FRA,DF,26,1998,6,4,364,4.0,1,0,1,1,0,0,1,0,0.25,0.0,0.25,0.25,0.25
ENG-Premier League,2425,Chelsea,Benoît Badiashile,FRA,DF,23,2001,5,3,334,3.7,0,0,0,0,0,0,0,0,0.0,0.0,0.0,0.0,0.0
ENG-Premier League,2425,Chelsea,Christopher Nkunku,FRA,"MF,FW",26,1997,27,9,921,10.2,3,2,5,3,0,0,2,0,0.29,0.2,0.49,0.29,0.49
ENG-Premier League,2425,Chelsea,Cole Palmer,ENG,MF,22,2002,37,36,3191,35.5,15,8,23,11,4,5,7,0,0.42,0.23,0.65,0.31,0.54
ENG-Premier League,2425,Chelsea,Enzo Fernández,ARG,MF,23,2001,36,32,2947,32.7,6,7,13,6,0,0,8,0,0.18,0.21,0.4,0.18,0.4
ENG-Premier League,2425,Chelsea,Filip Jørgensen,DEN,GK,22,2002,6,6,540,6.0,0,0,0,0,0,0,0,0,0.0,0.0,0.0,0.0,0.0
ENG-Premier League,2425,Chelsea,Jadon Sancho,ENG,MF,24,2000,31,19,1764,19.6,3,4,7,3,0,0,2,0,0.15,0.2,0.36,0.15,0.36
ENG-Premier League,2425,Chelsea,Joshua Acheampong,ENG,DF,18,2006,4,2,170,1.9,0,0,0,0,0,0,1,0,0.0,0.0,0.0,0.0,0.0
ENG-Premier League,2425,Chelsea,João Félix,POR,MF,24,1999,12,3,369,4.1,1,1,2,1,0,0,2,0,0.24,0.24,0.49,0.24,0.49
ENG-Premier League,2425,Chelsea,Kiernan Dewsbury-Hall,ENG,MF,25,1998,13,2,264,2.9,0,1,1,0,0,0,0,0,0.0,0.34,0.34,0.0,0.34
ENG-Premier League,2425,Chelsea,Levi Colwill,ENG,DF,21,2003,35,35,3149,35.0,2,1,3,2,0,0,9,0,0.06,0.03,0.09,0.06,0.09
ENG-Premier League,2425,Chelsea,Malo Gusto,FRA,DF,21,2003,32,19,1862,20.7,0,1,1,0,0,0,4,0,0.0,0.05,0.05,0.0,0.05
ENG-Premier League,2425,Chelsea,Marc Cucurella,ESP,DF,26,1998,36,33,2988,33.2,5,1,6,5,0,0,10,1,0.15,0.03,0.18,0.15,0.18
ENG-Premier League,2425,Chelsea,Marc Guiu,ESP,FW,18,2006,3,0,73,0.8,0,0,0,0,0,0,0,0,0.0,0.0,0.0,0.0,0.0
ENG-Premier League,2425,Chelsea,Mathis Amougou,FRA,MF,18,2006,1,0,8,0.1,0,0,0,0,0,0,0,0,0.0,0.0,0.0,0.0,0.0
ENG-Premier League,2425,Chelsea,Moisés Caicedo,ECU,"MF,DF",22,2001,38,38,3351,37.2,1,2,3,1,0,0,11,0,0.03,0.05,0.08,0.03,0.08
ENG-Premier League,2425,Chelsea,Mykhailo Mudryk,UKR,MF,23,2001,7,1,151,1.7,0,0,0,0,0,0,0,0,0.0,0.0,0.0,0.0,0.0
ENG-Premier League,2425,Chelsea,Nicolas Jackson,SEN,FW,23,2001,30,28,2220,24.7,10,5,15,10,0,0,7,1,0.41,0.2,0.61,0.41,0.61
ENG-Premier League,2425,Chelsea,Noni Madueke,ENG,MF,22,2002,32,27,2033,22.6,7,3,10,7,0,0,3,0,0.31,0.13,0.44,0.31,0.44
ENG-Premier League,2425,Chelsea,Pedro Neto,POR,"MF,FW",24,2000,35,24,2269,25.2,4,6,10,4,0,0,8,0,0.16,0.24,0.4,0.16,0.4
ENG-Premier League,2425,Chelsea,Reece James,ENG,"DF,MF",24,1999,19,12,1063,11.8,1,1,2,1,0,0,1,0,0.08,0.08,0.17,0.08,0.17
ENG-Premier League,2425,Chelsea,Renato Veiga,POR,MF,21,2003,7,1,181,2.0,0,0,0,0,0,0,2,0,0.0,0.0,0.0,0.0,0.0
ENG-Premier League,2425,Chelsea,Robert Sánchez,ESP,GK,26,1997,32,32,2880,32.0,0,0,0,0,0,0,5,0,0.0,0.0,0.0,0.0,0.0
ENG-Premier League,2425,Chelsea,Roméo Lavia,BEL,MF,20,2004,16,11,797,8.9,0,1,1,0,0,0,4,0,0.0,0.11,0.11,0.0,0.11
ENG-Premier League,2425,Chelsea,Shumaira Mheuka,ENG,FW,16,2007,1,0,1,0.0,0,0,0,0,0,0,0,0,0.0,0.0,0.0,0.0,0.0
ENG-Premier League,2425,Chelsea,Tosin Adarabioyo,ENG,DF,26,1997,22,15,1409,15.7,1,1,2,1,0,0,4,0,0.06,0.06,0.13,0.06,0.13
ENG-Premier League,2425,Chelsea,Trevoh Chalobah,ENG,DF,25,1999,13,11,910,10.1,0,1,1,0,0,0,2,0,0.0,0.1,0.1,0.0,0.1
ENG-Premier League,2425,Chelsea,Tyrique George,ENG,FW,18,2006,8,1,183,2.0,1,1,2,1,0,0,1,0,0.49,0.49,0.98,0.49,0.98
ENG-Premier League,2425,Chelsea,Wesley Fofana,FRA,DF,23,2000,14,14,1172,13.0,0,0,0,0,0,0,7,0,0.0,0.0,0.0,0.0,0.0
ENG-Premier League,2425,Crystal Palace,Adam Wharton,ENG,MF,20,2004,20,16,1318,14.6,0,2,2,0,0,0,2,0,0.0,0.14,0.14,0.0,0.14
ENG-Premier League,2425,Crystal Palace,Asher Agbinone,ENG,MF,18,2005,2,0,6,0.1,0,0,0,0,0,0,0,0,0.0,0.0,0.0,0.0,0.0
ENG-Premier League,2425,Crystal Palace,Ben Chilwell,ENG,MF,27,1996,8,1,259,2.9,1,0,1,1,0,0,1,0,0.35,0.0,0.35,0.35,0.35
ENG-Premier League,2425,Crystal Palace,Caleb Kporha,ENG,DF,18,2006,2,0,13,0.1,0,0,0,0,0,0,0,0,0.0,0.0,0.0,0.0,0.0
ENG-Premier League,2425,Crystal Palace,Chadi Riad,MAR,DF,21,2003,1,1,90,1.0,0,0,0,0,0,0,0,0,0.0,0.0,0.0,0.0,0.0
ENG-Premier League,2425,Crystal Palace,Cheick Doucouré,MLI,MF,24,2000,13,4,452,5.0,0,0,0,0,0,0,1,0,0.0,0.0,0.0,0.0,0.0
ENG-Premier League,2425,Crystal Palace,Chris Richards,USA,DF,24,2000,24,22,1922,21.4,1,0,1,1,0,0,4,1,0.05,0.0,0.05,0.05,0.05
ENG-Premier League,2425,Crystal Palace,Daichi Kamada,JPN,MF,27,1996,34,15,1564,17.4,0,0,0,0,0,0,4,1,0.0,0.0,0.0,0.0,0.0
ENG-Premier League,2425,Crystal Palace,Daniel Muñoz,COL,MF,28,1996,37,37,3228,35.9,4,5,9,4,0,0,10,0,0.11,0.14,0.25,0.11,0.25
ENG-Premier League,2425,Crystal Palace,Dean Henderson,ENG,GK,27,1997,38,38,3420,38.0,0,0,0,0,0,0,3,0,0.0,0.0,0.0,0.0,0.0
ENG-Premier League,2425,Crystal Palace,Eberechi Eze,ENG,MF,26,1998,34,31,2588,28.8,8,8,16,7,1,2,1,0,0.28,0.28,0.56,0.24,0.52
ENG-Premier League,2425,Crystal Palace,Eddie Nketiah,ENG,"FW,MF",25,1999,29,9,1034,11.5,3,1,4,3,0,0,6,1,0.26,0.09,0.35,0.26,0.35
ENG-Premier League,2425,Crystal Palace,Ismaila Sarr,SEN,MF,26,1998,38,30,2711,30.1,8,6,14,8,0,0,4,0,0.27,0.2,0.46,0.27,0.46
ENG-Premier League,2425,Crystal Palace,Jean-Philippe Mateta,FRA,FW,27,1997,37,33,2648,29.4,14,2,16,12,2,2,2,0,0.48,0.07,0.54,0.41,0.48
ENG-Premier League,2425,Crystal Palace,Jefferson Lerma,COL,"MF,DF",29,1994,33,26,2274,25.3,0,1,1,0,0,0,9,0,0.0,0.04,0.04,0.0,0.04
ENG-Premier League,2425,Crystal Palace,Jeffrey Schlupp,GHA,"DF,FW",31,1992,12,0,103,1.1,0,0,0,0,0,0,0,0,0.0,0.0,0.0,0.0,0.0
ENG-Premier League,2425,Crystal Palace,Joachim Andersen,DEN,DF,28,1996,1,1,90,1.0,0,0,0,0,0,0,1,0,0.0,0.0,0.0,0.0,0.0
ENG-Premier League,2425,Crystal Palace,Joel Ward,ENG,DF,34,1989,2,1,71,0.8,0,0,0,0,0,0,1,0,0.0,0.0,0.0,0.0,0.0
ENG-Premier League,2425,Crystal Palace,Jordan Ayew,GHA,"FW,MF",32,1991,1,0,21,0.2,0,0,0,0,0,0,1,0,0.0,0.0,0.0,0.0,0.0
ENG-Premier League,2425,Crystal Palace,Justin Devenny,NIR,MF,20,2003,23,4,507,5.6,1,1,2,1,0,0,1,0,0.18,0.18,0.36,0.18,0.36
ENG-Premier League,2425,Crystal Palace,Marc Guéhi,ENG,DF,24,2000,34,34,3059,34.0,3,2,5,3,0,0,9,1,0.09,0.06,0.15,0.09,0.15
ENG-Premier League,2425,Crystal Palace,Matheus França,BRA,FW,20,2004,4,0,55,0.6,1,0,1,1,0,0,0,0,1.64,0.0,1.64,1.64,1.64
ENG-Premier League,2425,Crystal Palace,Maxence Lacroix,FRA,DF,24,2000,35,35,3116,34.6,1,1,2,1,0,0,5,0,0.03,0.03,0.06,0.03,0.06
ENG-Premier League,2425,Crystal Palace,Nathaniel Clyne,ENG,"DF,MF",33,1991,13,5,483,5.4,0,0,0,0,0,0,1,0,0.0,0.0,0.0,0.0,0.0
ENG-Premier League,2425,Crystal Palace,Odsonne Édouard,FRA,MF,26,1998,2,1,115,1.3,0,0,0,0,0,0,0,0,0.0,0.0,0.0,0.0,0.0
ENG-Premier League,2425,Crystal Palace,Romain Esse,ENG,MF,19,2005,7,1,138,1.5,1,1,2,1,0,0,0,0,0.65,0.65,1.3,0.65,1.3
ENG-Premier League,2425,Crystal Palace,Trevoh Chalobah,ENG,DF,25,1999,12,12,1060,11.8,3,0,3,3,0,0,1,0,0.25,0.0,0.25,0.25,0.25
ENG-Premier League,2425,Crystal Palace,Tyrick Mitchell,ENG,MF,24,1999,37,37,3092,34.4,0,5,5,0,0,0,2,0,0.0,0.15,0.15,0.0,0.15
ENG-Premier League,2425,Crystal Palace,Will Hughes,ENG,MF,29,1995,33,24,2108,23.4,0,3,3,0,0,0,11,0,0.0,0.13,0.13,0.0,0.13
ENG-Premier League,2425,Everton,Abdoulaye Doucouré,MLI,MF,31,1993,33,31,2564,28.5,3,2,5,3,0,0,5,1,0.11,0.07,0.18,0.11,0.18
ENG-Premier League,2425,Everton,Armando Broja,ALB,FW,22,2001,10,4,334,3.7,0,0,0,0,0,0,1,0,0.0,0.0,0.0,0.0,0.0
ENG-Premier League,2425,Everton,Ashley Young,ENG,DF,39,1985,32,19,1875,20.8,1,3,4,1,0,0,7,1,0.05,0.14,0.19,0.05,0.19
ENG-Premier League,2425,Everton,Beto,GNB,FW,26,1998,30,15,1534,17.0,8,0,8,8,0,0,2,0,0.47,0.0,0.47,0.47,0.47
ENG-Premier League,2425,Everton,Carlos Alcaraz,ARG,MF,21,2002,15,7,764,8.5,2,3,5,2,0,0,4,0,0.24,0.35,0.59,0.24,0.59
ENG-Premier League,2425,Everton,Dominic Calvert-Lewin,ENG,FW,27,1997,26,19,1609,17.9,3,1,4,3,0,0,2,0,0.17,0.06,0.22,0.17,0.22
ENG-Premier League,2425,Everton,Dwight McNeil,ENG,MF,24,1999,21,15,1371,15.2,4,6,10,4,0,0,1,0,0.26,0.39,0.66,0.26,0.66
ENG-Premier League,2425,Everton,Harrison Armstrong,ENG,MF,17,2007,3,0,48,0.5,0,0,0,0,0,0,1,0,0.0,0.0,0.0,0.0,0.0
ENG-Premier League,2425,Everton,Idrissa Gueye,SEN,MF,34,1989,37,35,3063,34.0,0,3,3,0,0,0,9,0,0.0,0.09,0.09,0.0,0.09
ENG-Premier League,2425,Everton,Iliman Ndiaye,SEN,"MF,FW",24,2000,33,29,2430,27.0,9,0,9,7,2,2,3,0,0.33,0.0,0.33,0.26,0.26
ENG-Premier League,2425,Everton,Jack Harrison,ENG,"MF,FW",27,1996,34,24,2076,23.1,1,0,1,1,0,0,0,0,0.04,0.0,0.04,0.04,0.04
ENG-Premier League,2425,Everton,Jake O'Brien,IRL,DF,23,2001,20,17,1571,17.5,2,0,2,2,0,0,5,0,0.11,0.0,0.11,0.11,0.11
ENG-Premier League,2425,Everton,James Garner,ENG,"MF,DF",23,2001,21,17,1594,17.7,0,1,1,0,0,0,5,0,0.0,0.06,0.06,0.0,0.06
ENG-Premier League,2425,Everton,James Tarkowski,ENG,DF,31,1992,33,33,2922,32.5,1,1,2,1,0,0,6,0,0.03,0.03,0.06,0.03,0.06
ENG-Premier League,2425,Everton,Jarrad Branthwaite,ENG,DF,22,2002,30,28,2511,27.9,0,1,1,0,0,0,4,0,0.0,0.04,0.04,0.0,0.04
ENG-Premier League,2425,Everton,Jesper Lindstrøm,DEN,MF,24,2000,25,15,1239,13.8,0,1,1,0,0,0,2,0,0.0,0.07,0.07,0.0,0.07
ENG-Premier League,2425,Everton,Jordan Pickford,ENG,GK,30,1994,38,38,3420,38.0,0,1,1,0,0,0,7,0,0.0,0.03,0.03,0.0,0.03
ENG-Premier League,2425,Everton,Mason Holgate,JAM,DF,27,1996,1,0,6,0.1,0,0,0,0,0,0,0,0,0.0,0.0,0.0,0.0,0.0
ENG-Premier League,2425,Everton,Michael Keane,ENG,DF,31,1993,14,11,1049,11.7,3,0,3,3,0,0,5,0,0.26,0.0,0.26,0.26,0.26
ENG-Premier League,2425,Everton,Nathan Patterson,SCO,DF,22,2001,10,3,347,3.9,0,1,1,0,0,0,1,0,0.0,0.26,0.26,0.0,0.26
ENG-Premier League,2425,Everton,Orel Mangala,BEL,MF,26,1998,19,14,1261,14.0,1,0,1,1,0,0,2,0,0.07,0.0,0.07,0.07,0.07
ENG-Premier League,2425,Everton,Roman Dixon,ENG,DF,19,2004,1,1,90,1.0,0,0,0,0,0,0,0,0,0.0,0.0,0.0,0.0,0.0
ENG-Premier League,2425,Everton,Séamus Coleman,IRL,DF,35,1988,5,3,215,2.4,0,0,0,0,0,0,1,0,0.0,0.0,0.0,0.0,0.0
ENG-Premier League,2425,Everton,Tim Iroegbunam,ENG,MF,21,2003,18,5,574,6.4,0,1,1,0,0,0,4,0,0.0,0.16,0.16,0.0,0.16
ENG-Premier League,2425,Everton,Vitaliy Mykolenko,UKR,DF,25,1999,35,35,3082,34.2,1,2,3,1,0,0,4,0,0.03,0.06,0.09,0.03,0.09
ENG-Premier League,2425,Everton,Youssef Chermiti,POR,FW,20,2004,4,0,45,0.5,0,0,0,0,0,0,1,0,0.0,0.0,0.0,0.0,0.0
ENG-Premier League,2425,Fulham,Adama Traoré,ESP,MF,28,1996,36,18,1772,19.7,2,7,9,2,0,0,3,0,0.1,0.36,0.46,0.1,0.46
ENG-Premier League,2425,Fulham,Alex Iwobi,NGA,MF,28,1996,38,35,2981,33.1,9,6,15,9,0,0,1,0,0.27,0.18,0.45,0.27,0.45
ENG-Premier League,2425,Fulham,Andreas Pereira,BRA,MF,28,1996,33,25,2013,22.4,2,4,6,2,0,1,7,0,0.09,0.18,0.27,0.09,0.27
ENG-Premier League,2425,Fulham,Antonee Robinson,USA,"DF,MF",26,1997,36,35,3167,35.2,0,10,10,0,0,0,8,0,0.0,0.28,0.28,0.0,0.28
ENG-Premier League,2425,Fulham,Bernd Leno,GER,GK,32,1992,38,38,3420,38.0,0,1,1,0,0,0,5,0,0.0,0.03,0.03,0.0,0.03
ENG-Premier League,2425,Fulham,Calvin Bassey,NGA,DF,24,1999,35,34,3074,34.2,1,0,1,1,0,0,7,0,0.03,0.0,0.03,0.03,0.03
ENG-Premier League,2425,Fulham,Carlos Vinícius,BRA,FW,29,1995,3,0,16,0.2,0,0,0,0,0,0,0,0,0.0,0.0,0.0,0.0,0.0
ENG-Premier League,2425,Fulham,Emile Smith Rowe,ENG,MF,24,2000,34,25,2043,22.7,6,3,9,6,0,0,3,0,0.26,0.13,0.4,0.26,0.4
ENG-Premier League,2425,Fulham,Harrison Reed,ENG,MF,29,1995,12,0,108,1.2,0,0,0,0,0,0,2,0,0.0,0.0,0.0,0.0,0.0
ENG-Premier League,2425,Fulham,Harry Wilson,WAL,"MF,FW",27,1997,25,12,1162,12.9,6,1,7,6,0,0,2,0,0.46,0.08,0.54,0.46,0.54
ENG-Premier League,2425,Fulham,Issa Diop,MAR,DF,27,1997,21,15,1339,14.9,0,0,0,0,0,0,2,0,0.0,0.0,0.0,0.0,0.0
ENG-Premier League,2425,Fulham,Jay Stansfield,ENG,"FW,MF",21,2002,1,0,1,0.0,0,0,0,0,0,0,0,0,0.0,0.0,0.0,0.0,0.0
ENG-Premier League,2425,Fulham,Joachim Andersen,DEN,DF,28,1996,29,29,2583,28.7,0,0,0,0,0,0,6,1,0.0,0.0,0.0,0.0,0.0
ENG-Premier League,2425,Fulham,Jorge Cuenca,ESP,DF,24,1999,8,4,351,3.9,0,0,0,0,0,0,0,0,0.0,0.0,0.0,0.0,0.0
ENG-Premier League,2425,Fulham,Joshua King,ENG,MF,17,2007,8,1,130,1.4,0,0,0,0,0,0,0,0,0.0,0.0,0.0,0.0,0.0
ENG-Premier League,2425,Fulham,Kenny Tete,NED,DF,28,1995,22,21,1774,19.7,0,2,2,0,0,0,5,0,0.0,0.1,0.1,0.0,0.1
ENG-Premier League,2425,Fulham,Martial Godo,CIV,"FW,MF",21,2003,2,0,24,0.3,0,0,0,0,0,0,0,0,0.0,0.0,0.0,0.0,0.0
ENG-Premier League,2425,Fulham,Raúl Jiménez,MEX,FW,33,1991,38,30,2494,27.7,12,3,15,9,3,3,4,0,0.43,0.11,0.54,0.32,0.43
ENG-Premier League,2425,Fulham,Reiss Nelson,ENG,MF,24,1999,11,5,487,5.4,1,1,2,1,0,0,1,0,0.18,0.18,0.37,0.18,0.37
ENG-Premier League,2425,Fulham,Rodrigo Muniz,BRA,FW,23,2001,31,8,964,10.7,8,1,9,8,0,0,1,0,0.75,0.09,0.84,0.75,0.84
ENG-Premier League,2425,Fulham,Ryan Sessegnon,ENG,"MF,DF",24,2000,16,7,580,6.4,4,2,6,4,0,0,1,0,0.62,0.31,0.93,0.62,0.93
ENG-Premier League,2425,Fulham,Sander Berge,NOR,MF,26,1998,31,26,2224,24.7,0,0,0,0,0,0,6,0,0.0,0.0,0.0,0.0,0.0
ENG-Premier League,2425,Fulham,Saša Lukić,SRB,MF,27,1996,30,28,2344,26.0,0,2,2,0,0,0,12,0,0.0,0.08,0.08,0.0,0.08
ENG-Premier League,2425,Fulham,Timothy Castagne,BEL,"DF,MF",28,1995,24,17,1649,18.3,0,1,1,0,0,0,1,0,0.0,0.05,0.05,0.0,0.05
ENG-Premier League,2425,Fulham,Tom Cairney,SCO,MF,33,1991,25,3,628,7.0,2,0,2,2,0,0,3,1,0.29,0.0,0.29,0.29,0.29
ENG-Premier League,2425,Fulham,Willian,BRA,"MF,FW",35,1988,10,2,257,2.9,0,0,0,0,0,0,0,0,0.0,0.0,0.0,0.0,0.0
ENG-Premier League,2425,Ipswich Town,Alex Palmer,ENG,GK,27,1996,13,13,1170,13.0,0,0,0,0,0,0,2,0,0.0,0.0,0.0,0.0,0.0
ENG-Premier League,2425,Ipswich Town,Ali Al Hamadi,IRQ,FW,22,2002,11,0,134,1.5,0,0,0,0,0,0,3,0,0.0,0.0,0.0,0.0,0.0
ENG-Premier League,2425,Ipswich Town,Arijanet Muric,KVX,GK,25,1998,18,18,1620,18.0,0,0,0,0,0,0,1,0,0.0,0.0,0.0,0.0,0.0
ENG-Premier League,2425,Ipswich Town,Axel Tuanzebe,COD,DF,26,1997,22,20,1710,19.0,0,1,1,0,0,0,5,1,0.0,0.05,0.05,0.0,0.05
ENG-Premier League,2425,Ipswich Town,Ben Godfrey,ENG,DF,26,1998,3,2,159,1.8,0,0,0,0,0,0,1,0,0.0,0.0,0.0,0.0,0.0
ENG-Premier League,2425,Ipswich Town,Ben Johnson,ENG,"MF,DF",24,2000,23,14,1354,15.0,1,2,3,1,0,0,5,1,0.07,0.13,0.2,0.07,0.2
ENG-Premier League,2425,Ipswich Town,Cameron Burgess,AUS,DF,28,1995,18,16,1541,17.1,0,2,2,0,0,0,0,0,0.0,0.12,0.12,0.0,0.12
ENG-Premier League,2425,Ipswich Town,Chiedozie Ogbene,IRL,MF,27,1997,5,3,238,2.6,0,0,0,0,0,0,0,0,0.0,0.0,0.0,0.0,0.0
ENG-Premier League,2425,Ipswich Town,Christian Walton,ENG,GK,28,1995,7,7,630,7.0,0,0,0,0,0,0,0,0,0.0,0.0,0.0,0.0,0.0
ENG-Premier League,2425,Ipswich Town,Conor Chaplin,ENG,"MF,FW",27,1997,22,10,857,9.5,1,1,2,1,0,0,2,0,0.11,0.11,0.21,0.11,0.21
ENG-Premier League,2425,Ipswich Town,Conor Townsend,ENG,DF,31,1993,6,3,335,3.7,0,1,1,0,0,0,1,0,0.0,0.27,0.27,0.0,0.27
ENG-Premier League,2425,Ipswich Town,Dara O'Shea,IRL,DF,25,1999,35,35,3122,34.7,0,2,2,0,0,0,6,0,0.0,0.06,0.06,0.0,0.06
ENG-Premier League,2425,Ipswich Town,George Edmundson,ENG,DF,26,1997,1,0,2,0.0,0,0,0,0,0,0,0,0,0.0,0.0,0.0,0.0,0.0
ENG-Premier League,2425,Ipswich Town,George Hirst,SCO,FW,25,1999,26,5,661,7.3,3,1,4,3,0,0,3,0,0.41,0.14,0.54,0.41,0.54
ENG-Premier League,2425,Ipswich Town,Harry Clarke,ENG,DF,23,2001,7,4,379,4.2,0,0,0,0,0,0,3,1,0.0,0.0,0.0,0.0,0.0
ENG-Premier League,2425,Ipswich Town,Jack Clarke,ENG,MF,23,2000,32,12,1181,13.1,0,4,4,0,0,0,2,0,0.0,0.3,0.3,0.0,0.3
ENG-Premier League,2425,Ipswich Town,Jack Taylor,IRL,MF,26,1998,32,4,860,9.6,1,0,1,1,0,0,4,0,0.1,0.0,0.1,0.1,0.1
ENG-Premier League,2425,Ipswich Town,Jacob Greaves,ENG,DF,23,2000,25,25,2205,24.5,1,0,1,1,0,0,5,0,0.04,0.0,0.04,0.04,0.04
ENG-Premier League,2425,Ipswich Town,Jaden Philogene Bidace,ENG,MF,22,2002,10,5,474,5.3,2,0,2,2,0,0,1,0,0.38,0.0,0.38,0.38,0.38
ENG-Premier League,2425,Ipswich Town,Jens Cajuste,SWE,MF,24,1999,30,25,1959,21.8,1,1,2,1,0,0,2,0,0.05,0.05,0.09,0.05,0.09
ENG-Premier League,2425,Ipswich Town,Julio Enciso,PAR,MF,20,2004,13,12,869,9.7,2,3,5,2,0,0,3,0,0.21,0.31,0.52,0.21,0.52
ENG-Premier League,2425,Ipswich Town,Kalvin Phillips,ENG,MF,28,1995,19,14,1237,13.7,0,0,0,0,0,0,6,1,0.0,0.0,0.0,0.0,0.0
ENG-Premier League,2425,Ipswich Town,Leif Davis,ENG,DF,24,1999,33,32,2743,30.5,1,2,3,1,0,0,5,1,0.03,0.07,0.1,0.03,0.1
ENG-Premier League,2425,Ipswich Town,Liam Delap,ENG,FW,21,2003,37,32,2593,28.8,12,2,14,10,2,2,12,0,0.42,0.07,0.49,0.35,0.42
ENG-Premier League,2425,Ipswich Town,Luke Woolfenden,ENG,DF,25,1998,15,12,1187,13.2,0,0,0,0,0,0,2,0,0.0,0.0,0.0,0.0,0.0
ENG-Premier League,2425,Ipswich Town,Marcus Harness,ENG,"FW,MF",28,1996,2,0,45,0.5,0,0,0,0,0,0,0,0,0.0,0.0,0.0,0.0,0.0
ENG-Premier League,2425,Ipswich Town,Massimo Luongo,AUS,MF,31,1992,11,2,201,2.2,0,0,0,0,0,0,0,0,0.0,0.0,0.0,0.0,0.0
ENG-Premier League,2425,Ipswich Town,Nathan Broadhead,WAL,MF,26,1998,18,7,702,7.8,2,0,2,2,0,0,1,0,0.26,0.0,0.26,0.26,0.26
ENG-Premier League,2425,Ipswich Town,Omari Hutchinson,ENG,MF,20,2003,31,30,2583,28.7,3,2,5,3,0,0,5,0,0.1,0.07,0.17,0.1,0.17
ENG-Premier League,2425,Ipswich Town,Sam Morsy,EGY,MF,32,1991,33,31,2751,30.6,1,1,2,1,0,0,10,0,0.03,0.03,0.07,0.03,0.07
ENG-Premier League,2425,Ipswich Town,Sammie Szmodics,IRL,MF,28,1995,20,13,992,11.0,4,0,4,4,0,0,2,0,0.36,0.0,0.36,0.36,0.36
ENG-Premier League,2425,Ipswich Town,Wes Burns,WAL,MF,29,1994,18,12,926,10.3,0,1,1,0,0,0,1,0,0.0,0.1,0.1,0.0,0.1
ENG-Premier League,2425,Leicester City,Abdul Fatawu Issahaku,GHA,"MF,FW",20,2004,11,6,579,6.4,0,2,2,0,0,0,0,0,0.0,0.31,0.31,0.0,0.31
ENG-Premier League,2425,Leicester City,Bilal El Khannouss,MAR,MF,20,2004,32,27,2182,24.2,2,3,5,2,0,0,4,0,0.08,0.12,0.21,0.08,0.21
ENG-Premier League,2425,Leicester City,Bobby De Cordova-Reid,JAM,"MF,FW",31,1993,23,9,744,8.3,1,2,3,1,0,0,2,0,0.12,0.24,0.36,0.12,0.36
ENG-Premier League,2425,Leicester City,Boubakary Soumaré,FRA,MF,25,1999,31,25,2171,24.1,0,0,0,0,0,0,8,0,0.0,0.0,0.0,0.0,0.0
ENG-Premier League,2425,Leicester City,Caleb Okoli,ITA,DF,23,2001,19,12,1125,12.5,1,0,1,1,0,0,4,0,0.08,0.0,0.08,0.08,0.08
ENG-Premier League,2425,Leicester City,Conor Coady,ENG,DF,31,1993,22,19,1714,19.0,1,0,1,1,0,0,3,0,0.05,0.0,0.05,0.05,0.05
ENG-Premier League,2425,Leicester City,Danny Ward,WAL,GK,31,1993,2,1,135,1.5,0,0,0,0,0,0,0,0,0.0,0.0,0.0,0.0,0.0
ENG-Premier League,2425,Leicester City,Facundo Buonanotte,ARG,"MF,FW",19,2004,31,14,1523,16.9,5,2,7,5,0,0,8,0,0.3,0.12,0.41,0.3,0.41
ENG-Premier League,2425,Leicester City,Hamza Choudhury,BAN,MF,26,1997,4,1,131,1.5,0,0,0,0,0,0,0,0,0.0,0.0,0.0,0.0,0.0
ENG-Premier League,2425,Leicester City,Harry Winks,ENG,MF,28,1996,22,17,1538,17.1,0,2,2,0,0,0,4,0,0.0,0.12,0.12,0.0,0.12
ENG-Premier League,2425,Leicester City,Jake Evans,ENG,MF,15,2008,4,0,24,0.3,0,0,0,0,0,0,0,0,0.0,0.0,0.0,0.0,0.0
ENG-Premier League,2425,Leicester City,Jakub Stolarczyk,POL,GK,23,2000,10,10,900,10.0,0,0,0,0,0,0,1,0,0.0,0.0,0.0,0.0,0.0
ENG-Premier League,2425,Leicester City,James Justin,ENG,"DF,MF",26,1998,36,34,2912,32.4,2,2,4,2,0,0,6,0,0.06,0.06,0.12,0.06,0.12
ENG-Premier League,2425,Leicester City,Jamie Vardy,ENG,FW,37,1987,35,35,2823,31.4,9,4,13,8,1,2,5,0,0.29,0.13,0.41,0.26,0.38
ENG-Premier League,2425,Leicester City,Jannik Vestergaard,DEN,DF,31,1992,18,16,1391,15.5,0,0,0,0,0,0,5,0,0.0,0.0,0.0,0.0,0.0
ENG-Premier League,2425,Leicester City,Jeremy Monga,ENG,FW,15,2009,7,0,112,1.2,0,0,0,0,0,0,0,0,0.0,0.0,0.0,0.0,0.0
ENG-Premier League,2425,Leicester City,Jordan Ayew,GHA,MF,32,1991,30,19,1638,18.2,5,0,5,4,1,1,5,0,0.27,0.0,0.27,0.22,0.22
ENG-Premier League,2425,Leicester City,Kasey McAteer,IRL,MF,22,2001,18,9,852,9.5,1,1,2,1,0,0,3,0,0.11,0.11,0.21,0.11,0.21
ENG-Premier League,2425,Leicester City,Luke Thomas,ENG,DF,23,2001,14,13,1110,12.3,0,0,0,0,0,0,3,0,0.0,0.0,0.0,0.0,0.0
ENG-Premier League,2425,Leicester City,Mads Hermansen,DEN,GK,24,2000,27,27,2385,26.5,0,0,0,0,0,0,1,0,0.0,0.0,0.0,0.0,0.0
ENG-Premier League,2425,Leicester City,Michael Golding,ENG,MF,18,2006,1,0,1,0.0,0,0,0,0,0,0,0,0,0.0,0.0,0.0,0.0,0.0
ENG-Premier League,2425,Leicester City,Odsonne Édouard,FRA,FW,26,1998,4,0,29,0.3,0,0,0,0,0,0,0,0,0.0,0.0,0.0,0.0,0.0
ENG-Premier League,2425,Leicester City,Olabade Aluko,,DF,,,1,0,2,0.0,0,0,0,0,0,0,0,0,0.0,0.0,0.0,0.0,0.0
ENG-Premier League,2425,Leicester City,Oliver Skipp,ENG,MF,23,2000,24,10,1129,12.5,0,0,0,0,0,0,8,0,0.0,0.0,0.0,0.0,0.0
ENG-Premier League,2425,Leicester City,Patson Daka,ZAM,"MF,FW",25,1998,23,6,736,8.2,1,0,1,1,0,0,0,0,0.12,0.0,0.12,0.12,0.12
ENG-Premier League,2425,Leicester City,Ricardo Pereira,POR,DF,30,1993,10,4,388,4.3,0,0,0,0,0,0,1,0,0.0,0.0,0.0,0.0,0.0
ENG-Premier League,2425,Leicester City,Stephy Mavididi,ENG,MF,26,1998,30,16,1615,17.9,4,1,5,4,0,0,2,0,0.22,0.06,0.28,0.22,0.28
ENG-Premier League,2425,Leicester City,Victor Bernth Kristiansen,DEN,"DF,MF",21,2002,30,29,2482,27.6,0,1,1,0,0,0,1,0,0.0,0.04,0.04,0.0,0.04
ENG-Premier League,2425,Leicester City,Wilfred Ndidi,NGA,MF,27,1996,28,28,2324,25.8,0,5,5,0,0,0,8,0,0.0,0.19,0.19,0.0,0.19
ENG-Premier League,2425,Leicester City,Will Alves,ENG,MF,19,2005,1,0,1,0.0,0,0,0,0,0,0,0,0,0.0,0.0,0.0,0.0,0.0
ENG-Premier League,2425,Leicester City,Wout Faes,BEL,DF,26,1998,34,30,2815,31.3,1,0,1,1,0,0,4,0,0.03,0.0,0.03,0.03,0.03
ENG-Premier League,2425,Leicester City,Woyo Coulibaly,MLI,DF,25,1999,4,1,109,1.2,0,0,0,0,0,0,1,0,0.0,0.0,0.0,0.0,0.0
ENG-Premier League,2425,Liverpool,Alexis Mac Allister,ARG,MF,25,1998,35,30,2599,28.9,5,5,10,5,0,0,6,0,0.17,0.17,0.35,0.17,0.35
ENG-Premier League,2425,Liverpool,Alisson,BRA,GK,31,1992,28,28,2508,27.9,0,0,0,0,0,0,0,0,0.0,0.0,0.0,0.0,0.0
ENG-Premier League,2425,Liverpool,Andy Robertson,SCO,DF,30,1994,33,29,2482,27.6,0,1,1,0,0,0,3,1,0.0,0.04,0.04,0.0,0.04
ENG-Premier League,2425,Liverpool,Caoimhín Kelleher,IRL,GK,25,1998,10,10,900,10.0,0,0,0,0,0,0,0,0,0.0,0.0,0.0,0.0,0.0
ENG-Premier League,2425,Liverpool,Cody Gakpo,NED,MF,25,1999,35,23,1935,21.5,10,4,14,10,0,0,5,0,0.47,0.19,0.65,0.47,0.65
ENG-Premier League,2425,Liverpool,Conor Bradley,NIR,DF,21,2003,19,7,754,8.4,0,2,2,0,0,0,4,0,0.0,0.24,0.24,0.0,0.24
ENG-Premier League,2425,Liverpool,Curtis Jones,ENG,"MF,DF",23,2001,33,19,1712,19.0,3,3,6,3,0,0,3,1,0.16,0.16,0.32,0.16,0.32
ENG-Premier League,2425,Liverpool,Darwin Núñez,URU,FW,25,1999,30,8,1133,12.6,5,2,7,5,0,0,8,0,0.4,0.16,0.56,0.4,0.56
ENG-Premier League,2425,Liverpool,Diogo Jota,POR,FW,27,1996,26,14,1196,13.3,6,3,9,6,0,0,2,0,0.45,0.23,0.68,0.45,0.68
ENG-Premier League,2425,Liverpool,Dominik Szoboszlai,HUN,MF,23,2000,36,29,2491,27.7,6,6,12,6,0,0,6,0,0.22,0.22,0.43,0.22,0.43
ENG-Premier League,2425,Liverpool,Federico Chiesa,ITA,FW,26,1997,6,1,108,1.2,0,0,0,0,0,0,0,0,0.0,0.0,0.0,0.0,0.0
ENG-Premier League,2425,Liverpool,Harvey Elliott,ENG,MF,21,2003,18,2,371,4.1,1,2,3,1,0,0,1,0,0.24,0.49,0.73,0.24,0.73
ENG-Premier League,2425,Liverpool,Ibrahima Konaté,FRA,DF,25,1999,31,30,2560,28.4,1,2,3,1,0,0,5,0,0.04,0.07,0.11,0.04,0.11
ENG-Premier League,2425,Liverpool,Jarell Quansah,ENG,DF,21,2003,13,4,495,5.5,0,0,0,0,0,0,2,0,0.0,0.0,0.0,0.0,0.0
ENG-Premier League,2425,Liverpool,Jayden Danns,ENG,FW,18,2006,1,0,11,0.1,0,0,0,0,0,0,0,0,0.0,0.0,0.0,0.0,0.0
ENG-Premier League,2425,Liverpool,Joe Gomez,ENG,DF,27,1997,9,6,519,5.8,0,0,0,0,0,0,1,0,0.0,0.0,0.0,0.0,0.0
ENG-Premier League,2425,Liverpool,Kostas Tsimikas,GRE,DF,28,1996,18,9,837,9.3,0,1,1,0,0,0,2,0,0.0,0.11,0.11,0.0,0.11
ENG-Premier League,2425,Liverpool,Luis Díaz,COL,"FW,MF",27,1997,36,28,2399,26.7,13,5,18,13,0,0,2,0,0.49,0.19,0.68,0.49,0.68
ENG-Premier League,2425,Liverpool,Mohamed Salah,EGY,MF,32,1992,38,38,3371,37.5,29,18,47,20,9,9,1,0,0.77,0.48,1.25,0.53,1.01
ENG-Premier League,2425,Liverpool,Ryan Gravenberch,NED,MF,22,2002,37,37,3160,35.1,0,4,4,0,0,0,6,1,0.0,0.11,0.11,0.0,0.11
ENG-Premier League,2425,Liverpool,Trent Alexander-Arnold,ENG,DF,25,1998,33,28,2365,26.3,3,6,9,3,0,0,5,0,0.11,0.23,0.34,0.11,0.34
ENG-Premier League,2425,Liverpool,Virgil van Dijk,NED,DF,33,1991,37,37,3330,37.0,3,1,4,3,0,0,5,0,0.08,0.03,0.11,0.08,0.11
ENG-Premier League,2425,Liverpool,Vitezslav Jaros,CZE,GK,23,2001,1,0,12,0.1,0,0,0,0,0,0,0,0,0.0,0.0,0.0,0.0,0.0
ENG-Premier League,2425,Liverpool,Wataru Endo,JPN,MF,31,1993,20,1,273,3.0,0,0,0,0,0,0,0,0,0.0,0.0,0.0,0.0,0.0
ENG-Premier League,2425,Manchester City,Abdukodir Khusanov,UZB,DF,20,2004,6,6,503,5.6,0,0,0,0,0,0,1,0,0.0,0.0,0.0,0.0,0.0
ENG-Premier League,2425,Manchester City,Bernardo Silva,POR,MF,29,1994,33,29,2670,29.7,4,4,8,4,0,0,7,0,0.13,0.13,0.27,0.13,0.27
ENG-Premier League,2425,Manchester City,Claudio Echeverri,ARG,MF,18,2006,1,0,6,0.1,0,0,0,0,0,0,0,0,0.0,0.0,0.0,0.0,0.0
ENG-Premier League,2425,Manchester City,Divin Mubama,ENG,FW,19,2004,1,0,28,0.3,0,0,0,0,0,0,0,0,0.0,0.0,0.0,0.0,0.0
ENG-Premier League,2425,Manchester City,Ederson Moraes,BRA,GK,30,1993,26,26,2320,25.8,0,4,4,0,0,0,4,0,0.0,0.16,0.16,0.0,0.16
ENG-Premier League,2425,Manchester City,Erling Haaland,NOR,FW,24,2000,31,31,2736,30.4,22,3,25,19,3,4,2,0,0.72,0.1,0.82,0.62,0.72
ENG-Premier League,2425,Manchester City,Jack Grealish,ENG,"MF,FW",28,1995,20,7,721,8.0,1,1,2,1,0,0,3,0,0.12,0.12,0.25,0.12,0.25
ENG-Premier League,2425,Manchester City,Jahmai Simpson-Pusey,ENG,DF,18,2005,2,1,96,1.1,0,0,0,0,0,0,1,0,0.0,0.0,0.0,0.0,0.0
ENG-Premier League,2425,Manchester City,James Mcatee,ENG,MF,21,2002,15,3,349,3.9,3,0,3,3,0,0,1,0,0.77,0.0,0.77,0.77,0.77
ENG-Premier League,2425,Manchester City,Jeremy Doku,BEL,"MF,FW",22,2002,29,16,1516,16.8,3,6,9,3,0,0,1,0,0.18,0.36,0.53,0.18,0.53
ENG-Premier League,2425,Manchester City,John Stones,ENG,DF,30,1994,11,6,548,6.1,2,0,2,2,0,0,1,0,0.33,0.0,0.33,0.33,0.33
ENG-Premier League,2425,Manchester City,Joško Gvardiol,CRO,DF,22,2002,37,36,3277,36.4,5,0,5,5,0,0,2,0,0.14,0.0,0.14,0.14,0.14
ENG-Premier League,2425,Manchester City,Kevin De Bruyne,BEL,"MF,FW",33,1991,28,19,1702,18.9,4,7,11,4,0,0,2,0,0.21,0.37,0.58,0.21,0.58
ENG-Premier League,2425,Manchester City,Kyle Walker,ENG,DF,34,1990,15,9,970,10.8,0,0,0,0,0,0,3,0,0.0,0.0,0.0,0.0,0.0
ENG-Premier League,2425,Manchester City,Manuel Akanji,SUI,"DF,MF",29,1995,26,23,2014,22.4,0,0,0,0,0,0,3,0,0.0,0.0,0.0,0.0,0.0
ENG-Premier League,2425,Manchester City,Mateo Kovačić,CRO,"MF,DF",30,1994,31,25,2198,24.4,6,2,8,6,0,0,5,1,0.25,0.08,0.33,0.25,0.33
ENG-Premier League,2425,Manchester City,Matheus Nunes,POR,"DF,MF",25,1998,26,19,1674,18.6,1,6,7,1,0,0,4,0,0.05,0.32,0.38,0.05,0.38
ENG-Premier League,2425,Manchester City,Nathan Aké,NED,DF,29,1995,10,8,678,7.5,0,0,0,0,0,0,0,0,0.0,0.0,0.0,0.0,0.0
ENG-Premier League,2425,Manchester City,Nico O'Reilly,ENG,DF,19,2005,9,6,528,5.9,2,0,2,2,0,0,0,0,0.34,0.0,0.34,0.34,0.34
ENG-Premier League,2425,Manchester City,Nicolás González,ESP,MF,22,2002,11,9,760,8.4,1,0,1,1,0,0,3,0,0.12,0.0,0.12,0.12,0.12
ENG-Premier League,2425,Manchester City,Omar Marmoush,EGY,"MF,FW",25,1999,16,14,1175,13.1,7,0,7,7,0,0,0,0,0.54,0.0,0.54,0.54,0.54
ENG-Premier League,2425,Manchester City,Oscar Bobb,NOR,"FW,MF",21,2003,3,0,16,0.2,0,0,0,0,0,0,0,0,0.0,0.0,0.0,0.0,0.0
ENG-Premier League,2425,Manchester City,Phil Foden,ENG,"MF,FW",24,2000,28,20,1777,19.7,7,2,9,7,0,0,2,0,0.35,0.1,0.46,0.35,0.46
ENG-Premier League,2425,Manchester City,Rico Lewis,ENG,"DF,MF",19,2004,28,21,1893,21.0,1,2,3,1,0,0,5,1,0.05,0.1,0.14,0.05,0.14
ENG-Premier League,2425,Manchester City,Rodri,ESP,MF,28,1996,3,1,73,0.8,0,0,0,0,0,0,0,0,0.0,0.0,0.0,0.0,0.0
ENG-Premier League,2425,Manchester City,Rúben Dias,POR,"DF,MF",27,1997,27,25,2271,25.2,0,0,0,0,0,0,4,0,0.0,0.0,0.0,0.0,0.0
ENG-Premier League,2425,Manchester City,Stefan Ortega,GER,GK,31,1992,13,12,1100,12.2,0,0,0,0,0,0,1,0,0.0,0.0,0.0,0.0,0.0
ENG-Premier League,2425,Manchester City,Sávio,BRA,"MF,FW",20,2004,29,21,1766,19.6,1,8,9,1,0,0,3,0,0.05,0.41,0.46,0.05,0.46
ENG-Premier League,2425,Manchester City,Vitor Reis,BRA,DF,18,2006,1,0,1,0.0,0,0,0,0,0,0,0,0,0.0,0.0,0.0,0.0,0.0
ENG-Premier League,2425,Manchester City,İlkay Gündoğan,GER,MF,33,1990,33,25,2223,24.7,1,6,7,1,0,0,1,0,0.04,0.24,0.28,0.04,0.28
ENG-Premier League,2425,Manchester Utd,Alejandro Garnacho,ARG,MF,20,2004,36,23,2199,24.4,6,2,8,6,0,0,3,0,0.25,0.08,0.33,0.25,0.33
ENG-Premier League,2425,Manchester Utd,Altay Bayındır,TUR,GK,26,1998,4,4,360,4.0,0,0,0,0,0,0,0,0,0.0,0.0,0.0,0.0,0.0
ENG-Premier League,2425,Manchester Utd,Amad Diallo,CIV,"MF,FW",22,2002,26,20,1901,21.1,8,6,14,8,0,0,5,0,0.38,0.28,0.66,0.38,0.66
ENG-Premier League,2425,Manchester Utd,André Onana,CMR,GK,28,1996,34,34,3060,34.0,0,0,0,0,0,0,0,0,0.0,0.0,0.0,0.0,0.0
ENG-Premier League,2425,Manchester Utd,Antony,BRA,"FW,MF",24,2000,8,0,141,1.6,0,0,0,0,0,0,0,0,0.0,0.0,0.0,0.0,0.0
ENG-Premier League,2425,Manchester Utd,Ayden Heaven,ENG,DF,17,2006,4,2,170,1.9,0,0,0,0,0,0,1,0,0.0,0.0,0.0,0.0,0.0
ENG-Premier League,2425,Manchester Utd,Bruno Fernandes,POR,MF,29,1994,36,35,3018,33.5,8,10,18,5,3,3,5,2,0.24,0.3,0.54,0.15,0.45
ENG-Premier League,2425,Manchester Utd,Casemiro,BRA,MF,32,1992,24,18,1494,16.6,1,0,1,1,0,0,5,0,0.06,0.0,0.06,0.06,0.06
ENG-Premier League,2425,Manchester Utd,Chidozie Obi-Martin,DEN,FW,16,2007,7,1,165,1.8,0,0,0,0,0,0,1,0,0.0,0.0,0.0,0.0,0.0
ENG-Premier League,2425,Manchester Utd,Christian Eriksen,DEN,MF,32,1992,23,11,1061,11.8,1,2,3,0,1,1,4,0,0.08,0.17,0.25,0.0,0.17
ENG-Premier League,2425,Manchester Utd,Diogo Dalot,POR,"MF,DF",25,1999,33,31,2814,31.3,0,3,3,0,0,0,5,0,0.0,0.1,0.1,0.0,0.1
ENG-Premier League,2425,Manchester Utd,Harry Amass,ENG,MF,17,2007,5,4,346,3.8,0,0,0,0,0,0,0,0,0.0,0.0,0.0,0.0,0.0
ENG-Premier League,2425,Manchester Utd,Harry Maguire,ENG,DF,31,1993,27,19,1758,19.5,1,0,1,1,0,0,7,0,0.05,0.0,0.05,0.05,0.05
ENG-Premier League,2425,Manchester Utd,Jonny Evans,NIR,DF,36,1988,7,3,315,3.5,0,0,0,0,0,0,1,0,0.0,0.0,0.0,0.0,0.0
ENG-Premier League,2425,Manchester Utd,Joshua Zirkzee,NED,"FW,MF",23,2001,32,14,1402,15.6,3,1,4,3,0,0,2,0,0.19,0.06,0.26,0.19,0.26
ENG-Premier League,2425,Manchester Utd,Kobbie Mainoo,ENG,MF,19,2005,25,19,1651,18.3,0,0,0,0,0,0,5,0,0.0,0.0,0.0,0.0,0.0
ENG-Premier League,2425,Manchester Utd,Leny Yoro,FRA,DF,18,2005,21,12,1165,12.9,0,0,0,0,0,0,5,0,0.0,0.0,0.0,0.0,0.0
ENG-Premier League,2425,Manchester Utd,Lisandro Martínez,ARG,DF,26,1998,20,20,1751,19.5,2,1,3,2,0,0,7,0,0.1,0.05,0.15,0.1,0.15
ENG-Premier League,2425,Manchester Utd,Luke Shaw,ENG,DF,29,1995,7,4,349,3.9,0,0,0,0,0,0,1,0,0.0,0.0,0.0,0.0,0.0
ENG-Premier League,2425,Manchester Utd,Manuel Ugarte,URU,MF,23,2001,29,22,1785,19.8,1,2,3,1,0,0,11,0,0.05,0.1,0.15,0.05,0.15
ENG-Premier League,2425,Manchester Utd,Marcus Rashford,ENG,MF,26,1997,15,12,978,10.9,4,1,5,4,0,0,2,0,0.37,0.09,0.46,0.37,0.46
ENG-Premier League,2425,Manchester Utd,Mason Mount,ENG,"MF,FW",25,1999,17,8,622,6.9,1,0,1,1,0,0,3,0,0.14,0.0,0.14,0.14,0.14
ENG-Premier League,2425,Manchester Utd,Matthijs de Ligt,NED,DF,24,1999,29,25,2123,23.6,2,0,2,2,0,0,3,0,0.08,0.0,0.08,0.08,0.08
ENG-Premier League,2425,Manchester Utd,Noussair Mazraoui,MAR,"DF,MF",26,1997,37,34,2838,31.5,0,1,1,0,0,0,3,0,0.0,0.03,0.03,0.0,0.03
ENG-Premier League,2425,Manchester Utd,Patrick Dorgu,DEN,MF,19,2004,12,10,842,9.4,0,0,0,0,0,0,3,1,0.0,0.0,0.0,0.0,0.0
ENG-Premier League,2425,Manchester Utd,Rasmus Højlund,DEN,FW,21,2003,32,23,2004,22.3,4,0,4,4,0,0,2,0,0.18,0.0,0.18,0.18,0.18
ENG-Premier League,2425,Manchester Utd,Scott McTominay,SCO,MF,27,1996,2,0,19,0.2,0,0,0,0,0,0,0,0,0.0,0.0,0.0,0.0,0.0
ENG-Premier League,2425,Manchester Utd,Toby Collyer,ENG,MF,20,2004,6,0,179,2.0,0,0,0,0,0,0,0,0,0.0,0.0,0.0,0.0,0.0
ENG-Premier League,2425,Manchester Utd,Tyler Fredricson,ENG,DF,19,2005,2,2,165,1.8,0,0,0,0,0,0,0,0,0.0,0.0,0.0,0.0,0.0
ENG-Premier League,2425,Manchester Utd,Tyrell Malacia,NED,MF,24,1999,3,2,100,1.1,0,0,0,0,0,0,1,0,0.0,0.0,0.0,0.0,0.0
ENG-Premier League,2425,Manchester Utd,Victor Lindelöf,SWE,DF,30,1994,16,6,704,7.8,0,0,0,0,0,0,1,0,0.0,0.0,0.0,0.0,0.0
ENG-Premier League,2425,Newcastle,Alexander Isak,SWE,FW,24,1999,34,34,2756,30.6,23,6,29,19,4,4,1,0,0.75,0.2,0.95,0.62,0.82
ENG-Premier League,2425,Newcastle,Anthony Gordon,ENG,"FW,MF",23,2001,34,28,2434,27.0,6,5,11,5,1,2,2,0,0.22,0.18,0.41,0.18,0.37
ENG-Premier League,2425,Newcastle,Bruno Guimarães,BRA,MF,26,1997,38,38,3271,36.3,5,6,11,5,0,0,7,0,0.14,0.17,0.3,0.14,0.3
ENG-Premier League,2425,Newcastle,Callum Wilson,ENG,FW,32,1992,18,2,370,4.1,0,0,0,0,0,0,1,0,0.0,0.0,0.0,0.0,0.0
ENG-Premier League,2425,Newcastle,Dan Burn,ENG,DF,32,1992,37,37,3330,37.0,1,1,2,1,0,0,11,0,0.03,0.03,0.05,0.03,0.05
ENG-Premier League,2425,Newcastle,Emil Krafth,SWE,DF,29,1994,12,2,342,3.8,0,0,0,0,0,0,2,0,0.0,0.0,0.0,0.0,0.0
ENG-Premier League,2425,Newcastle,Fabian Schär,SUI,DF,32,1991,34,33,2934,32.6,4,0,4,4,0,0,9,1,0.12,0.0,0.12,0.12,0.12
ENG-Premier League,2425,Newcastle,Harvey Barnes,ENG,"FW,MF",26,1997,33,17,1755,19.5,9,4,13,9,0,0,0,0,0.46,0.21,0.67,0.46,0.67
ENG-Premier League,2425,Newcastle,Jacob Murphy,ENG,"FW,MF",29,1995,35,31,2360,26.2,8,12,20,8,0,0,4,0,0.31,0.46,0.76,0.31,0.76
ENG-Premier League,2425,Newcastle,Joe Willock,ENG,MF,24,1999,32,11,1086,12.1,0,2,2,0,0,0,4,0,0.0,0.17,0.17,0.0,0.17
ENG-Premier League,2425,Newcastle,Joelinton,BRA,"MF,FW",27,1996,29,29,2393,26.6,4,3,7,4,0,0,10,0,0.15,0.11,0.26,0.15,0.26
ENG-Premier League,2425,Newcastle,Kieran Trippier,ENG,DF,33,1990,25,14,1309,14.5,0,3,3,0,0,0,1,0,0.0,0.21,0.21,0.0,0.21
ENG-Premier League,2425,Newcastle,Lewis Hall,ENG,DF,19,2004,27,24,2189,24.3,0,4,4,0,0,0,3,0,0.0,0.16,0.16,0.0,0.16
ENG-Premier League,2425,Newcastle,Lewis Miley,ENG,MF,18,2006,14,1,313,3.5,1,0,1,1,0,0,0,0,0.29,0.0,0.29,0.29,0.29
ENG-Premier League,2425,Newcastle,Lloyd Kelly,ENG,DF,25,1998,10,4,303,3.4,0,1,1,0,0,0,2,0,0.0,0.3,0.3,0.0,0.3
ENG-Premier League,2425,Newcastle,Martin Dúbravka,SVK,GK,35,1989,10,10,900,10.0,0,0,0,0,0,0,0,0,0.0,0.0,0.0,0.0,0.0
ENG-Premier League,2425,Newcastle,Matt Targett,ENG,"DF,MF",28,1995,2,0,21,0.2,0,0,0,0,0,0,0,0,0.0,0.0,0.0,0.0,0.0
ENG-Premier League,2425,Newcastle,Miguel Almirón,PAR,FW,30,1994,9,1,157,1.7,0,0,0,0,0,0,0,0,0.0,0.0,0.0,0.0,0.0
ENG-Premier League,2425,Newcastle,Nick Pope,ENG,GK,32,1992,28,28,2520,28.0,0,0,0,0,0,0,2,0,0.0,0.0,0.0,0.0,0.0
ENG-Premier League,2425,Newcastle,Sandro Tonali,ITA,MF,24,2000,36,28,2630,29.2,4,2,6,4,0,0,5,0,0.14,0.07,0.21,0.14,0.21
ENG-Premier League,2425,Newcastle,Sean Longstaff,ENG,MF,26,1997,25,8,798,8.9,0,0,0,0,0,0,2,0,0.0,0.0,0.0,0.0,0.0
ENG-Premier League,2425,Newcastle,Sven Botman,NED,DF,24,2000,8,6,412,4.6,0,0,0,0,0,0,1,0,0.0,0.0,0.0,0.0,0.0
ENG-Premier League,2425,Newcastle,Tino Livramento,ENG,DF,21,2002,37,32,2840,31.6,0,1,1,0,0,0,1,0,0.0,0.03,0.03,0.0,0.03
ENG-Premier League,2425,Newcastle,William Osula,DEN,FW,20,2003,14,0,134,1.5,1,0,1,1,0,0,0,0,0.67,0.0,0.67,0.67,0.67
ENG-Premier League,2425,Nottingham,Anthony Elanga,SWE,"MF,FW",22,2002,38,31,2501,27.8,6,11,17,6,0,0,1,0,0.22,0.4,0.61,0.22,0.61
ENG-Premier League,2425,Nottingham,Callum Hudson-Odoi,ENG,MF,23,2000,31,25,2194,24.4,5,2,7,5,0,0,2,0,0.21,0.08,0.29,0.21,0.29
ENG-Premier League,2425,Nottingham,Chris Wood,NZL,FW,32,1991,36,35,2959,32.9,20,3,23,17,3,3,1,0,0.61,0.09,0.7,0.52,0.61
ENG-Premier League,2425,Nottingham,Danilo Santos,BRA,MF,23,2001,8,5,275,3.1,0,0,0,0,0,0,0,0,0.0,0.0,0.0,0.0,0.0
ENG-Premier League,2425,Nottingham,Elliot Anderson,ENG,MF,21,2002,37,33,2728,30.3,2,6,8,2,0,0,10,0,0.07,0.2,0.26,0.07,0.26
ENG-Premier League,2425,Nottingham,Eric da Silva Moreira,GER,DF,18,2006,2,0,30,0.3,0,0,0,0,0,0,0,0,0.0,0.0,0.0,0.0,0.0
ENG-Premier League,2425,Nottingham,Harry Toffolo,ENG,DF,28,1995,4,1,137,1.5,0,0,0,0,0,0,1,0,0.0,0.0,0.0,0.0,0.0
ENG-Premier League,2425,Nottingham,Ibrahim Sangaré,CIV,MF,26,1997,13,7,590,6.6,0,1,1,0,0,0,3,0,0.0,0.15,0.15,0.0,0.15
ENG-Premier League,2425,Nottingham,James Ward-Prowse,ENG,MF,29,1994,9,5,400,4.4,0,1,1,0,0,0,2,1,0.0,0.23,0.23,0.0,0.23
ENG-Premier League,2425,Nottingham,Jota Silva,POR,MF,24,1999,31,5,854,9.5,3,1,4,3,0,0,5,0,0.32,0.11,0.42,0.32,0.42
ENG-Premier League,2425,Nottingham,Matz Sels,BEL,GK,32,1992,38,38,3420,38.0,0,0,0,0,0,0,4,0,0.0,0.0,0.0,0.0,0.0
ENG-Premier League,2425,Nottingham,Morato,BRA,DF,23,2001,26,6,907,10.1,0,0,0,0,0,0,5,0,0.0,0.0,0.0,0.0,0.0
ENG-Premier League,2425,Nottingham,Morgan Gibbs-White,ENG,MF,24,2000,34,34,2803,31.1,7,8,15,7,0,0,11,1,0.22,0.26,0.48,0.22,0.48
ENG-Premier League,2425,Nottingham,Murillo,BRA,DF,22,2002,36,36,3188,35.4,2,0,2,2,0,0,6,0,0.06,0.0,0.06,0.06,0.06
ENG-Premier League,2425,Nottingham,Neco Williams,WAL,"DF,MF",23,2001,35,28,2594,28.8,1,3,4,1,0,0,7,0,0.03,0.1,0.14,0.03,0.14
ENG-Premier League,2425,Nottingham,Nicolás Domínguez,ARG,MF,26,1998,34,23,1963,21.8,0,1,1,0,0,0,9,0,0.0,0.05,0.05,0.0,0.05
ENG-Premier League,2425,Nottingham,Nikola Milenković,SRB,DF,26,1997,37,37,3330,37.0,5,2,7,5,0,0,4,0,0.14,0.05,0.19,0.14,0.19
ENG-Premier League,2425,Nottingham,Ola Aina,NGA,DF,27,1996,35,35,2995,33.3,2,1,3,2,0,0,5,0,0.06,0.03,0.09,0.06,0.09
ENG-Premier League,2425,Nottingham,Ramón Sosa,PAR,MF,24,1999,19,1,295,3.3,1,0,1,1,0,0,1,0,0.31,0.0,0.31,0.31,0.31
ENG-Premier League,2425,Nottingham,Ryan Yates,ENG,MF,26,1997,35,18,1915,21.3,2,1,3,2,0,0,10,0,0.09,0.05,0.14,0.09,0.14
ENG-Premier League,2425,Nottingham,Taiwo Awoniyi,NGA,FW,26,1997,26,3,416,4.6,1,0,1,1,0,0,0,0,0.22,0.0,0.22,0.22,0.22
ENG-Premier League,2425,Nottingham,Willy Boly,CIV,DF,33,1991,6,1,150,1.7,0,0,0,0,0,0,1,0,0.0,0.0,0.0,0.0,0.0
ENG-Premier League,2425,Nottingham,Álex Moreno,ESP,DF,31,1993,15,11,955,10.6,0,1,1,0,0,0,2,0,0.0,0.09,0.09,0.0,0.09
ENG-Premier League,2425,Southampton,Aaron Ramsdale,ENG,GK,26,1998,30,30,2700,30.0,0,0,0,0,0,0,2,0,0.0,0.0,0.0,0.0,0.0
ENG-Premier League,2425,Southampton,Adam Armstrong,ENG,"FW,MF",27,1997,20,15,1248,13.9,2,2,4,2,0,1,4,0,0.14,0.14,0.29,0.14,0.29
ENG-Premier League,2425,Southampton,Adam Lallana,ENG,MF,36,1988,14,5,361,4.0,0,2,2,0,0,0,4,0,0.0,0.5,0.5,0.0,0.5
ENG-Premier League,2425,Southampton,Albert Grønbaek,DEN,"MF,FW",23,2001,4,2,143,1.6,0,0,0,0,0,0,0,0,0.0,0.0,0.0,0.0,0.0
ENG-Premier League,2425,Southampton,Alex McCarthy,ENG,GK,34,1989,5,5,450,5.0,0,0,0,0,0,0,0,0,0.0,0.0,0.0,0.0,0.0
ENG-Premier League,2425,Southampton,Armel Bella Kotchap,GER,DF,22,2001,4,2,331,3.7,0,0,0,0,0,0,0,0,0.0,0.0,0.0,0.0,0.0
ENG-Premier League,2425,Southampton,Ben Brereton,CHI,"FW,MF",25,1999,10,4,449,5.0,0,0,0,0,0,0,1,0,0.0,0.0,0.0,0.0,0.0
ENG-Premier League,2425,Southampton,Cameron Archer,ENG,FW,23,2001,35,13,1441,16.0,2,0,2,2,0,1,0,0,0.12,0.0,0.12,0.12,0.12
ENG-Premier League,2425,Southampton,Carlos Alcaraz,ARG,MF,21,2002,1,0,10,0.1,0,0,0,0,0,0,0,0,0.0,0.0,0.0,0.0,0.0
ENG-Premier League,2425,Southampton,Charlie Taylor,ENG,DF,30,1993,8,3,356,4.0,0,0,0,0,0,0,1,0,0.0,0.0,0.0,0.0,0.0
ENG-Premier League,2425,Southampton,Flynn Downes,ENG,MF,25,1999,27,25,2151,23.9,1,0,1,1,0,0,12,0,0.04,0.0,0.04,0.04,0.04
ENG-Premier League,2425,Southampton,Jack Stephens,ENG,DF,30,1994,19,17,1389,15.4,1,0,1,1,0,0,2,2,0.06,0.0,0.06,0.06,0.06
ENG-Premier League,2425,Southampton,James Bree,ENG,"DF,MF",26,1997,17,13,1075,11.9,0,1,1,0,0,0,0,0,0.0,0.08,0.08,0.0,0.08
ENG-Premier League,2425,Southampton,Jan Bednarek,POL,DF,28,1996,30,30,2531,28.1,2,0,2,2,0,0,7,0,0.07,0.0,0.07,0.07,0.07
ENG-Premier League,2425,Southampton,Jay Robinson,ENG,MF,17,2007,4,1,137,1.5,0,0,0,0,0,0,0,0,0.0,0.0,0.0,0.0,0.0
ENG-Premier League,2425,Southampton,Joachim Kayi Sanda,FRA,DF,17,2006,2,0,14,0.2,0,0,0,0,0,0,0,0,0.0,0.0,0.0,0.0,0.0
ENG-Premier League,2425,Southampton,Joe Aribo,NGA,MF,28,1996,32,21,2013,22.4,3,0,3,3,0,0,1,0,0.13,0.0,0.13,0.13,0.13
ENG-Premier League,2425,Southampton,Joe Lumley,ENG,GK,29,1995,3,3,270,3.0,0,0,0,0,0,0,0,0,0.0,0.0,0.0,0.0,0.0
ENG-Premier League,2425,Southampton,Kamaldeen Sulemana,GHA,"FW,MF",22,2002,26,17,1402,15.6,1,1,2,1,0,0,2,0,0.06,0.06,0.13,0.06,0.13
ENG-Premier League,2425,Southampton,Kyle Walker-Peters,ENG,"MF,DF",27,1997,33,33,2918,32.4,0,2,2,0,0,0,5,0,0.0,0.06,0.06,0.0,0.06
ENG-Premier League,2425,Southampton,Lesley Ugochukwu,FRA,MF,20,2004,26,18,1655,18.4,1,1,2,1,0,0,7,0,0.05,0.05,0.11,0.05,0.11
ENG-Premier League,2425,Southampton,Mateus Fernandes,POR,MF,20,2004,36,34,2909,32.3,2,4,6,2,0,0,8,0,0.06,0.12,0.19,0.06,0.19
ENG-Premier League,2425,Southampton,Maxwel Cornet,CIV,MF,27,1996,2,1,72,0.8,0,0,0,0,0,0,1,0,0.0,0.0,0.0,0.0,0.0
ENG-Premier League,2425,Southampton,Nathan Wood-Gordon,ENG,DF,22,2002,11,9,773,8.6,0,0,0,0,0,0,2,0,0.0,0.0,0.0,0.0,0.0
ENG-Premier League,2425,Southampton,Paul Onuachu,NGA,FW,30,1994,25,11,1050,11.7,4,1,5,4,0,0,4,0,0.34,0.09,0.43,0.34,0.43
ENG-Premier League,2425,Southampton,Ronnie Edwards,ENG,DF,21,2003,1,0,12,0.1,0,0,0,0,0,0,0,0,0.0,0.0,0.0,0.0,0.0
ENG-Premier League,2425,Southampton,Ross Stewart,SCO,FW,28,1996,12,4,389,4.3,1,0,1,1,0,0,1,0,0.23,0.0,0.23,0.23,0.23
ENG-Premier League,2425,Southampton,Ryan Fraser,SCO,"MF,DF",30,1994,8,4,306,3.4,0,0,0,0,0,0,0,1,0.0,0.0,0.0,0.0,0.0
ENG-Premier League,2425,Southampton,Ryan Manning,IRL,"DF,MF",28,1996,24,18,1462,16.2,0,1,1,0,0,0,2,0,0.0,0.06,0.06,0.0,0.06
ENG-Premier League,2425,Southampton,Samuel Amo-Ameyaw,ENG,"FW,MF",18,2006,2,0,28,0.3,0,0,0,0,0,0,1,0,0.0,0.0,0.0,0.0,0.0
ENG-Premier League,2425,Southampton,Samuel Edozie,ENG,"FW,MF",21,2003,2,0,65,0.7,0,0,0,0,0,0,1,0,0.0,0.0,0.0,0.0,0.0
ENG-Premier League,2425,Southampton,Taylor Harwood-Bellis,ENG,DF,22,2002,34,32,2825,31.4,1,0,1,1,0,0,9,0,0.03,0.0,0.03,0.03,0.03
ENG-Premier League,2425,Southampton,Tyler Dibling,ENG,"MF,FW",18,2006,33,20,1874,20.8,2,0,2,2,0,0,6,0,0.1,0.0,0.1,0.1,0.1
ENG-Premier League,2425,Southampton,Welington,BRA,"MF,DF",23,2001,10,6,482,5.4,0,0,0,0,0,0,1,0,0.0,0.0,0.0,0.0,0.0
ENG-Premier League,2425,Southampton,William Smallbone,IRL,MF,24,2000,18,6,690,7.7,1,0,1,1,0,0,1,0,0.13,0.0,0.13,0.13,0.13
ENG-Premier League,2425,Southampton,Yukinari Sugawara,JPN,"MF,DF",24,2000,30,16,1557,17.3,1,1,2,1,0,0,4,0,0.06,0.06,0.12,0.06,0.12
ENG-Premier League,2425,Tottenham,Alfie Dorrington,ENG,DF,19,2005,1,0,14,0.2,0,0,0,0,0,0,0,0,0.0,0.0,0.0,0.0,0.0
ENG-Premier League,2425,Tottenham,Antonín Kinský,CZE,GK,21,2003,6,6,540,6.0,0,0,0,0,0,0,0,0,0.0,0.0,0.0,0.0,0.0
ENG-Premier League,2425,Tottenham,Archie Gray,ENG,"DF,MF",18,2006,28,19,1751,19.5,0,0,0,0,0,0,1,0,0.0,0.0,0.0,0.0,0.0
ENG-Premier League,2425,Tottenham,Ben Davies,WAL,DF,31,1993,17,14,1331,14.8,0,0,0,0,0,0,5,0,0.0,0.0,0.0,0.0,0.0
ENG-Premier League,2425,Tottenham,Brandon Austin,ENG,GK,25,1999,1,1,90,1.0,0,0,0,0,0,0,0,0,0.0,0.0,0.0,0.0,0.0
ENG-Premier League,2425,Tottenham,Brennan Johnson,WAL,"FW,MF",23,2001,33,24,2177,24.2,11,3,14,11,0,0,5,0,0.45,0.12,0.58,0.45,0.58
ENG-Premier League,2425,Tottenham,Cristian Romero,ARG,DF,26,1998,18,18,1416,15.7,1,0,1,1,0,0,3,0,0.06,0.0,0.06,0.06,0.06
ENG-Premier League,2425,Tottenham,Dane Scarlett,ENG,FW,20,2004,3,0,34,0.4,0,1,1,0,0,0,0,0,0.0,2.65,2.65,0.0,2.65
ENG-Premier League,2425,Tottenham,Dejan Kulusevski,SWE,"MF,FW",24,2000,32,27,2389,26.5,7,4,11,7,0,0,3,0,0.26,0.15,0.41,0.26,0.41
ENG-Premier League,2425,Tottenham,Destiny Udogie,ITA,DF,21,2002,25,24,1924,21.4,0,1,1,0,0,0,2,0,0.0,0.05,0.05,0.0,0.05
ENG-Premier League,2425,Tottenham,Djed Spence,ENG,DF,23,2000,25,19,1792,19.9,1,2,3,1,0,0,4,1,0.05,0.1,0.15,0.05,0.15
ENG-Premier League,2425,Tottenham,Dominic Solanke,ENG,FW,26,1997,27,25,2201,24.5,9,3,12,8,1,1,0,0,0.37,0.12,0.49,0.33,0.45
ENG-Premier League,2425,Tottenham,Fraser Forster,ENG,GK,36,1988,7,7,630,7.0,0,0,0,0,0,0,0,0,0.0,0.0,0.0,0.0,0.0
ENG-Premier League,2425,Tottenham,Guglielmo Vicario,ITA,GK,27,1996,24,24,2160,24.0,0,0,0,0,0,0,1,0,0.0,0.0,0.0,0.0,0.0
ENG-Premier League,2425,Tottenham,James Maddison,ENG,MF,27,1996,31,21,1809,20.1,9,7,16,9,0,0,6,0,0.45,0.35,0.8,0.45,0.8
ENG-Premier League,2425,Tottenham,Kevin Danso,AUT,DF,25,1998,10,9,842,9.4,0,0,0,0,0,0,0,0,0.0,0.0,0.0,0.0,0.0
ENG-Premier League,2425,Tottenham,Lucas Bergvall,SWE,MF,18,2006,27,11,1212,13.5,0,1,1,0,0,0,3,0,0.0,0.07,0.07,0.0,0.07
ENG-Premier League,2425,Tottenham,Mathys Tel,FRA,FW,19,2005,13,11,911,10.1,2,1,3,1,1,1,2,0,0.2,0.1,0.3,0.1,0.2
ENG-Premier League,2425,Tottenham,Micky van de Ven,NED,DF,23,2001,13,12,1015,11.3,0,2,2,0,0,0,4,0,0.0,0.18,0.18,0.0,0.18
ENG-Premier League,2425,Tottenham,Mikey Moore,ENG,"MF,FW",16,2007,10,3,366,4.1,0,1,1,0,0,0,0,0,0.0,0.25,0.25,0.0,0.25
ENG-Premier League,2425,Tottenham,Pape Matar Sarr,SEN,MF,21,2002,36,22,1913,21.3,3,2,5,3,0,0,6,0,0.14,0.09,0.24,0.14,0.24
ENG-Premier League,2425,Tottenham,Pedro Porro,ESP,DF,24,1999,33,28,2610,29.0,2,6,8,2,0,0,5,0,0.07,0.21,0.28,0.07,0.28
ENG-Premier League,2425,Tottenham,Radu Drăgușin,ROU,DF,22,2002,16,14,1252,13.9,0,0,0,0,0,0,1,0,0.0,0.0,0.0,0.0,0.0
ENG-Premier League,2425,Tottenham,Richarlison,BRA,FW,27,1997,15,4,504,5.6,4,1,5,4,0,0,2,0,0.71,0.18,0.89,0.71,0.89
ENG-Premier League,2425,Tottenham,Rodrigo Bentancur,URU,MF,27,1997,26,21,1645,18.3,2,0,2,2,0,0,9,0,0.11,0.0,0.11,0.11,0.11
ENG-Premier League,2425,Tottenham,Sergio Reguilón,ESP,DF,27,1996,4,1,196,2.2,0,0,0,0,0,0,2,0,0.0,0.0,0.0,0.0,0.0
ENG-Premier League,2425,Tottenham,Son Heung-min,KOR,"FW,MF",32,1992,30,24,2110,23.4,7,9,16,6,1,2,1,0,0.3,0.38,0.68,0.26,0.64
ENG-Premier League,2425,Tottenham,Timo Werner,GER,"FW,MF",28,1996,18,4,516,5.7,0,3,3,0,0,0,0,0,0.0,0.52,0.52,0.0,0.52
ENG-Premier League,2425,Tottenham,Will Lankshear,ENG,FW,19,2005,3,0,11,0.1,0,0,0,0,0,0,0,0,0.0,0.0,0.0,0.0,0.0
ENG-Premier League,2425,Tottenham,Wilson Odobert,FRA,"FW,MF",19,2004,16,9,850,9.4,1,0,1,1,0,0,0,0,0.11,0.0,0.11,0.11,0.11
ENG-Premier League,2425,Tottenham,Yves Bissouma,MLI,MF,27,1996,28,16,1408,15.6,2,0,2,2,0,0,7,0,0.13,0.0,0.13,0.13,0.13
ENG-Premier League,2425,West Ham,Aaron Cresswell,ENG,DF,34,1989,18,10,824,9.2,0,0,0,0,0,0,3,0,0.0,0.0,0.0,0.0,0.0
ENG-Premier League,2425,West Ham,Aaron Wan-Bissaka,COD,"DF,MF",26,1997,36,35,3154,35.0,2,5,7,2,0,0,1,0,0.06,0.14,0.2,0.06,0.2
ENG-Premier League,2425,West Ham,Alphonse Areola,FRA,GK,31,1993,26,25,2260,25.1,0,0,0,0,0,0,0,0,0.0,0.0,0.0,0.0,0.0
ENG-Premier League,2425,West Ham,Andy Irving,SCO,MF,24,2000,10,1,166,1.8,0,0,0,0,0,0,2,0,0.0,0.0,0.0,0.0,0.0
ENG-Premier League,2425,West Ham,Carlos Soler,ESP,MF,27,1997,31,14,1409,15.7,1,1,2,1,0,0,6,0,0.06,0.06,0.13,0.06,0.13
ENG-Premier League,2425,West Ham,Crysencio Summerville,NED,"MF,FW",22,2001,19,7,786,8.7,1,1,2,1,0,0,2,0,0.11,0.11,0.23,0.11,0.23
ENG-Premier League,2425,West Ham,Danny Ings,ENG,FW,32,1992,15,1,284,3.2,1,2,3,1,0,0,0,0,0.32,0.63,0.95,0.32,0.95
ENG-Premier League,2425,West Ham,Edson Álvarez,MEX,MF,26,1997,28,20,1772,19.7,0,1,1,0,0,0,9,1,0.0,0.05,0.05,0.0,0.05
ENG-Premier League,2425,West Ham,Emerson Palmieri,ITA,"DF,MF",29,1994,31,26,2113,23.5,2,1,3,2,0,0,5,0,0.09,0.04,0.13,0.09,0.13
ENG-Premier League,2425,West Ham,Evan Ferguson,IRL,FW,19,2004,8,1,156,1.7,0,0,0,0,0,0,0,0,0.0,0.0,0.0,0.0,0.0
ENG-Premier League,2425,West Ham,Guido Rodríguez,ARG,MF,30,1994,23,16,1149,12.8,0,1,1,0,0,0,6,0,0.0,0.08,0.08,0.0,0.08
ENG-Premier League,2425,West Ham,James Ward-Prowse,ENG,MF,29,1994,15,12,1039,11.5,1,1,2,1,0,0,2,0,0.09,0.09,0.17,0.09,0.17
ENG-Premier League,2425,West Ham,Jarrod Bowen,ENG,"MF,FW",27,1996,34,34,2973,33.0,13,8,21,12,1,1,1,0,0.39,0.24,0.64,0.36,0.61
ENG-Premier League,2425,West Ham,Jean-Clair Todibo,FRA,DF,24,1999,27,20,1825,20.3,0,0,0,0,0,0,3,0,0.0,0.0,0.0,0.0,0.0
ENG-Premier League,2425,West Ham,Kaelan Casey,ENG,DF,19,2004,1,0,1,0.0,0,0,0,0,0,0,0,0,0.0,0.0,0.0,0.0,0.0
ENG-Premier League,2425,West Ham,Konstantinos Mavropanos,GRE,DF,26,1997,33,21,2045,22.7,0,0,0,0,0,0,6,1,0.0,0.0,0.0,0.0,0.0
ENG-Premier League,2425,West Ham,Lewis Orford,ENG,MF,18,2006,2,0,49,0.5,0,0,0,0,0,0,0,0,0.0,0.0,0.0,0.0,0.0
ENG-Premier League,2425,West Ham,Lucas Paquetá,BRA,"MF,FW",26,1997,33,27,2380,26.4,4,0,4,2,2,2,10,0,0.15,0.0,0.15,0.08,0.08
ENG-Premier League,2425,West Ham,Luis Guilherme,BRA,MF,18,2006,12,1,150,1.7,0,0,0,0,0,0,0,0,0.0,0.0,0.0,0.0,0.0
ENG-Premier League,2425,West Ham,Max Kilman,ENG,DF,27,1997,38,38,3348,37.2,0,1,1,0,0,0,5,0,0.0,0.03,0.03,0.0,0.03
ENG-Premier League,2425,West Ham,Michail Antonio,JAM,FW,34,1990,14,11,836,9.3,1,1,2,1,0,0,1,0,0.11,0.11,0.22,0.11,0.22
ENG-Premier League,2425,West Ham,Mohammed Kudus,GHA,"MF,FW",23,2000,32,31,2590,28.8,5,3,8,5,0,0,2,1,0.17,0.1,0.28,0.17,0.28
ENG-Premier League,2425,West Ham,Niclas Füllkrug,GER,FW,31,1993,18,6,790,8.8,3,2,5,3,0,0,2,0,0.34,0.23,0.57,0.34,0.57
ENG-Premier League,2425,West Ham,Oliver Scarles,ENG,"MF,DF",18,2005,15,7,665,7.4,0,0,0,0,0,0,1,0,0.0,0.0,0.0,0.0,0.0
ENG-Premier League,2425,West Ham,Tomáš Souček,CZE,MF,29,1995,35,30,2567,28.5,9,1,10,9,0,0,8,0,0.32,0.04,0.35,0.32,0.35
ENG-Premier League,2425,West Ham,Vladimír Coufal,CZE,"DF,MF",31,1992,22,11,1067,11.9,0,0,0,0,0,0,5,0,0.0,0.0,0.0,0.0,0.0
ENG-Premier League,2425,West Ham,Łukasz Fabiański,POL,GK,39,1985,14,13,1160,12.9,0,0,0,0,0,0,2,0,0.0,0.0,0.0,0.0,0.0
ENG-Premier League,2425,Wolves,Alfie Pond,ENG,DF,20,2004,1,0,1,0.0,0,0,0,0,0,0,0,0,0.0,0.0,0.0,0.0,0.0
ENG-Premier League,2425,Wolves,André,BRA,MF,23,2001,33,31,2472,27.5,0,0,0,0,0,0,7,0,0.0,0.0,0.0,0.0,0.0
ENG-Premier League,2425,Wolves,Boubacar Traoré,MLI,MF,22,2001,1,0,1,0.0,0,0,0,0,0,0,0,0,0.0,0.0,0.0,0.0,0.0
ENG-Premier League,2425,Wolves,Carlos Forbs,POR,MF,20,2004,10,1,239,2.7,0,0,0,0,0,0,2,0,0.0,0.0,0.0,0.0,0.0
ENG-Premier League,2425,Wolves,Chiquinho,POR,"FW,MF",24,2000,1,0,7,0.1,0,0,0,0,0,0,0,0,0.0,0.0,0.0,0.0,0.0
ENG-Premier League,2425,Wolves,Craig Dawson,ENG,DF,34,1990,15,10,971,10.8,0,0,0,0,0,0,2,0,0.0,0.0,0.0,0.0,0.0
ENG-Premier League,2425,Wolves,Daniel Bentley,ENG,GK,31,1993,2,2,180,2.0,0,0,0,0,0,0,0,0,0.0,0.0,0.0,0.0,0.0
ENG-Premier League,2425,Wolves,Daniel Podence,POR,"FW,MF",28,1995,2,0,48,0.5,0,0,0,0,0,0,0,0,0.0,0.0,0.0,0.0,0.0
ENG-Premier League,2425,Wolves,Emmanuel Agbadou,CIV,DF,27,1997,16,16,1410,15.7,1,0,1,1,0,0,3,0,0.06,0.0,0.06,0.06,0.06
ENG-Premier League,2425,Wolves,Gonçalo Guedes,POR,"MF,FW",27,1996,29,10,995,11.1,2,4,6,2,0,0,1,0,0.18,0.36,0.54,0.18,0.54
ENG-Premier League,2425,Wolves,Hwang Hee-chan,KOR,"MF,FW",28,1996,21,5,661,7.3,2,0,2,2,0,0,0,0,0.27,0.0,0.27,0.27,0.27
ENG-Premier League,2425,Wolves,Jean-Ricner Bellegarde,HAI,MF,26,1998,35,20,1677,18.6,2,7,9,2,0,0,3,0,0.11,0.38,0.48,0.11,0.48
ENG-Premier League,2425,Wolves,José Sá,POR,GK,31,1993,29,29,2609,29.0,0,0,0,0,0,0,2,0,0.0,0.0,0.0,0.0,0.0
ENG-Premier League,2425,Wolves,João Gomes,BRA,MF,23,2001,36,35,2974,33.0,3,1,4,3,0,0,11,1,0.09,0.03,0.12,0.09,0.12
ENG-Premier League,2425,Wolves,Jørgen Strand Larsen,NOR,FW,24,2000,35,30,2587,28.7,14,4,18,14,0,0,4,0,0.49,0.14,0.63,0.49,0.63
ENG-Premier League,2425,Wolves,Mario Lemina,GAB,"MF,DF",30,1993,17,15,1364,15.2,1,3,4,1,0,0,4,0,0.07,0.2,0.26,0.07,0.26
ENG-Premier League,2425,Wolves,Marshall Munetsi,ZIM,"MF,FW",28,1996,14,12,1078,12.0,2,1,3,2,0,0,0,0,0.17,0.08,0.25,0.17,0.25
ENG-Premier League,2425,Wolves,Mateus Mane,POR,MF,16,2007,1,0,2,0.0,0,0,0,0,0,0,0,0,0.0,0.0,0.0,0.0,0.0
ENG-Premier League,2425,Wolves,Matheus Cunha,BRA,MF,25,1999,33,29,2597,28.9,15,6,21,15,0,0,4,0,0.52,0.21,0.73,0.52,0.73
ENG-Premier League,2425,Wolves,Matt Doherty,IRL,"DF,MF",32,1992,30,25,2109,23.4,2,1,3,2,0,0,6,0,0.09,0.04,0.13,0.09,0.13
ENG-Premier League,2425,Wolves,Nasser Djiga,BFA,DF,21,2002,5,1,66,0.7,0,0,0,0,0,0,0,0,0.0,0.0,0.0,0.0,0.0
ENG-Premier League,2425,Wolves,Nélson Semedo,POR,"MF,DF",30,1993,34,32,2886,32.1,0,4,4,0,0,0,8,0,0.0,0.12,0.12,0.0,0.12
ENG-Premier League,2425,Wolves,Pablo Sarabia,ESP,MF,32,1992,23,7,814,9.0,3,2,5,3,0,0,3,0,0.33,0.22,0.55,0.33,0.55
ENG-Premier League,2425,Wolves,Pedro Lima,BRA,MF,18,2006,3,1,70,0.8,0,0,0,0,0,0,0,0,0.0,0.0,0.0,0.0,0.0
ENG-Premier League,2425,Wolves,Rayan Aït-Nouri,ALG,"MF,DF",23,2001,37,37,3109,34.5,4,7,11,4,0,0,7,1,0.12,0.2,0.32,0.12,0.32
ENG-Premier League,2425,Wolves,Rodrigo Gomes,POR,MF,21,2003,25,7,810,9.0,2,0,2,2,0,0,0,0,0.22,0.0,0.22,0.22,0.22
ENG-Premier League,2425,Wolves,Sam Johnstone,ENG,GK,31,1993,7,7,630,7.0,0,0,0,0,0,0,0,0,0.0,0.0,0.0,0.0,0.0
ENG-Premier League,2425,Wolves,Santiago Bueno,URU,DF,25,1998,29,18,1687,18.7,0,0,0,0,0,0,2,0,0.0,0.0,0.0,0.0,0.0
ENG-Premier League,2425,Wolves,Tom King,WAL,GK,29,1995,1,0,1,0.0,0,0,0,0,0,0,0,0,0.0,0.0,0.0,0.0,0.0
ENG-Premier League,2425,Wolves,Tommy Doyle,ENG,MF,22,2001,24,3,488,5.4,0,1,1,0,0,0,1,0,0.0,0.18,0.18,0.0,0.18
ENG-Premier League,2425,Wolves,Toti Gomes,POR,DF,25,1999,31,30,2614,29.0,0,1,1,0,0,0,7,0,0.0,0.03,0.03,0.0,0.03
ENG-Premier League,2425,Wolves,Yerson Mosquera,COL,DF,23,2001,5,5,441,4.9,0,0,0,0,0,0,2,0,0.0,0.0,0.0,0.0,0.0
ENG-Premier League,2526,Arsenal,Ben White,ENG,DF,27,1997,12,9,702,7.8,0,1,1,0,0,0,0,0,0.0,0.13,0.13,0.0,0.13
ENG-Premier League,2526,Arsenal,Bukayo Saka,ENG,"FW,MF",23,2001,31,25,2222,24.7,7,5,12,6,1,1,2,0,0.28,0.2,0.49,0.24,0.45
ENG-Premier League,2526,Arsenal,Christian Nørgaard,DEN,MF,31,1994,7,1,106,1.2,0,0,0,0,0,0,0,0,0.0,0.0,0.0,0.0,0.0
ENG-Premier League,2526,Arsenal,Cristhian Mosquera,ESP,DF,21,2004,20,9,994,11.0,0,0,0,0,0,0,4,0,0.0,0.0,0.0,0.0,0.0
ENG-Premier League,2526,Arsenal,David Raya,ESP,GK,29,1995,37,37,3330,37.0,0,0,0,0,0,0,1,0,0.0,0.0,0.0,0.0,0.0
ENG-Premier League,2526,Arsenal,Declan Rice,ENG,MF,26,1999,36,35,3094,34.4,4,5,9,4,0,0,3,0,0.12,0.15,0.26,0.12,0.26
ENG-Premier League,2526,Arsenal,Eberechi Eze,ENG,"MF,FW",27,1998,32,21,1812,20.1,7,2,9,7,0,0,1,0,0.35,0.1,0.45,0.35,0.45
ENG-Premier League,2526,Arsenal,Ethan Nwaneri,ENG,MF,18,2007,6,0,171,1.9,0,0,0,0,0,0,0,0,0.0,0.0,0.0,0.0,0.0
ENG-Premier League,2526,Arsenal,Gabriel Jesus,BRA,FW,28,1997,14,3,429,4.8,3,0,3,3,0,0,3,0,0.63,0.0,0.63,0.63,0.63
ENG-Premier League,2526,Arsenal,Gabriel Magalhães,BRA,DF,27,1997,32,30,2751,30.6,3,4,7,3,0,0,4,0,0.1,0.13,0.23,0.1,0.23
ENG-Premier League,2526,Arsenal,Gabriel Martinelli,BRA,"FW,MF",24,2001,30,11,1081,12.0,1,4,5,1,0,0,3,0,0.08,0.33,0.42,0.08,0.42
ENG-Premier League,2526,Arsenal,Jurriën Timber,NED,DF,24,2001,30,28,2454,27.3,3,5,8,3,0,0,5,0,0.11,0.18,0.29,0.11,0.29
ENG-Premier League,2526,Arsenal,Kai Havertz,GER,"FW,MF",26,1999,12,7,581,6.5,2,3,5,2,0,0,1,0,0.31,0.46,0.77,0.31,0.77
ENG-Premier League,2526,Arsenal,Kepa Arrizabalaga,ESP,GK,30,1994,1,1,90,1.0,0,0,0,0,0,0,0,0,0.0,0.0,0.0,0.0,0.0
ENG-Premier League,2526,Arsenal,Leandro Trossard,BEL,"FW,MF",30,1994,31,21,2000,22.2,6,6,12,6,0,0,2,0,0.27,0.27,0.54,0.27,0.54
ENG-Premier League,2526,Arsenal,Martin Ødegaard,NOR,MF,26,1998,24,16,1369,15.2,1,6,7,1,0,0,0,0,0.07,0.39,0.46,0.07,0.46
ENG-Premier League,2526,Arsenal,Martín Zubimendi,ESP,MF,26,1999,38,34,2992,33.2,5,1,6,5,0,0,4,0,0.15,0.03,0.18,0.15,0.18
ENG-Premier League,2526,Arsenal,Max Dowman,ENG,MF,15,2009,6,1,157,1.7,1,0,1,1,0,0,0,0,0.57,0.0,0.57,0.57,0.57
ENG-Premier League,2526,Arsenal,Mikel Merino,ESP,"MF,FW",29,1996,22,10,1036,11.5,4,3,7,4,0,0,1,0,0.35,0.26,0.61,0.35,0.61
ENG-Premier League,2526,Arsenal,Myles Lewis-Skelly,ENG,"MF,DF",18,2006,20,5,709,7.9,0,0,0,0,0,0,3,0,0.0,0.0,0.0,0.0,0.0
ENG-Premier League,2526,Arsenal,Noni Madueke,ENG,"FW,MF",23,2002,26,16,1211,13.5,3,1,4,3,0,0,0,0,0.22,0.07,0.3,0.22,0.3
ENG-Premier League,2526,Arsenal,Piero Hincapié,ECU,DF,23,2002,25,20,1792,19.9,1,2,3,1,0,0,2,0,0.05,0.1,0.15,0.05,0.15
ENG-Premier League,2526,Arsenal,Riccardo Calafiori,ITA,DF,23,2002,26,22,1699,18.9,1,2,3,1,0,0,5,0,0.05,0.11,0.16,0.05,0.16
ENG-Premier League,2526,Arsenal,Viktor Gyökeres,SWE,FW,27,1998,36,26,2224,24.7,14,1,15,11,3,3,5,0,0.57,0.04,0.61,0.45,0.49
ENG-Premier League,2526,Arsenal,William Saliba,FRA,DF,24,2001,31,30,2614,29.0,1,0,1,1,0,0,2,0,0.03,0.0,0.03,0.03,0.03
ENG-Premier League,2526,Aston Villa,Alysson,BRA,MF,19,2006,3,0,49,0.5,0,0,0,0,0,0,0,0,0.0,0.0,0.0,0.0,0.0
ENG-Premier League,2526,Aston Villa,Amadou Onana,BEL,MF,23,2001,25,21,1758,19.5,2,0,2,2,0,0,3,0,0.1,0.0,0.1,0.1,0.1
ENG-Premier League,2526,Aston Villa,Andrés García,ESP,DF,22,2003,6,1,86,1.0,0,0,0,0,0,0,0,0,0.0,0.0,0.0,0.0,0.0
ENG-Premier League,2526,Aston Villa,Boubacar Kamara,FRA,MF,25,1999,18,17,1411,15.7,1,3,4,1,0,0,5,0,0.06,0.19,0.26,0.06,0.26
ENG-Premier League,2526,Aston Villa,Bradley Burrowes,ENG,MF,17,2008,1,0,17,0.2,0,0,0,0,0,0,0,0,0.0,0.0,0.0,0.0,0.0
ENG-Premier League,2526,Aston Villa,Donyell Malen,NED,"FW,MF",26,1999,21,5,656,7.3,4,1,5,4,0,0,0,0,0.55,0.14,0.69,0.55,0.69
ENG-Premier League,2526,Aston Villa,Douglas Luiz,BRA,MF,27,1998,13,7,604,6.7,1,0,1,1,0,0,1,0,0.15,0.0,0.15,0.15,0.15
ENG-Premier League,2526,Aston Villa,Emi Buendía,ARG,MF,28,1996,36,21,1755,19.5,6,2,8,6,0,0,6,0,0.31,0.1,0.41,0.31,0.41
ENG-Premier League,2526,Aston Villa,Emiliano Martínez,ARG,GK,32,1992,32,32,2835,31.5,0,1,1,0,0,0,2,0,0.0,0.03,0.03,0.0,0.03
ENG-Premier League,2526,Aston Villa,Evann Guessand,CIV,MF,24,2001,13,6,588,6.5,0,1,1,0,0,0,0,0,0.0,0.15,0.15,0.0,0.15
ENG-Premier League,2526,Aston Villa,Ezri Konsa,ENG,DF,27,1997,34,34,3035,33.7,0,0,0,0,0,0,0,1,0.0,0.0,0.0,0.0,0.0
ENG-Premier League,2526,Aston Villa,George Hemmings,ENG,MF,18,2007,2,0,27,0.3,0,0,0,0,0,0,0,0,0.0,0.0,0.0,0.0,0.0
ENG-Premier League,2526,Aston Villa,Harvey Elliott,ENG,MF,22,2003,4,1,112,1.2,0,0,0,0,0,0,0,0,0.0,0.0,0.0,0.0,0.0
ENG-Premier League,2526,Aston Villa,Ian Maatsen,NED,DF,23,2002,30,17,1605,17.8,0,1,1,0,0,0,2,0,0.0,0.06,0.06,0.0,0.06
ENG-Premier League,2526,Aston Villa,Jadon Sancho,ENG,MF,25,2000,23,9,876,9.7,0,2,2,0,0,0,0,0,0.0,0.21,0.21,0.0,0.21
ENG-Premier League,2526,Aston Villa,Jamaldeen Jimoh,ENG,MF,18,2006,1,0,9,0.1,0,0,0,0,0,0,0,0,0.0,0.0,0.0,0.0,0.0
ENG-Premier League,2526,Aston Villa,John McGinn,SCO,MF,30,1994,30,28,2137,23.7,5,4,9,5,0,0,5,0,0.21,0.17,0.38,0.21,0.38
ENG-Premier League,2526,Aston Villa,Lamare Bogarde,NED,"MF,DF",21,2004,28,11,1053,11.7,0,0,0,0,0,0,5,0,0.0,0.0,0.0,0.0,0.0
ENG-Premier League,2526,Aston Villa,Leon Bailey,JAM,MF,27,1997,13,3,459,5.1,0,1,1,0,0,0,1,0,0.0,0.2,0.2,0.0,0.2
ENG-Premier League,2526,Aston Villa,Lucas Digne,FRA,DF,32,1993,31,21,1852,20.6,0,6,6,0,0,0,3,0,0.0,0.29,0.29,0.0,0.29
ENG-Premier League,2526,Aston Villa,Marco Bizot,NED,GK,34,1991,7,6,585,6.5,0,0,0,0,0,0,2,0,0.0,0.0,0.0,0.0,0.0
ENG-Premier League,2526,Aston Villa,Matty Cash,POL,DF,27,1997,35,34,3014,33.5,3,3,6,3,0,0,9,0,0.09,0.09,0.18,0.09,0.18
ENG-Premier League,2526,Aston Villa,Morgan Rogers,ENG,MF,23,2002,37,37,3280,36.4,10,6,16,10,0,0,7,0,0.27,0.16,0.44,0.27,0.44
ENG-Premier League,2526,Aston Villa,Ollie Watkins,ENG,FW,29,1995,37,33,2839,31.5,16,3,19,16,0,0,4,0,0.51,0.1,0.6,0.51,0.6
ENG-Premier League,2526,Aston Villa,Pau Torres,ESP,DF,28,1997,21,18,1676,18.6,0,0,0,0,0,0,1,0,0.0,0.0,0.0,0.0,0.0
ENG-Premier League,2526,Aston Villa,Ross Barkley,ENG,MF,31,1993,21,7,857,9.5,3,1,4,3,0,0,1,0,0.32,0.11,0.42,0.32,0.42
ENG-Premier League,2526,Aston Villa,Tammy Abraham,ENG,FW,27,1997,12,2,286,3.2,2,0,2,2,0,0,0,0,0.63,0.0,0.63,0.63,0.63
ENG-Premier League,2526,Aston Villa,Tyrone Mings,ENG,DF,32,1993,17,15,1324,14.7,0,0,0,0,0,0,1,0,0.0,0.0,0.0,0.0,0.0
ENG-Premier League,2526,Aston Villa,Victor Lindelöf,SWE,"DF,MF",31,1994,17,11,948,10.5,0,1,1,0,0,0,0,0,0.0,0.09,0.09,0.0,0.09
ENG-Premier League,2526,Aston Villa,Youri Tielemans,BEL,MF,28,1997,25,21,1862,20.7,0,4,4,0,0,0,0,0,0.0,0.19,0.19,0.0,0.19
ENG-Premier League,2526,Bournemouth,Adam Smith,ENG,DF,34,1991,22,14,1077,12.0,0,2,2,0,0,0,3,0,0.0,0.17,0.17,0.0,0.17
ENG-Premier League,2526,Bournemouth,Adrien Truffert,FRA,DF,23,2001,38,38,3379,37.5,1,5,6,1,0,0,5,0,0.03,0.13,0.16,0.03,0.16
ENG-Premier League,2526,Bournemouth,Alex Scott,ENG,MF,21,2003,37,34,2849,31.7,3,1,4,3,0,0,5,0,0.09,0.03,0.13,0.09,0.13
ENG-Premier League,2526,Bournemouth,Alex Tóth,HUN,MF,19,2005,9,2,140,1.6,0,0,0,0,0,0,1,0,0.0,0.0,0.0,0.0,0.0
ENG-Premier League,2526,Bournemouth,Amine Adli,MAR,MF,25,2000,31,10,1094,12.2,3,1,4,3,0,0,2,0,0.25,0.08,0.33,0.25,0.33
ENG-Premier League,2526,Bournemouth,Antoine Semenyo,GHA,MF,25,2000,20,20,1798,20.0,10,3,13,9,1,2,6,0,0.5,0.15,0.65,0.45,0.6
ENG-Premier League,2526,Bournemouth,Bafodé Diakité,FRA,DF,24,2001,18,15,1277,14.2,0,0,0,0,0,0,1,0,0.0,0.0,0.0,0.0,0.0
ENG-Premier League,2526,Bournemouth,Ben Gannon-Doak,SCO,MF,19,2005,8,0,113,1.3,0,1,1,0,0,0,0,0,0.0,0.8,0.8,0.0,0.8
ENG-Premier League,2526,Bournemouth,Ben Winterburn,ENG,MF,20,2004,1,0,7,0.1,0,0,0,0,0,0,0,0,0.0,0.0,0.0,0.0,0.0
ENG-Premier League,2526,Bournemouth,David Brooks,WAL,MF,28,1997,31,13,1204,13.4,1,3,4,1,0,0,7,0,0.07,0.22,0.3,0.07,0.3
ENG-Premier League,2526,Bournemouth,Eli Junior Kroupi,FRA,"MF,FW",19,2006,33,21,1672,18.6,13,0,13,11,2,2,5,0,0.7,0.0,0.7,0.59,0.59
ENG-Premier League,2526,Bournemouth,Enes Ünal,TUR,FW,28,1997,23,0,232,2.6,1,0,1,1,0,0,1,0,0.39,0.0,0.39,0.39,0.39
ENG-Premier League,2526,Bournemouth,Evanilson,BRA,FW,25,1999,36,32,2742,30.5,6,1,7,6,0,0,2,0,0.2,0.03,0.23,0.2,0.23
ENG-Premier League,2526,Bournemouth,Hamed Junior Traorè,CIV,MF,25,2000,1,0,17,0.2,0,1,1,0,0,0,0,0,0.0,5.29,5.29,0.0,5.29
ENG-Premier League,2526,Bournemouth,James Hill,ENG,DF,23,2002,29,22,2106,23.4,0,3,3,0,0,0,5,0,0.0,0.13,0.13,0.0,0.13
ENG-Premier League,2526,Bournemouth,Julio Soler,ARG,DF,20,2005,3,0,35,0.4,0,0,0,0,0,0,0,0,0.0,0.0,0.0,0.0,0.0
ENG-Premier League,2526,Bournemouth,Justin Kluivert,NED,MF,26,1999,20,10,952,10.6,2,0,2,2,0,0,5,0,0.19,0.0,0.19,0.19,0.19
ENG-Premier League,2526,Bournemouth,Lewis Cook,ENG,"MF,DF",28,1997,18,8,874,9.7,0,1,1,0,0,0,1,1,0.0,0.1,0.1,0.0,0.1
ENG-Premier League,2526,Bournemouth,Marcos Senesi,ARG,DF,28,1997,37,37,3288,36.5,0,5,5,0,0,0,8,0,0.0,0.14,0.14,0.0,0.14
ENG-Premier League,2526,Bournemouth,Marcus Tavernier,ENG,MF,26,1999,34,31,2731,30.3,7,4,11,5,2,2,6,0,0.23,0.13,0.36,0.16,0.3
ENG-Premier League,2526,Bournemouth,Rayan,BRA,MF,18,2006,15,13,1111,12.3,5,2,7,5,0,0,1,0,0.41,0.16,0.57,0.41,0.57
ENG-Premier League,2526,Bournemouth,Ryan Christie,SCO,MF,30,1995,26,9,994,11.0,2,0,2,2,0,0,3,1,0.18,0.0,0.18,0.18,0.18
ENG-Premier League,2526,Bournemouth,Tyler Adams,USA,MF,26,1999,25,21,1772,19.7,2,2,4,2,0,0,8,0,0.1,0.1,0.2,0.1,0.2
ENG-Premier League,2526,Bournemouth,Veljko Milosavljević,SRB,DF,18,2007,7,4,368,4.1,0,0,0,0,0,0,0,0,0.0,0.0,0.0,0.0,0.0
ENG-Premier League,2526,Bournemouth,Álex Jiménez,ESP,"DF,MF",20,2005,31,26,2317,25.7,1,0,1,1,0,0,10,0,0.04,0.0,0.04,0.04,0.04
ENG-Premier League,2526,Bournemouth,Đorđe Petrović,SRB,GK,25,1999,38,38,3420,38.0,0,0,0,0,0,0,3,0,0.0,0.0,0.0,0.0,0.0
ENG-Premier League,2526,Brentford,Aaron Hickey,SCO,"DF,MF",23,2002,21,8,691,7.7,0,0,0,0,0,0,1,0,0.0,0.0,0.0,0.0,0.0
ENG-Premier League,2526,Brentford,Antoni Milambo,NED,MF,20,2005,1,1,45,0.5,0,0,0,0,0,0,0,0,0.0,0.0,0.0,0.0,0.0
ENG-Premier League,2526,Brentford,Caoimhín Kelleher,IRL,GK,26,1998,37,37,3330,37.0,0,0,0,0,0,0,1,0,0.0,0.0,0.0,0.0,0.0
ENG-Premier League,2526,Brentford,Dango Ouattara,BFA,MF,23,2002,32,25,2276,25.3,7,3,10,7,0,0,5,0,0.28,0.12,0.4,0.28,0.4
ENG-Premier League,2526,Brentford,Ethan Pinnock,JAM,DF,32,1993,4,4,318,3.5,0,0,0,0,0,0,1,0,0.0,0.0,0.0,0.0,0.0
ENG-Premier League,2526,Brentford,Fabio Carvalho,POR,MF,22,2002,6,1,102,1.1,1,0,1,1,0,0,0,0,0.88,0.0,0.88,0.88,0.88
ENG-Premier League,2526,Brentford,Frank Onyeka,NGA,MF,27,1998,6,0,92,1.0,0,1,1,0,0,0,0,0,0.0,0.98,0.98,0.0,0.98
ENG-Premier League,2526,Brentford,Hákon Valdimarsson,ISL,GK,23,2001,1,1,90,1.0,0,0,0,0,0,0,0,0,0.0,0.0,0.0,0.0,0.0
ENG-Premier League,2526,Brentford,Igor Thiago,BRA,FW,24,2001,38,37,3282,36.5,22,1,23,14,8,9,7,0,0.6,0.03,0.63,0.38,0.41
ENG-Premier League,2526,Brentford,Jordan Henderson,ENG,MF,35,1990,32,22,1919,21.3,1,3,4,1,0,0,6,0,0.05,0.14,0.19,0.05,0.19
ENG-Premier League,2526,Brentford,Josh Dasilva,ENG,MF,26,1998,2,0,3,0.0,0,0,0,0,0,0,0,0,0.0,0.0,0.0,0.0,0.0
ENG-Premier League,2526,Brentford,Kaye Furo,BEL,FW,18,2007,1,0,1,0.0,0,0,0,0,0,0,0,0,0.0,0.0,0.0,0.0,0.0
ENG-Premier League,2526,Brentford,Keane Lewis-Potter,ENG,"DF,MF",24,2001,36,22,1972,21.9,3,3,6,3,0,0,1,0,0.14,0.14,0.27,0.14,0.27
ENG-Premier League,2526,Brentford,Kevin Schade,GER,"MF,FW",23,2001,35,32,2745,30.5,8,3,11,8,0,1,6,1,0.26,0.1,0.36,0.26,0.36
ENG-Premier League,2526,Brentford,Kristoffer Ajer,NOR,DF,27,1998,27,20,1810,20.1,0,1,1,0,0,0,4,0,0.0,0.05,0.05,0.0,0.05
ENG-Premier League,2526,Brentford,Mathias Jensen,DEN,MF,29,1996,36,26,2247,25.0,3,1,4,3,0,0,3,0,0.12,0.04,0.16,0.12,0.16
ENG-Premier League,2526,Brentford,Michael Kayode,ITA,DF,21,2004,37,37,3258,36.2,1,1,2,1,0,0,8,0,0.03,0.03,0.06,0.03,0.06
ENG-Premier League,2526,Brentford,Mikkel Damsgaard,DEN,MF,25,2000,33,24,2054,22.8,4,4,8,4,0,0,0,0,0.18,0.18,0.35,0.18,0.35
ENG-Premier League,2526,Brentford,Myles Peart-Harris,ENG,MF,22,2002,1,0,1,0.0,0,0,0,0,0,0,0,0,0.0,0.0,0.0,0.0,0.0
ENG-Premier League,2526,Brentford,Nathan Collins,IRL,DF,24,2001,35,32,2975,33.1,1,2,3,1,0,0,7,0,0.03,0.06,0.09,0.03,0.09
ENG-Premier League,2526,Brentford,Reiss Nelson,ENG,"FW,MF",25,1999,10,0,126,1.4,0,1,1,0,0,0,0,0,0.0,0.71,0.71,0.0,0.71
ENG-Premier League,2526,Brentford,Rico Henry,JAM,DF,28,1997,25,14,1328,14.8,0,1,1,0,0,0,2,0,0.0,0.07,0.07,0.0,0.07
ENG-Premier League,2526,Brentford,Romelle Donovan,ENG,FW,18,2006,4,0,41,0.5,0,0,0,0,0,0,0,0,0.0,0.0,0.0,0.0,0.0
ENG-Premier League,2526,Brentford,Sepp van den Berg,NED,DF,23,2001,32,30,2763,30.7,0,2,2,0,0,0,2,0,0.0,0.07,0.07,0.0,0.07
ENG-Premier League,2526,Brentford,Vitaly Janelt,GER,MF,27,1998,25,15,1443,16.0,1,4,5,1,0,0,8,0,0.06,0.25,0.31,0.06,0.31
ENG-Premier League,2526,Brentford,Yehor Yarmoliuk,UKR,MF,21,2004,37,30,2659,29.5,1,2,3,1,0,0,7,0,0.03,0.07,0.1,0.03,0.1
ENG-Premier League,2526,Brighton,Bart Verbruggen,NED,GK,22,2002,38,38,3420,38.0,0,0,0,0,0,0,3,0,0.0,0.0,0.0,0.0,0.0
ENG-Premier League,2526,Brighton,Brajan Gruda,GER,MF,21,2004,18,8,719,8.0,1,1,2,1,0,0,2,0,0.13,0.13,0.25,0.13,0.25
ENG-Premier League,2526,Brighton,Carlos Baleba,CMR,MF,21,2004,31,23,1652,18.4,0,0,0,0,0,0,5,0,0.0,0.0,0.0,0.0,0.0
ENG-Premier League,2526,Brighton,Charalampos Kostoulas,GRE,FW,18,2007,21,2,369,4.1,2,1,3,2,0,0,2,0,0.49,0.24,0.73,0.49,0.73
ENG-Premier League,2526,Brighton,Danny Welbeck,ENG,FW,34,1990,37,26,2258,25.1,13,1,14,12,1,3,5,0,0.52,0.04,0.56,0.48,0.52
ENG-Premier League,2526,Brighton,Diego Coppola,ITA,DF,21,2003,5,2,194,2.2,0,0,0,0,0,0,2,0,0.0,0.0,0.0,0.0,0.0
ENG-Premier League,2526,Brighton,Diego Gómez,PAR,"MF,FW",22,2003,32,26,2120,23.6,5,1,6,5,0,0,9,0,0.21,0.04,0.25,0.21,0.25
ENG-Premier League,2526,Brighton,Ferdi Kadioglu,TUR,"DF,MF",25,1999,37,34,3133,34.8,1,0,1,1,0,0,6,0,0.03,0.0,0.03,0.03,0.03
ENG-Premier League,2526,Brighton,Georginio Rutter,FRA,"MF,FW",23,2002,32,20,1786,19.8,3,3,6,3,0,0,2,0,0.15,0.15,0.3,0.15,0.3
ENG-Premier League,2526,Brighton,Harry Howell,ENG,MF,17,2008,3,1,94,1.0,0,0,0,0,0,0,0,0,0.0,0.0,0.0,0.0,0.0
ENG-Premier League,2526,Brighton,Jack Hinshelwood,ENG,MF,20,2005,27,20,1741,19.3,4,3,7,4,0,0,0,0,0.21,0.16,0.36,0.21,0.36
ENG-Premier League,2526,Brighton,James Milner,ENG,MF,39,1986,20,7,784,8.7,1,1,2,0,1,1,2,0,0.11,0.11,0.23,0.0,0.11
ENG-Premier League,2526,Brighton,Jan Paul van Hecke,NED,DF,25,2000,36,36,3210,35.7,3,3,6,3,0,0,9,0,0.08,0.08,0.17,0.08,0.17
ENG-Premier League,2526,Brighton,Joe Knight,ENG,MF,19,2005,1,0,1,0.0,0,0,0,0,0,0,0,0,0.0,0.0,0.0,0.0,0.0
ENG-Premier League,2526,Brighton,Joël Veltman,NED,DF,33,1992,24,9,1058,11.8,1,0,1,1,0,0,5,0,0.09,0.0,0.09,0.09,0.09
ENG-Premier League,2526,Brighton,Kaoru Mitoma,JPN,"MF,FW",28,1997,25,19,1721,19.1,3,1,4,3,0,0,5,0,0.16,0.05,0.21,0.16,0.21
ENG-Premier League,2526,Brighton,Lewis Dunk,ENG,DF,33,1991,33,31,2838,31.5,1,0,1,1,0,0,10,0,0.03,0.0,0.03,0.03,0.03
ENG-Premier League,2526,Brighton,Mats Wieffer,NED,DF,25,1999,26,23,1903,21.1,2,3,5,2,0,0,8,0,0.09,0.14,0.24,0.09,0.24
ENG-Premier League,2526,Brighton,Matt O'Riley,DEN,MF,24,2000,6,2,204,2.3,1,0,1,0,1,1,0,0,0.44,0.0,0.44,0.0,0.0
ENG-Premier League,2526,Brighton,Maxim De Cuyper,BEL,"DF,MF",24,2000,30,17,1414,15.7,2,3,5,2,0,0,2,0,0.13,0.19,0.32,0.13,0.32
ENG-Premier League,2526,Brighton,Nehemiah Oriola,ENG,MF,18,2007,1,0,1,0.0,0,0,0,0,0,0,0,0,0.0,0.0,0.0,0.0,0.0
ENG-Premier League,2526,Brighton,Olivier Boscagli,FRA,DF,27,1997,12,9,802,8.9,0,1,1,0,0,0,2,0,0.0,0.11,0.11,0.0,0.11
ENG-Premier League,2526,Brighton,Pascal Groß,GER,MF,34,1991,19,18,1636,18.2,1,3,4,1,0,0,2,0,0.06,0.17,0.22,0.06,0.22
ENG-Premier League,2526,Brighton,Solly March,ENG,MF,31,1994,4,0,41,0.5,0,0,0,0,0,0,0,0,0.0,0.0,0.0,0.0,0.0
ENG-Premier League,2526,Brighton,Stefanos Tzimas,GRE,FW,19,2006,9,1,139,1.5,1,1,2,1,0,0,0,0,0.65,0.65,1.29,0.65,1.29
ENG-Premier League,2526,Brighton,Tom Watson,ENG,MF,19,2006,6,0,62,0.7,0,0,0,0,0,0,1,0,0.0,0.0,0.0,0.0,0.0
ENG-Premier League,2526,Brighton,Yankuba Minteh,GAM,MF,21,2004,34,26,2391,26.6,3,4,7,3,0,0,3,0,0.11,0.15,0.26,0.11,0.26
ENG-Premier League,2526,Brighton,Yasin Ayari,SWE,MF,21,2003,29,20,1929,21.4,3,3,6,3,0,0,1,0,0.14,0.14,0.28,0.14,0.28
ENG-Premier League,2526,Burnley,Armando Broja,ALB,FW,23,2001,24,8,860,9.6,1,1,2,1,0,0,0,0,0.1,0.1,0.21,0.1,0.21
ENG-Premier League,2526,Burnley,Ashley Barnes,ENG,"FW,MF",35,1989,7,0,46,0.5,0,0,0,0,0,0,2,0,0.0,0.0,0.0,0.0,0.0
ENG-Premier League,2526,Burnley,Axel Tuanzebe,COD,DF,27,1997,14,14,1201,13.3,1,0,1,1,0,0,1,0,0.07,0.0,0.07,0.07,0.07
ENG-Premier League,2526,Burnley,Bashir Humphreys,ENG,"DF,MF",22,2003,20,17,1578,17.5,0,0,0,0,0,0,6,0,0.0,0.0,0.0,0.0,0.0
ENG-Premier League,2526,Burnley,Florentino Luís,POR,MF,25,1999,31,25,2105,23.4,0,2,2,0,0,0,6,0,0.0,0.09,0.09,0.0,0.09
ENG-Premier League,2526,Burnley,Hannibal Mejbri,TUN,MF,22,2003,27,15,1229,13.7,1,4,5,1,0,0,10,0,0.07,0.29,0.37,0.07,0.37
ENG-Premier League,2526,Burnley,Hjalmar Ekdal,SWE,DF,26,1998,19,17,1539,17.1,0,0,0,0,0,0,0,0,0.0,0.0,0.0,0.0,0.0
ENG-Premier League,2526,Burnley,Jacob Bruun Larsen,DEN,"MF,FW",26,1998,28,10,1030,11.4,0,1,1,0,0,0,0,0,0.0,0.09,0.09,0.0,0.09
ENG-Premier League,2526,Burnley,Jaidon Anthony,ENG,MF,25,1999,37,32,2722,30.2,8,2,10,8,0,0,4,0,0.26,0.07,0.33,0.26,0.33
ENG-Premier League,2526,Burnley,James Ward-Prowse,ENG,MF,30,1994,13,7,684,7.6,0,1,1,0,0,0,1,0,0.0,0.13,0.13,0.0,0.13
ENG-Premier League,2526,Burnley,Jaydon Amauri Banel,NED,"FW,MF",20,2004,1,0,10,0.1,0,0,0,0,0,0,0,0,0.0,0.0,0.0,0.0,0.0
ENG-Premier League,2526,Burnley,Joe Worrall,ENG,DF,28,1997,11,5,500,5.6,0,0,0,0,0,0,0,0,0.0,0.0,0.0,0.0,0.0
ENG-Premier League,2526,Burnley,Josh Cullen,IRL,MF,29,1996,18,18,1514,16.8,2,2,4,2,0,0,2,0,0.12,0.12,0.24,0.12,0.24
ENG-Premier League,2526,Burnley,Josh Laurent,ENG,"DF,MF",30,1995,33,18,1764,19.6,1,0,1,1,0,0,7,1,0.05,0.0,0.05,0.05,0.05
ENG-Premier League,2526,Burnley,Kyle Walker,ENG,"DF,MF",35,1990,36,35,3096,34.4,0,2,2,0,0,0,9,0,0.0,0.06,0.06,0.0,0.06
ENG-Premier League,2526,Burnley,Lesley Ugochukwu,FRA,MF,21,2004,35,27,2336,26.0,3,1,4,3,0,0,3,1,0.12,0.04,0.15,0.12,0.15
ENG-Premier League,2526,Burnley,Loum Tchaouna,FRA,"MF,FW",21,2003,29,14,1272,14.1,2,1,3,2,0,0,2,0,0.14,0.07,0.21,0.14,0.21
ENG-Premier League,2526,Burnley,Lucas,BRA,"MF,DF",24,2001,20,15,1409,15.7,0,0,0,0,0,0,1,1,0.0,0.0,0.0,0.0,0.0
ENG-Premier League,2526,Burnley,Lyle Foster,RSA,"FW,MF",24,2000,26,15,1371,15.2,3,2,5,3,0,0,4,0,0.2,0.13,0.33,0.2,0.33
ENG-Premier League,2526,Burnley,Marcus Edwards,ENG,"MF,FW",26,1998,23,11,1067,11.9,1,3,4,1,0,0,0,0,0.08,0.25,0.34,0.08,0.34
ENG-Premier League,2526,Burnley,Martin Dúbravka,SVK,GK,36,1989,35,35,3150,35.0,0,0,0,0,0,0,1,0,0.0,0.0,0.0,0.0,0.0
ENG-Premier League,2526,Burnley,Max Weiß,GER,GK,21,2004,3,3,270,3.0,0,0,0,0,0,0,0,0,0.0,0.0,0.0,0.0,0.0
ENG-Premier League,2526,Burnley,Maxime Estève,FRA,DF,23,2002,34,34,2932,32.6,0,0,0,0,0,0,1,0,0.0,0.0,0.0,0.0,0.0
ENG-Premier League,2526,Burnley,Mike Trésor,BEL,"FW,MF",26,1999,6,0,43,0.5,0,0,0,0,0,0,0,0,0.0,0.0,0.0,0.0,0.0
ENG-Premier League,2526,Burnley,Oliver Sonne,PER,DF,24,2000,7,1,169,1.9,1,0,1,1,0,0,0,0,0.53,0.0,0.53,0.53,0.53
ENG-Premier League,2526,Burnley,Quilindschy Hartman,NED,DF,23,2001,21,21,1825,20.3,0,5,5,0,0,0,1,0,0.0,0.25,0.25,0.0,0.25
ENG-Premier League,2526,Burnley,Zeki Amdouni,SUI,"FW,MF",24,2000,4,0,73,0.8,0,0,0,0,0,0,0,0,0.0,0.0,0.0,0.0,0.0
ENG-Premier League,2526,Burnley,Zian Flemming,NED,FW,26,1998,29,21,1769,19.7,11,0,11,9,2,2,5,0,0.56,0.0,0.56,0.46,0.46
ENG-Premier League,2526,Chelsea,Alejandro Garnacho,ARG,MF,21,2004,24,14,1268,14.1,1,4,5,1,0,0,2,0,0.07,0.28,0.35,0.07,0.35
ENG-Premier League,2526,Chelsea,Andrey Santos,BRA,MF,21,2004,27,13,1260,14.0,1,0,1,1,0,0,4,0,0.07,0.0,0.07,0.07,0.07
ENG-Premier League,2526,Chelsea,Benoît Badiashile,FRA,DF,24,2001,8,6,471,5.2,0,0,0,0,0,0,2,0,0.0,0.0,0.0,0.0,0.0
ENG-Premier League,2526,Chelsea,Cole Palmer,ENG,MF,23,2002,26,24,1955,21.7,10,1,11,5,5,6,5,0,0.46,0.05,0.51,0.23,0.28
ENG-Premier League,2526,Chelsea,Dario Essugo,POR,MF,20,2005,3,0,30,0.3,0,0,0,0,0,0,2,0,0.0,0.0,0.0,0.0,0.0
ENG-Premier League,2526,Chelsea,Enzo Fernández,ARG,MF,24,2001,36,35,3115,34.6,10,4,14,8,2,2,10,0,0.29,0.12,0.4,0.23,0.35
ENG-Premier League,2526,Chelsea,Estêvão Willian,BRA,MF,18,2007,22,12,848,9.4,2,2,4,2,0,0,4,0,0.21,0.21,0.42,0.21,0.42
ENG-Premier League,2526,Chelsea,Facundo Buonanotte,ARG,MF,20,2004,1,1,45,0.5,0,0,0,0,0,0,0,0,0.0,0.0,0.0,0.0,0.0
ENG-Premier League,2526,Chelsea,Filip Jørgensen,DEN,GK,23,2002,5,3,379,4.2,0,0,0,0,0,0,0,0,0.0,0.0,0.0,0.0,0.0
ENG-Premier League,2526,Chelsea,Jamie Gittens,ENG,MF,20,2004,16,5,495,5.5,0,2,2,0,0,0,0,0,0.0,0.36,0.36,0.0,0.36
ENG-Premier League,2526,Chelsea,Jesse Derry,ENG,MF,18,2007,1,1,44,0.5,0,0,0,0,0,0,0,0,0.0,0.0,0.0,0.0,0.0
ENG-Premier League,2526,Chelsea,Jorrel Hato,NED,DF,19,2006,22,12,1148,12.8,0,0,0,0,0,0,7,0,0.0,0.0,0.0,0.0,0.0
ENG-Premier League,2526,Chelsea,Joshua Acheampong,ENG,DF,19,2006,17,8,666,7.4,1,0,1,1,0,0,1,0,0.14,0.0,0.14,0.14,0.14
ENG-Premier League,2526,Chelsea,João Pedro,BRA,"FW,MF",23,2001,35,31,2661,29.6,15,5,20,15,0,0,5,0,0.51,0.17,0.68,0.51,0.68
ENG-Premier League,2526,Chelsea,Levi Colwill,ENG,DF,22,2003,3,2,225,2.5,0,0,0,0,0,0,0,0,0.0,0.0,0.0,0.0,0.0
ENG-Premier League,2526,Chelsea,Liam Delap,ENG,FW,22,2003,28,12,1107,12.3,1,0,1,1,0,0,4,0,0.08,0.0,0.08,0.08,0.08
ENG-Premier League,2526,Chelsea,Malo Gusto,FRA,"DF,MF",22,2003,34,26,2261,25.1,2,3,5,2,0,0,5,1,0.08,0.12,0.2,0.08,0.2
ENG-Premier League,2526,Chelsea,Mamadou Sarr,SEN,DF,19,2005,3,1,102,1.1,0,0,0,0,0,0,0,0,0.0,0.0,0.0,0.0,0.0
ENG-Premier League,2526,Chelsea,Marc Cucurella,ESP,DF,27,1998,34,31,2707,30.1,1,4,5,1,0,0,8,1,0.03,0.13,0.17,0.03,0.17
ENG-Premier League,2526,Chelsea,Marc Guiu,ESP,FW,19,2006,8,1,257,2.9,0,1,1,0,0,0,1,0,0.0,0.35,0.35,0.0,0.35
ENG-Premier League,2526,Chelsea,Moisés Caicedo,ECU,MF,23,2001,33,32,2795,31.1,3,1,4,3,0,0,11,1,0.1,0.03,0.13,0.1,0.13
ENG-Premier League,2526,Chelsea,Pedro Neto,POR,"MF,FW",25,2000,34,30,2631,29.2,5,6,11,5,0,0,4,1,0.17,0.21,0.38,0.17,0.38
ENG-Premier League,2526,Chelsea,Reece James,ENG,"DF,MF",25,1999,29,20,1963,21.8,2,4,6,2,0,0,4,0,0.09,0.18,0.28,0.09,0.28
ENG-Premier League,2526,Chelsea,Robert Sánchez,ESP,GK,27,1997,35,35,3039,33.8,0,1,1,0,0,0,3,1,0.0,0.03,0.03,0.0,0.03
ENG-Premier League,2526,Chelsea,Roméo Lavia,BEL,MF,21,2004,12,4,382,4.2,0,0,0,0,0,0,0,0,0.0,0.0,0.0,0.0,0.0
ENG-Premier League,2526,Chelsea,Shumaira Mheuka,ENG,FW,17,2007,1,0,2,0.0,0,0,0,0,0,0,0,0,0.0,0.0,0.0,0.0,0.0
ENG-Premier League,2526,Chelsea,Tosin Adarabioyo,ENG,DF,27,1997,16,8,795,8.8,0,0,0,0,0,0,2,0,0.0,0.0,0.0,0.0,0.0
ENG-Premier League,2526,Chelsea,Trevoh Chalobah,ENG,DF,26,1999,34,31,2783,30.9,3,0,3,3,0,0,3,1,0.1,0.0,0.1,0.1,0.1
ENG-Premier League,2526,Chelsea,Tyrique George,ENG,FW,19,2006,4,0,145,1.6,0,0,0,0,0,0,2,0,0.0,0.0,0.0,0.0,0.0
ENG-Premier League,2526,Chelsea,Wesley Fofana,FRA,DF,24,2000,25,20,1722,19.1,0,1,1,0,0,0,9,2,0.0,0.05,0.05,0.0,0.05
ENG-Premier League,2526,Crystal Palace,Adam Wharton,ENG,MF,21,2004,34,29,2552,28.4,1,5,6,1,0,0,6,1,0.04,0.18,0.21,0.04,0.21
ENG-Premier League,2526,Crystal Palace,Borna Sosa,CRO,"DF,MF",27,1998,7,0,101,1.1,0,0,0,0,0,0,1,0,0.0,0.0,0.0,0.0,0.0
ENG-Premier League,2526,Crystal Palace,Brennan Johnson,WAL,"MF,FW",24,2001,18,13,1112,12.4,0,1,1,0,0,0,4,0,0.0,0.08,0.08,0.0,0.08
ENG-Premier League,2526,Crystal Palace,Chadi Riad,MAR,DF,22,2003,9,6,552,6.1,0,1,1,0,0,0,2,0,0.0,0.16,0.16,0.0,0.16
ENG-Premier League,2526,Crystal Palace,Chris Richards,USA,DF,25,2000,33,31,2827,31.4,1,0,1,1,0,0,4,0,0.03,0.0,0.03,0.03,0.03
ENG-Premier League,2526,Crystal Palace,Christantus Uche,NGA,FW,22,2003,14,0,173,1.9,0,0,0,0,0,0,0,0,0.0,0.0,0.0,0.0,0.0
ENG-Premier League,2526,Crystal Palace,Daichi Kamada,JPN,MF,28,1996,28,22,1902,21.1,0,0,0,0,0,0,3,0,0.0,0.0,0.0,0.0,0.0
ENG-Premier League,2526,Crystal Palace,Daniel Muñoz,COL,MF,29,1996,29,29,2399,26.7,4,3,7,4,0,0,7,0,0.15,0.11,0.26,0.15,0.26
ENG-Premier League,2526,Crystal Palace,Dean Henderson,ENG,GK,28,1997,37,37,3330,37.0,0,0,0,0,0,0,5,0,0.0,0.0,0.0,0.0,0.0
ENG-Premier League,2526,Crystal Palace,Eberechi Eze,ENG,MF,27,1998,1,1,83,0.9,0,0,0,0,0,0,0,0,0.0,0.0,0.0,0.0,0.0
ENG-Premier League,2526,Crystal Palace,Eddie Nketiah,ENG,MF,26,1999,12,2,424,4.7,2,0,2,2,0,0,2,0,0.42,0.0,0.42,0.42,0.42
ENG-Premier League,2526,Crystal Palace,Evann Guessand,CIV,MF,24,2001,8,3,330,3.7,1,1,2,1,0,0,0,0,0.27,0.27,0.55,0.27,0.55
ENG-Premier League,2526,Crystal Palace,Ismaila Sarr,SEN,MF,27,1998,28,24,2174,24.2,9,1,10,6,3,3,2,0,0.37,0.04,0.41,0.25,0.29
ENG-Premier League,2526,Crystal Palace,Jaydee Canvot,FRA,DF,19,2006,20,14,1336,14.8,0,0,0,0,0,0,3,0,0.0,0.0,0.0,0.0,0.0
ENG-Premier League,2526,Crystal Palace,Jean-Philippe Mateta,FRA,FW,28,1997,32,25,2218,24.6,12,0,12,8,4,4,2,0,0.49,0.0,0.49,0.32,0.32
ENG-Premier League,2526,Crystal Palace,Jefferson Lerma,COL,"MF,DF",30,1994,31,18,1733,19.3,0,2,2,0,0,0,7,0,0.0,0.1,0.1,0.0,0.1
ENG-Premier League,2526,Crystal Palace,Joél Drakes-Thomas,ENG,MF,16,2009,2,0,9,0.1,0,0,0,0,0,0,0,0,0.0,0.0,0.0,0.0,0.0
ENG-Premier League,2526,Crystal Palace,Justin Devenny,NIR,"MF,FW",21,2003,21,7,796,8.8,1,0,1,0,1,1,0,0,0.11,0.0,0.11,0.0,0.0
ENG-Premier League,2526,Crystal Palace,Jørgen Strand Larsen,NOR,FW,25,2000,14,12,903,10.0,3,0,3,3,0,0,2,0,0.3,0.0,0.3,0.3,0.3
ENG-Premier League,2526,Crystal Palace,Kaden Rodney,ENG,"DF,MF",20,2004,1,0,4,0.0,0,0,0,0,0,0,0,0,0.0,0.0,0.0,0.0,0.0
ENG-Premier League,2526,Crystal Palace,Marc Guéhi,ENG,DF,25,2000,20,20,1800,20.0,2,2,4,2,0,0,4,0,0.1,0.1,0.2,0.1,0.2
ENG-Premier League,2526,Crystal Palace,Maxence Lacroix,FRA,DF,25,2000,35,35,3085,34.3,1,2,3,1,0,0,4,1,0.03,0.06,0.09,0.03,0.09
ENG-Premier League,2526,Crystal Palace,Nathaniel Clyne,ENG,"MF,DF",34,1991,10,7,594,6.6,0,1,1,0,0,0,1,0,0.0,0.15,0.15,0.0,0.15
ENG-Premier League,2526,Crystal Palace,Odsonne Édouard,FRA,FW,27,1998,1,0,3,0.0,0,0,0,0,0,0,0,0,0.0,0.0,0.0,0.0,0.0
ENG-Premier League,2526,Crystal Palace,Rio Cardines,TRI,MF,19,2006,1,1,90,1.0,0,0,0,0,0,0,0,0,0.0,0.0,0.0,0.0,0.0
ENG-Premier League,2526,Crystal Palace,Romain Esse,ENG,MF,20,2005,4,0,44,0.5,0,0,0,0,0,0,0,0,0.0,0.0,0.0,0.0,0.0
ENG-Premier League,2526,Crystal Palace,Tyrick Mitchell,ENG,MF,25,1999,38,36,3251,36.1,1,2,3,1,0,0,6,0,0.03,0.06,0.08,0.03,0.08
ENG-Premier League,2526,Crystal Palace,Walter Benítez,ARG,GK,32,1993,1,1,90,1.0,0,0,0,0,0,0,0,0,0.0,0.0,0.0,0.0,0.0
ENG-Premier League,2526,Crystal Palace,Will Hughes,ENG,MF,30,1995,31,19,1571,17.5,0,0,0,0,0,0,7,0,0.0,0.0,0.0,0.0,0.0
ENG-Premier League,2526,Crystal Palace,Yéremy Pino,ESP,"MF,FW",22,2002,34,26,2080,23.1,2,2,4,2,0,0,4,0,0.09,0.09,0.17,0.09,0.17
ENG-Premier League,2526,Everton,Beto,GNB,FW,27,1998,37,17,1568,17.4,9,1,10,9,0,0,3,0,0.52,0.06,0.57,0.52,0.57
ENG-Premier League,2526,Everton,Carlos Alcaraz,ARG,MF,22,2002,20,6,689,7.7,0,1,1,0,0,0,4,0,0.0,0.13,0.13,0.0,0.13
ENG-Premier League,2526,Everton,Dwight McNeil,ENG,MF,25,1999,22,14,1168,13.0,0,1,1,0,0,0,1,0,0.0,0.08,0.08,0.0,0.08
ENG-Premier League,2526,Everton,Harrison Armstrong,ENG,MF,18,2007,13,6,529,5.9,0,0,0,0,0,0,0,0,0.0,0.0,0.0,0.0,0.0
ENG-Premier League,2526,Everton,Idrissa Gueye,SEN,MF,35,1989,25,25,2093,23.3,2,3,5,2,0,0,1,1,0.09,0.13,0.22,0.09,0.22
ENG-Premier League,2526,Everton,Iliman Ndiaye,SEN,MF,25,2000,32,32,2778,30.9,6,3,9,4,2,2,2,0,0.19,0.1,0.29,0.13,0.23
ENG-Premier League,2526,Everton,Jack Grealish,ENG,MF,29,1995,20,18,1627,18.1,2,6,8,2,0,0,5,1,0.11,0.33,0.44,0.11,0.44
ENG-Premier League,2526,Everton,Jake O'Brien,IRL,DF,24,2001,37,35,3120,34.7,1,1,2,1,0,0,6,1,0.03,0.03,0.06,0.03,0.06
ENG-Premier League,2526,Everton,James Garner,ENG,"MF,DF",24,2001,38,38,3413,37.9,2,7,9,2,0,0,12,0,0.05,0.18,0.24,0.05,0.24
ENG-Premier League,2526,Everton,James Tarkowski,ENG,DF,32,1992,37,37,3330,37.0,2,3,5,2,0,0,8,0,0.05,0.08,0.14,0.05,0.14
ENG-Premier League,2526,Everton,Jarrad Branthwaite,ENG,DF,23,2002,10,7,680,7.6,1,0,1,1,0,0,1,0,0.13,0.0,0.13,0.13,0.13
ENG-Premier League,2526,Everton,Jordan Pickford,ENG,GK,31,1994,38,38,3420,38.0,0,0,0,0,0,0,4,0,0.0,0.0,0.0,0.0,0.0
ENG-Premier League,2526,Everton,Kiernan Dewsbury-Hall,ENG,MF,26,1998,31,30,2626,29.2,8,4,12,8,0,0,6,0,0.27,0.14,0.41,0.27,0.41
ENG-Premier League,2526,Everton,Merlin Röhl,GER,MF,23,2002,16,6,682,7.6,1,0,1,1,0,0,0,0,0.13,0.0,0.13,0.13,0.13
ENG-Premier League,2526,Everton,Michael Keane,ENG,DF,32,1993,33,29,2591,28.8,3,1,4,3,0,0,1,1,0.1,0.03,0.14,0.1,0.14
ENG-Premier League,2526,Everton,Nathan Patterson,SCO,DF,23,2001,7,3,241,2.7,0,0,0,0,0,0,0,0,0.0,0.0,0.0,0.0,0.0
ENG-Premier League,2526,Everton,Séamus Coleman,IRL,DF,36,1988,5,1,21,0.2,0,0,0,0,0,0,0,0,0.0,0.0,0.0,0.0,0.0
ENG-Premier League,2526,Everton,Thierno Barry,FRA,FW,22,2002,38,21,1914,21.3,8,0,8,8,0,0,3,0,0.38,0.0,0.38,0.38,0.38
ENG-Premier League,2526,Everton,Tim Iroegbunam,ENG,MF,22,2003,29,17,1487,16.5,0,2,2,0,0,0,9,0,0.0,0.12,0.12,0.0,0.12
ENG-Premier League,2526,Everton,Tyler Dibling,ENG,MF,19,2006,14,4,358,4.0,0,0,0,0,0,0,2,0,0.0,0.0,0.0,0.0,0.0
ENG-Premier League,2526,Everton,Tyrique George,ENG,MF,19,2006,11,1,218,2.4,0,0,0,0,0,0,0,0,0.0,0.0,0.0,0.0,0.0
ENG-Premier League,2526,Everton,Vitaliy Mykolenko,UKR,DF,26,1999,33,33,2958,32.9,0,1,1,0,0,0,6,0,0.0,0.03,0.03,0.0,0.03
ENG-Premier League,2526,Fulham,Adama Traoré,ESP,MF,29,1996,15,1,274,3.0,0,0,0,0,0,0,0,0,0.0,0.0,0.0,0.0,0.0
ENG-Premier League,2526,Fulham,Alex Iwobi,NGA,MF,29,1996,29,29,2419,26.9,4,3,7,4,0,0,3,0,0.15,0.11,0.26,0.15,0.26
ENG-Premier League,2526,Fulham,Antonee Robinson,USA,"DF,MF",27,1997,22,17,1492,16.6,1,0,1,0,1,1,5,0,0.06,0.0,0.06,0.0,0.0
ENG-Premier League,2526,Fulham,Bernd Leno,GER,GK,33,1992,38,38,3420,38.0,0,0,0,0,0,0,3,0,0.0,0.0,0.0,0.0,0.0
ENG-Premier League,2526,Fulham,Calvin Bassey,NGA,DF,25,1999,30,28,2534,28.2,1,0,1,1,0,0,5,0,0.04,0.0,0.04,0.04,0.04
ENG-Premier League,2526,Fulham,Emile Smith Rowe,ENG,MF,25,2000,37,22,1923,21.4,3,0,3,3,0,0,1,0,0.14,0.0,0.14,0.14,0.14
ENG-Premier League,2526,Fulham,Harrison Reed,ENG,MF,30,1995,7,1,94,1.0,1,0,1,1,0,0,0,0,0.96,0.0,0.96,0.96,0.96
ENG-Premier League,2526,Fulham,Harry Wilson,WAL,MF,28,1997,36,32,2673,29.7,10,7,17,10,0,0,7,0,0.34,0.24,0.57,0.34,0.57
ENG-Premier League,2526,Fulham,Issa Diop,MAR,DF,28,1997,13,8,816,9.1,1,0,1,1,0,0,2,0,0.11,0.0,0.11,0.11,0.11
ENG-Premier League,2526,Fulham,Joachim Andersen,DEN,DF,29,1996,33,33,2875,31.9,0,1,1,0,0,0,7,1,0.0,0.03,0.03,0.0,0.03
ENG-Premier League,2526,Fulham,Jonah Kusi-Asare,SWE,FW,18,2007,7,0,55,0.6,0,0,0,0,0,0,1,0,0.0,0.0,0.0,0.0,0.0
ENG-Premier League,2526,Fulham,Jorge Cuenca,ESP,DF,25,1999,15,11,938,10.4,0,0,0,0,0,0,6,0,0.0,0.0,0.0,0.0,0.0
ENG-Premier League,2526,Fulham,Joshua King,ENG,MF,18,2007,32,15,1308,14.5,1,2,3,1,0,0,4,0,0.07,0.14,0.21,0.07,0.21
ENG-Premier League,2526,Fulham,Kenny Tete,NED,DF,29,1995,22,21,1791,19.9,1,0,1,1,0,0,2,0,0.05,0.0,0.05,0.05,0.05
ENG-Premier League,2526,Fulham,Kevin,BRA,MF,22,2003,26,9,1041,11.6,1,1,2,1,0,0,1,0,0.09,0.09,0.17,0.09,0.17
ENG-Premier League,2526,Fulham,Oscar Bobb,NOR,MF,22,2003,14,6,571,6.3,0,0,0,0,0,0,0,0,0.0,0.0,0.0,0.0,0.0
ENG-Premier League,2526,Fulham,Raúl Jiménez,MEX,FW,34,1991,36,27,2189,24.3,9,3,12,5,4,4,5,0,0.37,0.12,0.49,0.21,0.33
ENG-Premier League,2526,Fulham,Rodrigo Muniz,BRA,FW,24,2001,21,10,1000,11.1,1,1,2,1,0,0,2,0,0.09,0.09,0.18,0.09,0.18
ENG-Premier League,2526,Fulham,Ryan Sessegnon,ENG,"DF,MF",25,2000,27,20,1823,20.3,3,1,4,3,0,0,0,0,0.15,0.05,0.2,0.15,0.2
ENG-Premier League,2526,Fulham,Samuel Chukwueze,NGA,MF,26,1999,23,10,1079,12.0,3,4,7,3,0,0,0,0,0.25,0.33,0.58,0.25,0.58
ENG-Premier League,2526,Fulham,Sander Berge,NOR,MF,27,1998,35,34,2905,32.3,0,1,1,0,0,0,5,0,0.0,0.03,0.03,0.0,0.03
ENG-Premier League,2526,Fulham,Saša Lukić,SRB,MF,28,1996,26,20,1734,19.3,1,2,3,1,0,0,9,0,0.05,0.1,0.16,0.05,0.16
ENG-Premier League,2526,Fulham,Timothy Castagne,BEL,"DF,MF",29,1995,30,20,1845,20.5,0,0,0,0,0,0,4,0,0.0,0.0,0.0,0.0,0.0
ENG-Premier League,2526,Fulham,Tom Cairney,SCO,MF,34,1991,24,6,775,8.6,2,0,2,2,0,0,3,0,0.23,0.0,0.23,0.23,0.23
ENG-Premier League,2526,Leeds United,Anton Stach,GER,MF,26,1998,29,28,2370,26.3,5,3,8,5,0,0,3,0,0.19,0.11,0.3,0.19,0.3
ENG-Premier League,2526,Leeds United,Ao Tanaka,JPN,MF,26,1998,28,14,1315,14.6,2,0,2,2,0,0,1,0,0.14,0.0,0.14,0.14,0.14
ENG-Premier League,2526,Leeds United,Brenden Aaronson,USA,"MF,FW",24,2000,37,30,2449,27.2,4,5,9,4,0,0,3,0,0.15,0.18,0.33,0.15,0.33
ENG-Premier League,2526,Leeds United,Daniel James,WAL,"FW,MF",27,1997,19,6,559,6.2,0,0,0,0,0,0,0,0,0.0,0.0,0.0,0.0,0.0
ENG-Premier League,2526,Leeds United,Dominic Calvert-Lewin,ENG,FW,28,1997,35,30,2721,30.2,14,1,15,10,4,5,3,0,0.46,0.03,0.5,0.33,0.36
ENG-Premier League,2526,Leeds United,Ethan Ampadu,WAL,MF,24,2000,35,35,3119,34.7,1,1,2,1,0,0,10,0,0.03,0.03,0.06,0.03,0.06
ENG-Premier League,2526,Leeds United,Facundo Buonanotte,ARG,MF,20,2004,3,0,39,0.4,0,0,0,0,0,0,1,0,0.0,0.0,0.0,0.0,0.0
ENG-Premier League,2526,Leeds United,Gabriel Gudmundsson,SWE,"DF,MF",26,1999,32,31,2631,29.2,0,0,0,0,0,0,6,1,0.0,0.0,0.0,0.0,0.0
ENG-Premier League,2526,Leeds United,Ilia Gruev,BUL,MF,25,2000,23,15,1323,14.7,0,3,3,0,0,0,3,0,0.0,0.2,0.2,0.0,0.2
ENG-Premier League,2526,Leeds United,Jack Harrison,ENG,FW,28,1996,11,1,269,3.0,0,0,0,0,0,0,0,0,0.0,0.0,0.0,0.0,0.0
ENG-Premier League,2526,Leeds United,Jaka Bijol,SVN,DF,26,1999,25,21,1890,21.0,1,2,3,1,0,0,4,0,0.05,0.1,0.14,0.05,0.14
ENG-Premier League,2526,Leeds United,James Justin,ENG,"DF,MF",27,1998,29,21,1901,21.1,2,1,3,2,0,0,4,0,0.09,0.05,0.14,0.09,0.14
ENG-Premier League,2526,Leeds United,Jayden Bogle,ENG,"MF,DF",25,2000,34,32,2793,31.0,1,2,3,1,0,0,6,0,0.03,0.06,0.1,0.03,0.1
ENG-Premier League,2526,Leeds United,Joe Rodon,WAL,DF,27,1997,35,33,2951,32.8,2,0,2,2,0,0,3,0,0.06,0.0,0.06,0.06,0.06
ENG-Premier League,2526,Leeds United,Joël Piroe,SUR,FW,25,1999,16,2,258,2.9,0,0,0,0,0,0,0,0,0.0,0.0,0.0,0.0,0.0
ENG-Premier League,2526,Leeds United,Karl Darlow,WAL,GK,34,1990,22,22,1980,22.0,0,0,0,0,0,0,1,0,0.0,0.0,0.0,0.0,0.0
ENG-Premier League,2526,Leeds United,Lucas Perri,BRA,GK,27,1997,16,16,1440,16.0,0,0,0,0,0,0,2,0,0.0,0.0,0.0,0.0,0.0
ENG-Premier League,2526,Leeds United,Lukas Nmecha,GER,FW,26,1998,31,10,1083,12.0,6,1,7,4,2,3,0,0,0.5,0.08,0.58,0.33,0.42
ENG-Premier League,2526,Leeds United,Noah Okafor,SUI,"FW,MF",25,2000,28,19,1561,17.3,8,1,9,8,0,0,3,0,0.46,0.06,0.52,0.46,0.52
ENG-Premier League,2526,Leeds United,Pascal Struijk,NED,DF,25,1999,34,33,2936,32.6,0,1,1,0,0,0,5,0,0.0,0.03,0.03,0.0,0.03
ENG-Premier League,2526,Leeds United,Sam Byram,ENG,"DF,MF",31,1993,2,0,9,0.1,0,0,0,0,0,0,0,0,0.0,0.0,0.0,0.0,0.0
ENG-Premier League,2526,Leeds United,Sean Longstaff,ENG,MF,27,1997,23,10,1011,11.2,2,2,4,2,0,0,2,0,0.18,0.18,0.36,0.18,0.36
ENG-Premier League,2526,Leeds United,Sebastiaan Bornauw,BEL,DF,26,1999,12,5,429,4.8,0,0,0,0,0,0,1,0,0.0,0.0,0.0,0.0,0.0
ENG-Premier League,2526,Leeds United,Wilfried Gnonto,ITA,FW,21,2003,23,4,537,6.0,0,1,1,0,0,0,3,0,0.0,0.17,0.17,0.0,0.17
ENG-Premier League,2526,Liverpool,Alexander Isak,SWE,FW,25,1999,14,8,699,7.8,3,1,4,3,0,0,0,0,0.39,0.13,0.52,0.39,0.52
ENG-Premier League,2526,Liverpool,Alexis Mac Allister,ARG,MF,26,1998,37,31,2658,29.5,2,4,6,2,0,0,7,0,0.07,0.14,0.2,0.07,0.2
ENG-Premier League,2526,Liverpool,Alisson,BRA,GK,32,1992,26,26,2340,26.0,0,0,0,0,0,0,1,0,0.0,0.0,0.0,0.0,0.0
ENG-Premier League,2526,Liverpool,Andy Robertson,SCO,DF,31,1994,24,11,1176,13.1,1,0,1,1,0,0,0,0,0.08,0.0,0.08,0.08,0.08
ENG-Premier League,2526,Liverpool,Cody Gakpo,NED,"MF,FW",26,1999,36,32,2737,30.4,7,5,12,7,0,0,3,0,0.23,0.16,0.39,0.23,0.39
ENG-Premier League,2526,Liverpool,Conor Bradley,NIR,DF,22,2003,15,12,929,10.3,0,1,1,0,0,0,5,0,0.0,0.1,0.1,0.0,0.1
ENG-Premier League,2526,Liverpool,Curtis Jones,ENG,"MF,DF",24,2001,34,18,1937,21.5,1,2,3,1,0,0,2,0,0.05,0.09,0.14,0.05,0.14
ENG-Premier League,2526,Liverpool,Dominik Szoboszlai,HUN,"MF,DF",24,2000,36,36,3231,35.9,6,7,13,6,0,1,8,1,0.17,0.19,0.36,0.17,0.36
ENG-Premier League,2526,Liverpool,Federico Chiesa,ITA,MF,27,1997,26,1,339,3.8,2,1,3,2,0,0,3,0,0.53,0.27,0.8,0.53,0.8
ENG-Premier League,2526,Liverpool,Florian Wirtz,GER,MF,22,2003,33,27,2378,26.4,5,3,8,5,0,0,1,0,0.19,0.11,0.3,0.19,0.3
ENG-Premier League,2526,Liverpool,Freddie Woodman,ENG,GK,28,1997,3,2,213,2.4,0,0,0,0,0,0,0,0,0.0,0.0,0.0,0.0,0.0
ENG-Premier League,2526,Liverpool,Giorgi Mamardashvili,GEO,GK,24,2000,10,10,867,9.6,0,0,0,0,0,0,0,0,0.0,0.0,0.0,0.0,0.0
ENG-Premier League,2526,Liverpool,Harvey Elliott,ENG,"FW,MF",22,2003,1,0,1,0.0,0,0,0,0,0,0,0,0,0.0,0.0,0.0,0.0,0.0
ENG-Premier League,2526,Liverpool,Hugo Ekitike,FRA,FW,23,2002,28,21,1803,20.0,11,4,15,11,0,0,0,0,0.55,0.2,0.75,0.55,0.75
ENG-Premier League,2526,Liverpool,Ibrahima Konaté,FRA,DF,26,1999,36,36,3090,34.3,1,0,1,1,0,0,7,0,0.03,0.0,0.03,0.03,0.03
ENG-Premier League,2526,Liverpool,Jeremie Frimpong,NED,"DF,MF",24,2000,21,12,1040,11.6,0,1,1,0,0,0,1,0,0.0,0.09,0.09,0.0,0.09
ENG-Premier League,2526,Liverpool,Joe Gomez,ENG,DF,28,1997,21,7,607,6.7,0,2,2,0,0,0,4,0,0.0,0.3,0.3,0.0,0.3
ENG-Premier League,2526,Liverpool,Milos Kerkez,HUN,DF,21,2003,34,27,2257,25.1,2,1,3,2,0,0,4,0,0.08,0.04,0.12,0.08,0.12
ENG-Premier League,2526,Liverpool,Mohamed Salah,EGY,MF,33,1992,27,23,2146,23.8,7,7,14,6,1,1,1,0,0.29,0.29,0.59,0.25,0.55
ENG-Premier League,2526,Liverpool,Rio Ngumoha,ENG,MF,16,2008,19,5,560,6.2,2,1,3,2,0,0,0,0,0.32,0.16,0.48,0.32,0.48
ENG-Premier League,2526,Liverpool,Ryan Gravenberch,NED,MF,23,2002,36,34,2992,33.2,5,3,8,5,0,0,5,0,0.15,0.09,0.24,0.15,0.24
ENG-Premier League,2526,Liverpool,Trey Nyoni,ENG,MF,18,2007,6,0,24,0.3,0,0,0,0,0,0,0,0,0.0,0.0,0.0,0.0,0.0
ENG-Premier League,2526,Liverpool,Virgil van Dijk,NED,DF,34,1991,38,38,3420,38.0,6,0,6,6,0,0,4,0,0.16,0.0,0.16,0.16,0.16
ENG-Premier League,2526,Liverpool,Wataru Endo,JPN,DF,32,1993,8,1,175,1.9,0,1,1,0,0,0,1,0,0.0,0.51,0.51,0.0,0.51
ENG-Premier League,2526,Manchester City,Abdukodir Khusanov,UZB,DF,21,2004,21,15,1432,15.9,0,0,0,0,0,0,2,0,0.0,0.0,0.0,0.0,0.0
ENG-Premier League,2526,Manchester City,Antoine Semenyo,GHA,"MF,FW",25,2000,17,17,1397,15.5,7,1,8,7,0,0,1,0,0.45,0.06,0.52,0.45,0.52
ENG-Premier League,2526,Manchester City,Bernardo Silva,POR,MF,30,1994,38,34,2872,31.9,2,4,6,2,0,0,10,0,0.06,0.13,0.19,0.06,0.19
ENG-Premier League,2526,Manchester City,Divine Mukasa,ENG,MF,17,2007,2,0,27,0.3,0,0,0,0,0,0,0,0,0.0,0.0,0.0,0.0,0.0
ENG-Premier League,2526,Manchester City,Erling Haaland,NOR,FW,25,2000,35,34,2953,32.8,27,8,35,24,3,4,2,0,0.82,0.24,1.07,0.73,0.98
ENG-Premier League,2526,Manchester City,Gianluigi Donnarumma,ITA,GK,26,1999,34,34,3060,34.0,0,0,0,0,0,0,8,0,0.0,0.0,0.0,0.0,0.0
ENG-Premier League,2526,Manchester City,James Trafford,ENG,GK,22,2002,4,4,360,4.0,0,0,0,0,0,0,0,0,0.0,0.0,0.0,0.0,0.0
ENG-Premier League,2526,Manchester City,Jeremy Doku,BEL,"MF,FW",23,2002,30,19,1784,19.8,5,5,10,5,0,0,0,0,0.25,0.25,0.5,0.25,0.5
ENG-Premier League,2526,Manchester City,John Stones,ENG,DF,31,1994,9,5,439,4.9,0,0,0,0,0,0,0,0,0.0,0.0,0.0,0.0,0.0
ENG-Premier League,2526,Manchester City,Joško Gvardiol,CRO,DF,23,2002,18,16,1372,15.2,2,2,4,2,0,0,2,0,0.13,0.13,0.26,0.13,0.26
ENG-Premier League,2526,Manchester City,Marc Guéhi,ENG,DF,25,2000,15,15,1350,15.0,1,1,2,1,0,0,2,0,0.07,0.07,0.13,0.07,0.13
ENG-Premier League,2526,Manchester City,Mateo Kovačić,CRO,MF,31,1994,6,1,130,1.4,0,1,1,0,0,0,0,0,0.0,0.69,0.69,0.0,0.69
ENG-Premier League,2526,Manchester City,Matheus Nunes,POR,DF,26,1998,34,32,2862,31.8,1,5,6,1,0,0,5,0,0.03,0.16,0.19,0.03,0.19
ENG-Premier League,2526,Manchester City,Max Alleyne,ENG,DF,20,2005,2,2,135,1.5,0,0,0,0,0,0,0,0,0.0,0.0,0.0,0.0,0.0
ENG-Premier League,2526,Manchester City,Nathan Aké,NED,DF,30,1995,18,6,695,7.7,0,0,0,0,0,0,1,0,0.0,0.0,0.0,0.0,0.0
ENG-Premier League,2526,Manchester City,Nico O'Reilly,ENG,"DF,MF",20,2005,34,29,2646,29.4,5,3,8,5,0,0,5,0,0.17,0.1,0.27,0.17,0.27
ENG-Premier League,2526,Manchester City,Nicolás González,ESP,MF,23,2002,25,17,1569,17.4,1,0,1,1,0,0,6,0,0.06,0.0,0.06,0.06,0.06
ENG-Premier League,2526,Manchester City,Omar Marmoush,EGY,"FW,MF",26,1999,21,8,700,7.8,3,3,6,3,0,0,3,0,0.39,0.39,0.77,0.39,0.77
ENG-Premier League,2526,Manchester City,Oscar Bobb,NOR,"MF,FW",22,2003,9,5,468,5.2,0,1,1,0,0,0,1,0,0.0,0.19,0.19,0.0,0.19
ENG-Premier League,2526,Manchester City,Phil Foden,ENG,MF,25,2000,33,23,2086,23.2,7,5,12,7,0,0,4,0,0.3,0.22,0.52,0.3,0.52
ENG-Premier League,2526,Manchester City,Rayan Aït-Nouri,ALG,DF,24,2001,17,12,974,10.8,0,2,2,0,0,0,2,0,0.0,0.18,0.18,0.0,0.18
ENG-Premier League,2526,Manchester City,Rayan Cherki,FRA,MF,21,2003,33,19,1786,19.8,4,12,16,4,0,0,1,0,0.2,0.6,0.81,0.2,0.81
ENG-Premier League,2526,Manchester City,Rico Lewis,ENG,DF,20,2004,11,4,407,4.5,0,1,1,0,0,0,2,0,0.0,0.22,0.22,0.0,0.22
ENG-Premier League,2526,Manchester City,Rodri,ESP,MF,29,1996,21,17,1511,16.8,1,0,1,1,0,0,3,0,0.06,0.0,0.06,0.06,0.06
ENG-Premier League,2526,Manchester City,Rúben Dias,POR,DF,28,1997,26,24,2141,23.8,2,0,2,2,0,0,3,0,0.08,0.0,0.08,0.08,0.08
ENG-Premier League,2526,Manchester City,Sávio,BRA,MF,21,2004,24,7,833,9.3,1,1,2,1,0,0,2,0,0.11,0.11,0.22,0.11,0.22
ENG-Premier League,2526,Manchester City,Tijjani Reijnders,NED,MF,27,1998,28,19,1631,18.1,5,2,7,5,0,0,2,0,0.28,0.11,0.39,0.28,0.39
ENG-Premier League,2526,Manchester Utd,Altay Bayındır,TUR,GK,27,1998,6,6,540,6.0,0,0,0,0,0,0,0,0,0.0,0.0,0.0,0.0,0.0
ENG-Premier League,2526,Manchester Utd,Amad Diallo,CIV,MF,23,2002,32,27,2341,26.0,2,3,5,2,0,0,2,0,0.08,0.12,0.19,0.08,0.19
ENG-Premier League,2526,Manchester Utd,Ayden Heaven,ENG,DF,18,2006,17,11,924,10.3,0,1,1,0,0,0,2,0,0.0,0.1,0.1,0.0,0.1
ENG-Premier League,2526,Manchester Utd,Bendito Mantato,ENG,MF,17,2008,1,0,16,0.2,0,0,0,0,0,0,0,0,0.0,0.0,0.0,0.0,0.0
ENG-Premier League,2526,Manchester Utd,Benjamin Šeško,SVN,FW,22,2003,30,17,1643,18.3,11,1,12,11,0,0,2,0,0.6,0.05,0.66,0.6,0.66
ENG-Premier League,2526,Manchester Utd,Bruno Fernandes,POR,MF,30,1994,35,35,3063,34.0,9,21,30,5,4,6,5,0,0.26,0.62,0.88,0.15,0.76
ENG-Premier League,2526,Manchester Utd,Bryan Mbeumo,CMR,"MF,FW",25,1999,33,31,2609,29.0,11,3,14,11,0,0,4,0,0.38,0.1,0.48,0.38,0.48
ENG-Premier League,2526,Manchester Utd,Casemiro,BRA,MF,33,1992,34,33,2571,28.6,9,2,11,9,0,0,11,1,0.32,0.07,0.39,0.32,0.39
ENG-Premier League,2526,Manchester Utd,Diogo Dalot,POR,"DF,MF",26,1999,34,29,2614,29.0,1,3,4,1,0,0,5,0,0.03,0.1,0.14,0.03,0.14
ENG-Premier League,2526,Manchester Utd,Harry Maguire,ENG,DF,32,1993,23,19,1653,18.4,1,2,3,1,0,0,3,1,0.05,0.11,0.16,0.05,0.16
ENG-Premier League,2526,Manchester Utd,Jack Fletcher,ENG,MF,18,2007,3,0,108,1.2,0,0,0,0,0,0,0,0,0.0,0.0,0.0,0.0,0.0
ENG-Premier League,2526,Manchester Utd,Joshua Zirkzee,NED,"FW,MF",24,2001,24,5,626,7.0,2,1,3,2,0,0,3,0,0.29,0.14,0.43,0.29,0.43
ENG-Premier League,2526,Manchester Utd,Kobbie Mainoo,ENG,MF,20,2005,28,16,1662,18.5,1,2,3,1,0,0,2,0,0.05,0.11,0.16,0.05,0.16
ENG-Premier League,2526,Manchester Utd,Leny Yoro,FRA,DF,19,2005,32,18,1740,19.3,0,0,0,0,0,0,1,0,0.0,0.0,0.0,0.0,0.0
ENG-Premier League,2526,Manchester Utd,Lisandro Martínez,ARG,DF,27,1998,18,13,1233,13.7,0,0,0,0,0,0,0,1,0.0,0.0,0.0,0.0,0.0
ENG-Premier League,2526,Manchester Utd,Luke Shaw,ENG,DF,30,1995,38,38,3219,35.8,1,1,2,1,0,0,9,0,0.03,0.03,0.06,0.03,0.06
ENG-Premier League,2526,Manchester Utd,Manuel Ugarte,URU,MF,24,2001,22,8,887,9.9,0,0,0,0,0,0,1,0,0.0,0.0,0.0,0.0,0.0
ENG-Premier League,2526,Manchester Utd,Mason Mount,ENG,MF,26,1999,23,12,1017,11.3,3,0,3,3,0,0,2,0,0.27,0.0,0.27,0.27,0.27
ENG-Premier League,2526,Manchester Utd,Matheus Cunha,BRA,"MF,FW",26,1999,33,29,2494,27.7,10,2,12,10,0,0,4,0,0.36,0.07,0.43,0.36,0.43
ENG-Premier League,2526,Manchester Utd,Matthijs de Ligt,NED,DF,25,1999,13,13,1170,13.0,1,0,1,1,0,0,0,0,0.08,0.0,0.08,0.08,0.08
ENG-Premier League,2526,Manchester Utd,Noussair Mazraoui,MAR,"DF,MF",27,1997,20,11,985,10.9,0,0,0,0,0,0,3,0,0.0,0.0,0.0,0.0,0.0
ENG-Premier League,2526,Manchester Utd,Patrick Dorgu,DEN,MF,20,2004,26,15,1449,16.1,4,4,8,4,0,0,5,0,0.25,0.25,0.5,0.25,0.5
ENG-Premier League,2526,Manchester Utd,Senne Lammens,BEL,GK,23,2002,32,32,2880,32.0,0,0,0,0,0,0,0,0,0.0,0.0,0.0,0.0,0.0
ENG-Premier League,2526,Manchester Utd,Shea Lacey,ENG,FW,18,2007,3,0,43,0.5,0,0,0,0,0,0,0,0,0.0,0.0,0.0,0.0,0.0
ENG-Premier League,2526,Manchester Utd,Tyler Fletcher,SCO,MF,18,2007,2,0,18,0.2,0,0,0,0,0,0,0,0,0.0,0.0,0.0,0.0,0.0
ENG-Premier League,2526,Manchester Utd,Tyler Fredricson,ENG,DF,20,2005,1,0,3,0.0,0,0,0,0,0,0,0,0,0.0,0.0,0.0,0.0,0.0
ENG-Premier League,2526,Manchester Utd,Tyrell Malacia,NED,DF,25,1999,3,0,18,0.2,0,0,0,0,0,0,0,0,0.0,0.0,0.0,0.0,0.0
ENG-Premier League,2526,Newcastle,Aaron Ramsdale,ENG,GK,27,1998,12,11,1004,11.2,0,0,0,0,0,0,2,0,0.0,0.0,0.0,0.0,0.0
ENG-Premier League,2526,Newcastle,Alex Murphy,IRL,DF,21,2004,2,0,9,0.1,0,0,0,0,0,0,0,0,0.0,0.0,0.0,0.0,0.0
ENG-Premier League,2526,Newcastle,Anthony Elanga,SWE,"FW,MF",23,2002,32,14,1319,14.7,0,1,1,0,0,0,0,0,0.0,0.07,0.07,0.0,0.07
ENG-Premier League,2526,Newcastle,Anthony Gordon,ENG,FW,24,2001,26,24,1795,19.9,6,2,8,3,3,3,3,1,0.3,0.1,0.4,0.15,0.25
ENG-Premier League,2526,Newcastle,Bruno Guimarães,BRA,MF,27,1997,29,27,2453,27.3,9,5,14,7,2,2,6,0,0.33,0.18,0.51,0.26,0.44
ENG-Premier League,2526,Newcastle,Dan Burn,ENG,DF,33,1992,29,25,2199,24.4,1,2,3,1,0,0,11,1,0.04,0.08,0.12,0.04,0.12
ENG-Premier League,2526,Newcastle,Emil Krafth,SWE,DF,30,1994,1,1,45,0.5,0,0,0,0,0,0,0,0,0.0,0.0,0.0,0.0,0.0
ENG-Premier League,2526,Newcastle,Fabian Schär,SUI,DF,33,1991,16,11,1091,12.1,0,0,0,0,0,0,1,0,0.0,0.0,0.0,0.0,0.0
ENG-Premier League,2526,Newcastle,Harvey Barnes,ENG,"FW,MF",27,1997,37,19,1966,21.8,7,1,8,7,0,0,1,0,0.32,0.05,0.37,0.32,0.37
ENG-Premier League,2526,Newcastle,Jacob Murphy,ENG,"FW,MF",30,1995,33,19,1617,18.0,3,2,5,3,0,0,2,0,0.17,0.11,0.28,0.17,0.28
ENG-Premier League,2526,Newcastle,Jacob Ramsey,ENG,MF,24,2001,28,15,1450,16.1,2,3,5,2,0,0,5,1,0.12,0.19,0.31,0.12,0.31
ENG-Premier League,2526,Newcastle,Jamaal Lascelles,ENG,DF,31,1993,2,0,21,0.2,0,0,0,0,0,0,0,0,0.0,0.0,0.0,0.0,0.0
ENG-Premier League,2526,Newcastle,Joe Willock,ENG,MF,25,1999,24,10,983,10.9,0,2,2,0,0,0,3,0,0.0,0.18,0.18,0.0,0.18
ENG-Premier League,2526,Newcastle,Joelinton,BRA,MF,28,1996,27,23,1951,21.7,2,1,3,2,0,0,10,0,0.09,0.05,0.14,0.09,0.14
ENG-Premier League,2526,Newcastle,Kieran Trippier,ENG,DF,34,1990,21,18,1586,17.6,0,1,1,0,0,0,3,0,0.0,0.06,0.06,0.0,0.06
ENG-Premier League,2526,Newcastle,Lewis Hall,ENG,DF,20,2004,30,24,2181,24.2,1,1,2,1,0,0,4,0,0.04,0.04,0.08,0.04,0.08
ENG-Premier League,2526,Newcastle,Lewis Miley,ENG,"MF,DF",19,2006,23,15,1496,16.6,1,4,5,1,0,0,0,0,0.06,0.24,0.3,0.06,0.3
ENG-Premier League,2526,Newcastle,Malick Thiaw,GER,DF,23,2001,35,33,2965,32.9,4,0,4,4,0,0,4,0,0.12,0.0,0.12,0.12,0.12
ENG-Premier League,2526,Newcastle,Nick Pope,ENG,GK,33,1992,27,27,2416,26.8,0,0,0,0,0,0,2,0,0.0,0.0,0.0,0.0,0.0
ENG-Premier League,2526,Newcastle,Nick Woltemade,GER,"FW,MF",23,2002,33,24,1902,21.1,8,3,11,7,1,1,0,0,0.38,0.14,0.52,0.33,0.47
ENG-Premier League,2526,Newcastle,Sandro Tonali,ITA,MF,25,2000,35,31,2534,28.2,0,2,2,0,0,0,4,0,0.0,0.07,0.07,0.0,0.07
ENG-Premier League,2526,Newcastle,Sean Neave,ENG,FW,18,2007,1,0,14,0.2,0,0,0,0,0,0,0,0,0.0,0.0,0.0,0.0,0.0
ENG-Premier League,2526,Newcastle,Sven Botman,NED,DF,25,2000,25,21,1835,20.4,1,1,2,1,0,0,2,0,0.05,0.05,0.1,0.05,0.1
ENG-Premier League,2526,Newcastle,Tino Livramento,ENG,DF,22,2002,17,14,1328,14.8,0,1,1,0,0,0,1,0,0.0,0.07,0.07,0.0,0.07
ENG-Premier League,2526,Newcastle,William Osula,DEN,FW,21,2003,24,8,819,9.1,7,0,7,7,0,0,0,0,0.77,0.0,0.77,0.77,0.77
ENG-Premier League,2526,Newcastle,Yoane Wissa,COD,FW,28,1996,19,4,531,5.9,1,1,2,1,0,0,3,0,0.17,0.17,0.34,0.17,0.34
ENG-Premier League,2526,Nottingham,Angus Gunn,SCO,GK,29,1996,1,0,45,0.5,0,0,0,0,0,0,0,0,0.0,0.0,0.0,0.0,0.0
ENG-Premier League,2526,Nottingham,Arnaud Kalimuendo,FRA,FW,23,2002,9,0,96,1.1,0,0,0,0,0,0,0,0,0.0,0.0,0.0,0.0,0.0
ENG-Premier League,2526,Nottingham,Callum Hudson-Odoi,ENG,MF,24,2000,30,21,1841,20.5,3,4,7,3,0,0,0,0,0.15,0.2,0.34,0.15,0.34
ENG-Premier League,2526,Nottingham,Chris Wood,NZL,FW,33,1991,15,11,901,10.0,3,0,3,3,0,0,0,0,0.3,0.0,0.3,0.3,0.3
ENG-Premier League,2526,Nottingham,Dan Ndoye,SUI,MF,24,2000,24,14,1173,13.0,1,1,2,1,0,0,1,0,0.08,0.08,0.15,0.08,0.15
ENG-Premier League,2526,Nottingham,Dilane Bakwa,FRA,MF,22,2002,14,6,553,6.1,0,2,2,0,0,0,1,0,0.0,0.33,0.33,0.0,0.33
ENG-Premier League,2526,Nottingham,Douglas Luiz,BRA,MF,27,1998,8,5,315,3.5,0,0,0,0,0,0,2,0,0.0,0.0,0.0,0.0,0.0
ENG-Premier League,2526,Nottingham,Elliot Anderson,ENG,MF,22,2002,38,37,3331,37.0,4,4,8,3,1,1,8,0,0.11,0.11,0.22,0.08,0.19
ENG-Premier League,2526,Nottingham,Ibrahim Sangaré,CIV,MF,27,1997,28,25,2075,23.1,2,2,4,2,0,0,5,0,0.09,0.09,0.17,0.09,0.17
ENG-Premier League,2526,Nottingham,Igor Jesus,BRA,FW,24,2001,37,28,2298,25.5,6,4,10,5,1,1,2,0,0.23,0.16,0.39,0.2,0.35
ENG-Premier League,2526,Nottingham,Jair Cunha,BRA,DF,20,2005,9,6,517,5.7,0,0,0,0,0,0,0,0,0.0,0.0,0.0,0.0,0.0
ENG-Premier League,2526,Nottingham,James Mcatee,ENG,MF,22,2002,14,2,298,3.3,0,1,1,0,0,0,1,0,0.0,0.3,0.3,0.0,0.3
ENG-Premier League,2526,Nottingham,John,BRA,GK,29,1996,5,5,437,4.9,0,0,0,0,0,0,1,0,0.0,0.0,0.0,0.0,0.0
ENG-Premier League,2526,Nottingham,Jota Silva,POR,FW,25,1999,1,0,12,0.1,0,0,0,0,0,0,0,0,0.0,0.0,0.0,0.0,0.0
ENG-Premier League,2526,Nottingham,Lorenzo Lucca,ITA,FW,24,2000,4,1,129,1.4,1,0,1,1,0,0,0,0,0.7,0.0,0.7,0.7,0.7
ENG-Premier League,2526,Nottingham,Luca Netz,GER,"DF,MF",22,2003,7,3,357,4.0,0,0,0,0,0,0,0,0,0.0,0.0,0.0,0.0,0.0
ENG-Premier League,2526,Nottingham,Matz Sels,BEL,GK,33,1992,31,30,2668,29.6,0,0,0,0,0,0,2,0,0.0,0.0,0.0,0.0,0.0
ENG-Premier League,2526,Nottingham,Morato,BRA,DF,24,2001,21,14,1345,14.9,1,0,1,1,0,0,5,0,0.07,0.0,0.07,0.07,0.07
ENG-Premier League,2526,Nottingham,Morgan Gibbs-White,ENG,MF,25,2000,37,35,3097,34.4,15,4,19,14,1,1,1,0,0.44,0.12,0.55,0.41,0.52
ENG-Premier League,2526,Nottingham,Murillo,BRA,DF,23,2002,25,25,2130,23.7,1,0,1,1,0,0,5,0,0.04,0.0,0.04,0.04,0.04
ENG-Premier League,2526,Nottingham,Neco Williams,WAL,DF,24,2001,37,36,3204,35.6,2,3,5,2,0,0,6,1,0.06,0.08,0.14,0.06,0.14
ENG-Premier League,2526,Nottingham,Nicolás Domínguez,ARG,MF,27,1998,27,17,1175,13.1,1,1,2,1,0,0,3,0,0.08,0.08,0.15,0.08,0.15
ENG-Premier League,2526,Nottingham,Nicolò Savona,ITA,DF,22,2003,14,11,1028,11.4,2,0,2,2,0,0,2,0,0.18,0.0,0.18,0.18,0.18
ENG-Premier League,2526,Nottingham,Nikola Milenković,SRB,DF,27,1997,38,37,3375,37.5,0,0,0,0,0,0,6,0,0.0,0.0,0.0,0.0,0.0
ENG-Premier League,2526,Nottingham,Ola Aina,NGA,DF,28,1996,18,18,1588,17.6,0,0,0,0,0,0,3,0,0.0,0.0,0.0,0.0,0.0
ENG-Premier League,2526,Nottingham,Oleksandr Zinchenko,UKR,DF,28,1996,5,4,353,3.9,0,0,0,0,0,0,0,0,0.0,0.0,0.0,0.0,0.0
ENG-Premier League,2526,Nottingham,Omari Hutchinson,ENG,MF,21,2003,31,17,1688,18.8,1,5,6,1,0,0,1,0,0.05,0.27,0.32,0.05,0.32
ENG-Premier League,2526,Nottingham,Ryan Yates,ENG,MF,27,1997,22,2,617,6.9,0,2,2,0,0,0,3,0,0.0,0.29,0.29,0.0,0.29
ENG-Premier League,2526,Nottingham,Stefan Ortega,GER,GK,32,1992,3,3,270,3.0,0,0,0,0,0,0,0,0,0.0,0.0,0.0,0.0,0.0
ENG-Premier League,2526,Nottingham,Taiwo Awoniyi,NGA,FW,27,1997,17,3,494,5.5,4,1,5,4,0,0,2,0,0.73,0.18,0.91,0.73,0.91
ENG-Premier League,2526,Nottingham,Zach Abbott,ENG,DF,19,2006,3,2,164,1.8,0,0,0,0,0,0,0,0,0.0,0.0,0.0,0.0,0.0
ENG-Premier League,2526,Sunderland,Arthur Masuaku,COD,DF,31,1993,3,2,126,1.4,0,0,0,0,0,0,1,0,0.0,0.0,0.0,0.0,0.0
ENG-Premier League,2526,Sunderland,Bertrand Traoré,BFA,"MF,FW",29,1995,12,9,632,7.0,1,0,1,1,0,0,1,0,0.14,0.0,0.14,0.14,0.14
ENG-Premier League,2526,Sunderland,Brian Brobbey,NED,FW,23,2002,31,22,1927,21.4,7,1,8,7,0,0,6,0,0.33,0.05,0.37,0.33,0.37
ENG-Premier League,2526,Sunderland,Chemsdine Talbi,MAR,"MF,FW",20,2005,28,16,1561,17.3,4,1,5,4,0,0,0,0,0.23,0.06,0.29,0.23,0.29
ENG-Premier League,2526,Sunderland,Chris Rigg,ENG,MF,18,2007,18,11,761,8.5,1,1,2,1,0,0,1,0,0.12,0.12,0.24,0.12,0.24
ENG-Premier League,2526,Sunderland,Dan Neil,ENG,MF,23,2001,3,0,14,0.2,0,0,0,0,0,0,0,0,0.0,0.0,0.0,0.0,0.0
ENG-Premier League,2526,Sunderland,Daniel Ballard,NIR,DF,25,1999,29,24,2149,23.9,2,0,2,2,0,0,4,1,0.08,0.0,0.08,0.08,0.08
ENG-Premier League,2526,Sunderland,Dennis Cirkin,LVA,DF,23,2002,8,3,323,3.6,0,0,0,0,0,0,2,0,0.0,0.0,0.0,0.0,0.0
ENG-Premier League,2526,Sunderland,Eliezer Mayenda,ESP,"FW,MF",20,2005,20,8,759,8.4,2,0,2,2,0,0,0,0,0.24,0.0,0.24,0.24,0.24
ENG-Premier League,2526,Sunderland,Enzo Le Fée,FRA,"MF,FW",25,2000,36,33,2930,32.6,5,6,11,2,3,4,5,0,0.15,0.18,0.34,0.06,0.25
ENG-Premier League,2526,Sunderland,Granit Xhaka,SUI,MF,32,1992,34,32,2904,32.3,1,6,7,1,0,0,8,0,0.03,0.19,0.22,0.03,0.22
ENG-Premier League,2526,Sunderland,Habib Diarra,SEN,MF,21,2004,20,15,1405,15.6,2,2,4,1,1,1,6,0,0.13,0.13,0.26,0.06,0.19
ENG-Premier League,2526,Sunderland,Jenson Seelt,NED,DF,22,2003,2,1,134,1.5,0,0,0,0,0,0,0,0,0.0,0.0,0.0,0.0,0.0
ENG-Premier League,2526,Sunderland,Jocelin Ta Bi,CIV,MF,20,2005,1,1,38,0.4,0,0,0,0,0,0,0,0,0.0,0.0,0.0,0.0,0.0
ENG-Premier League,2526,Sunderland,Luke O'Nien,ENG,DF,30,1994,12,5,569,6.3,0,1,1,0,0,0,1,1,0.0,0.16,0.16,0.0,0.16
ENG-Premier League,2526,Sunderland,Lutsharel Geertruida,NED,"DF,MF",25,2000,28,17,1693,18.8,0,0,0,0,0,0,2,0,0.0,0.0,0.0,0.0,0.0
ENG-Premier League,2526,Sunderland,Marc Guiu,ESP,FW,19,2006,2,0,15,0.2,0,0,0,0,0,0,0,0,0.0,0.0,0.0,0.0,0.0
ENG-Premier League,2526,Sunderland,Melker Ellborg,SWE,GK,22,2003,3,3,270,3.0,0,0,0,0,0,0,0,0,0.0,0.0,0.0,0.0,0.0
ENG-Premier League,2526,Sunderland,Nilson Angulo,ECU,MF,22,2003,8,5,404,4.5,0,0,0,0,0,0,1,0,0.0,0.0,0.0,0.0,0.0
ENG-Premier League,2526,Sunderland,Noah Sadiki,COD,MF,20,2004,33,33,2889,32.1,0,1,1,0,0,0,9,0,0.0,0.03,0.03,0.0,0.03
ENG-Premier League,2526,Sunderland,Nordi Mukiele,FRA,DF,27,1997,32,32,2784,30.9,3,3,6,3,0,0,5,0,0.1,0.1,0.19,0.1,0.19
ENG-Premier League,2526,Sunderland,Omar Alderete,PAR,DF,28,1996,33,32,2798,31.1,1,1,2,1,0,0,6,0,0.03,0.03,0.06,0.03,0.06
ENG-Premier League,2526,Sunderland,Patrick Roberts,ENG,"FW,MF",28,1997,1,0,28,0.3,0,0,0,0,0,0,0,0,0.0,0.0,0.0,0.0,0.0
ENG-Premier League,2526,Sunderland,Reinildo Mandava,MOZ,DF,31,1994,25,23,1966,21.8,0,1,1,0,0,0,7,1,0.0,0.05,0.05,0.0,0.05
ENG-Premier League,2526,Sunderland,Robin Roefs,NED,GK,22,2003,35,35,3150,35.0,0,0,0,0,0,0,4,0,0.0,0.0,0.0,0.0,0.0
ENG-Premier League,2526,Sunderland,Romaine Mundle,ENG,MF,22,2003,14,2,411,4.6,0,0,0,0,0,0,1,0,0.0,0.0,0.0,0.0,0.0
ENG-Premier League,2526,Sunderland,Simon Adingra,CIV,"MF,FW",23,2002,14,9,653,7.3,1,0,1,1,0,0,2,0,0.14,0.0,0.14,0.14,0.14
ENG-Premier League,2526,Sunderland,Trai Hume,NIR,"DF,MF",23,2002,38,34,3036,33.7,2,1,3,2,0,0,9,0,0.06,0.03,0.09,0.06,0.09
ENG-Premier League,2526,Sunderland,Wilson Isidor,HAI,FW,24,2000,32,11,1165,12.9,6,0,6,6,0,0,1,0,0.46,0.0,0.46,0.46,0.46
ENG-Premier League,2526,Tottenham,Antonín Kinský,CZE,GK,22,2003,7,7,630,7.0,0,0,0,0,0,0,1,0,0.0,0.0,0.0,0.0,0.0
ENG-Premier League,2526,Tottenham,Archie Gray,ENG,"MF,DF",19,2006,24,18,1478,16.4,2,2,4,2,0,0,5,0,0.12,0.12,0.24,0.12,0.24
ENG-Premier League,2526,Tottenham,Ben Davies,WAL,DF,32,1993,3,2,137,1.5,1,0,1,1,0,0,1,0,0.66,0.0,0.66,0.66,0.66
ENG-Premier League,2526,Tottenham,Brennan Johnson,WAL,"MF,FW",24,2001,16,6,610,6.8,2,0,2,2,0,0,2,0,0.3,0.0,0.3,0.3,0.3
ENG-Premier League,2526,Tottenham,Callum Olusesi,ENG,MF,18,2007,1,0,15,0.2,0,0,0,0,0,0,0,0,0.0,0.0,0.0,0.0,0.0
ENG-Premier League,2526,Tottenham,Conor Gallagher,ENG,MF,25,2000,16,14,1184,13.2,1,1,2,1,0,0,2,0,0.08,0.08,0.15,0.08,0.15
ENG-Premier League,2526,Tottenham,Cristian Romero,ARG,DF,27,1998,23,22,1868,20.8,4,1,5,4,0,0,11,2,0.19,0.05,0.24,0.19,0.24
ENG-Premier League,2526,Tottenham,Dane Scarlett,ENG,FW,21,2004,2,0,9,0.1,0,0,0,0,0,0,0,0,0.0,0.0,0.0,0.0,0.0
ENG-Premier League,2526,Tottenham,Destiny Udogie,ITA,"DF,MF",22,2002,20,14,1338,14.9,0,1,1,0,0,0,4,0,0.0,0.07,0.07,0.0,0.07
ENG-Premier League,2526,Tottenham,Djed Spence,ENG,"DF,MF",24,2000,30,23,2056,22.8,0,0,0,0,0,0,4,0,0.0,0.0,0.0,0.0,0.0
ENG-Premier League,2526,Tottenham,Dominic Solanke,ENG,FW,27,1997,15,11,1001,11.1,3,0,3,3,0,0,1,0,0.27,0.0,0.27,0.27,0.27
ENG-Premier League,2526,Tottenham,Guglielmo Vicario,ITA,GK,28,1996,31,31,2790,31.0,0,0,0,0,0,0,1,0,0.0,0.0,0.0,0.0,0.0
ENG-Premier League,2526,Tottenham,James Maddison,ENG,"FW,MF",28,1996,3,0,37,0.4,0,0,0,0,0,0,0,0,0.0,0.0,0.0,0.0,0.0
ENG-Premier League,2526,Tottenham,James Rowswell,ENG,DF,19,2006,1,0,1,0.0,0,0,0,0,0,0,0,0,0.0,0.0,0.0,0.0,0.0
ENG-Premier League,2526,Tottenham,João Palhinha,POR,MF,30,1995,33,23,2198,24.4,5,2,7,5,0,0,8,0,0.2,0.08,0.29,0.2,0.29
ENG-Premier League,2526,Tottenham,Jun'ai Byfield,ENG,DF,16,2008,1,0,1,0.0,0,0,0,0,0,0,0,0,0.0,0.0,0.0,0.0,0.0
ENG-Premier League,2526,Tottenham,Kevin Danso,AUT,DF,26,1998,24,17,1494,16.6,0,0,0,0,0,0,8,0,0.0,0.0,0.0,0.0,0.0
ENG-Premier League,2526,Tottenham,Lucas Bergvall,SWE,MF,19,2006,23,11,965,10.7,1,3,4,1,0,0,2,0,0.09,0.28,0.37,0.09,0.37
ENG-Premier League,2526,Tottenham,Mathys Tel,FRA,"MF,FW",20,2005,31,13,1349,15.0,4,1,5,4,0,0,1,0,0.27,0.07,0.33,0.27,0.33
ENG-Premier League,2526,Tottenham,Micky van de Ven,NED,DF,24,2001,35,35,3041,33.8,4,1,5,4,0,0,9,1,0.12,0.03,0.15,0.12,0.15
ENG-Premier League,2526,Tottenham,Mohammed Kudus,GHA,"MF,FW",24,2000,19,19,1535,17.1,2,5,7,2,0,0,3,0,0.12,0.29,0.41,0.12,0.41
ENG-Premier League,2526,Tottenham,Pape Matar Sarr,SEN,MF,22,2002,26,13,1398,15.5,2,4,6,2,0,0,3,0,0.13,0.26,0.39,0.13,0.39
ENG-Premier League,2526,Tottenham,Pedro Porro,ESP,DF,25,1999,34,32,2796,31.1,1,2,3,1,0,0,10,0,0.03,0.06,0.1,0.03,0.1
ENG-Premier League,2526,Tottenham,Radu Drăgușin,ROU,DF,23,2002,10,5,517,5.7,0,0,0,0,0,0,0,0,0.0,0.0,0.0,0.0,0.0
ENG-Premier League,2526,Tottenham,Randal Kolo Muani,FRA,"FW,MF",26,1998,30,21,1664,18.5,1,1,2,1,0,0,3,0,0.05,0.05,0.11,0.05,0.11
ENG-Premier League,2526,Tottenham,Richarlison,BRA,"FW,MF",28,1997,32,20,1964,21.8,11,4,15,11,0,0,5,0,0.5,0.18,0.69,0.5,0.69
ENG-Premier League,2526,Tottenham,Rodrigo Bentancur,URU,MF,28,1997,26,23,1883,20.9,1,1,2,1,0,0,7,0,0.05,0.05,0.1,0.05,0.1
ENG-Premier League,2526,Tottenham,Souza,BRA,MF,19,2006,4,2,144,1.6,0,0,0,0,0,0,1,0,0.0,0.0,0.0,0.0,0.0
ENG-Premier League,2526,Tottenham,Wilson Odobert,FRA,"MF,FW",20,2004,24,10,985,10.9,0,2,2,0,0,0,0,0,0.0,0.18,0.18,0.0,0.18
ENG-Premier League,2526,Tottenham,Xavi Simons,NED,"MF,FW",22,2003,28,19,1755,19.5,2,5,7,2,0,0,5,1,0.1,0.26,0.36,0.1,0.36
ENG-Premier League,2526,Tottenham,Yves Bissouma,MLI,MF,28,1996,11,7,603,6.7,0,0,0,0,0,0,4,0,0.0,0.0,0.0,0.0,0.0
ENG-Premier League,2526,West Ham,Aaron Wan-Bissaka,COD,"DF,MF",27,1997,25,23,2081,23.1,0,2,2,0,0,0,4,0,0.0,0.09,0.09,0.0,0.09
ENG-Premier League,2526,West Ham,Adama Traoré,ESP,"FW,MF",29,1996,9,0,121,1.3,0,0,0,0,0,0,1,0,0.0,0.0,0.0,0.0,0.0
ENG-Premier League,2526,West Ham,Alphonse Areola,FRA,GK,32,1993,20,20,1800,20.0,0,1,1,0,0,0,0,0,0.0,0.05,0.05,0.0,0.05
ENG-Premier League,2526,West Ham,Andy Irving,SCO,MF,25,2000,7,2,158,1.8,0,0,0,0,0,0,0,0,0.0,0.0,0.0,0.0,0.0
ENG-Premier League,2526,West Ham,Axel Disasi,FRA,DF,27,1998,14,14,1254,13.9,0,0,0,0,0,0,1,0,0.0,0.0,0.0,0.0,0.0
ENG-Premier League,2526,West Ham,Callum Marshall,NIR,FW,20,2004,2,0,60,0.7,0,0,0,0,0,0,0,0,0.0,0.0,0.0,0.0,0.0
ENG-Premier League,2526,West Ham,Callum Wilson,ENG,FW,33,1992,32,11,1251,13.9,7,1,8,7,0,0,1,0,0.5,0.07,0.58,0.5,0.58
ENG-Premier League,2526,West Ham,Crysencio Summerville,NED,"MF,FW",23,2001,31,29,2470,27.4,5,2,7,5,0,0,6,0,0.18,0.07,0.26,0.18,0.26
ENG-Premier League,2526,West Ham,El Hadji Malick Diouf,SEN,"DF,MF",20,2004,32,30,2707,30.1,0,5,5,0,0,0,6,0,0.0,0.17,0.17,0.0,0.17
ENG-Premier League,2526,West Ham,Ezra Mayers,BRB,DF,18,2007,6,0,117,1.3,0,0,0,0,0,0,0,0,0.0,0.0,0.0,0.0,0.0
ENG-Premier League,2526,West Ham,Freddie Potts,ENG,MF,21,2003,22,12,1171,13.0,0,1,1,0,0,0,1,0,0.0,0.08,0.08,0.0,0.08
ENG-Premier League,2526,West Ham,George Earthy,ENG,MF,20,2004,1,0,9,0.1,0,0,0,0,0,0,0,0,0.0,0.0,0.0,0.0,0.0
ENG-Premier League,2526,West Ham,Guido Rodríguez,ARG,MF,31,1994,6,2,180,2.0,0,0,0,0,0,0,1,0,0.0,0.0,0.0,0.0,0.0
ENG-Premier League,2526,West Ham,Igor,BRA,DF,27,1998,4,1,105,1.2,0,0,0,0,0,0,0,0,0.0,0.0,0.0,0.0,0.0
ENG-Premier League,2526,West Ham,James Ward-Prowse,ENG,MF,30,1994,5,5,413,4.6,0,0,0,0,0,0,0,0,0.0,0.0,0.0,0.0,0.0
ENG-Premier League,2526,West Ham,Jarrod Bowen,ENG,"MF,FW",28,1996,38,38,3403,37.8,9,11,20,8,1,1,4,0,0.24,0.29,0.53,0.21,0.5
ENG-Premier League,2526,West Ham,Jean-Clair Todibo,FRA,DF,25,1999,23,22,1814,20.2,0,1,1,0,0,0,5,1,0.0,0.05,0.05,0.0,0.05
ENG-Premier League,2526,West Ham,Konstantinos Mavropanos,GRE,DF,27,1997,31,27,2534,28.2,3,0,3,3,0,0,2,0,0.11,0.0,0.11,0.11,0.11
ENG-Premier League,2526,West Ham,Kyle Walker-Peters,ENG,DF,28,1997,23,15,1383,15.4,1,0,1,1,0,0,2,0,0.07,0.0,0.07,0.07,0.07
ENG-Premier League,2526,West Ham,Lucas Paquetá,BRA,"MF,FW",27,1997,18,18,1511,16.8,4,1,5,2,2,2,7,1,0.24,0.06,0.3,0.12,0.18
ENG-Premier League,2526,West Ham,Luis Guilherme,BRA,FW,19,2006,5,1,125,1.4,0,0,0,0,0,0,0,0,0.0,0.0,0.0,0.0,0.0
ENG-Premier League,2526,West Ham,Mads Hermansen,DEN,GK,25,2000,18,18,1620,18.0,0,1,1,0,0,0,0,0,0.0,0.06,0.06,0.0,0.06
ENG-Premier League,2526,West Ham,Mateus Fernandes,POR,MF,21,2004,36,35,3016,33.5,3,4,7,3,0,0,7,0,0.09,0.12,0.21,0.09,0.21
ENG-Premier League,2526,West Ham,Max Kilman,ENG,DF,28,1997,21,17,1561,17.3,0,0,0,0,0,0,4,0,0.0,0.0,0.0,0.0,0.0
ENG-Premier League,2526,West Ham,Mohamadou Kanté,FRA,MF,19,2005,11,0,75,0.8,0,0,0,0,0,0,2,0,0.0,0.0,0.0,0.0,0.0
ENG-Premier League,2526,West Ham,Nayef Aguerd,MAR,DF,29,1996,2,2,180,2.0,0,0,0,0,0,0,0,0,0.0,0.0,0.0,0.0,0.0
ENG-Premier League,2526,West Ham,Niclas Füllkrug,GER,FW,32,1993,8,5,409,4.5,0,0,0,0,0,0,0,0,0.0,0.0,0.0,0.0,0.0
ENG-Premier League,2526,West Ham,Oliver Scarles,ENG,"DF,MF",19,2005,13,9,659,7.3,0,0,0,0,0,0,2,0,0.0,0.0,0.0,0.0,0.0
ENG-Premier League,2526,West Ham,Pablo,BRA,"MF,FW",21,2004,14,10,823,9.1,0,1,1,0,0,0,0,0,0.0,0.11,0.11,0.0,0.11
ENG-Premier League,2526,West Ham,Soungoutou Magassa,FRA,MF,21,2003,22,11,981,10.9,1,0,1,1,0,0,4,0,0.09,0.0,0.09,0.09,0.09
ENG-Premier League,2526,West Ham,Tomáš Souček,CZE,MF,30,1995,35,24,2200,24.4,5,0,5,5,0,0,3,1,0.2,0.0,0.2,0.2,0.2
ENG-Premier League,2526,West Ham,Valentín Castellanos,ARG,FW,26,1998,18,17,1384,15.4,6,0,6,6,0,0,6,0,0.39,0.0,0.39,0.39,0.39
ENG-Premier League,2526,Wolves,Adam Armstrong,ENG,"FW,MF",28,1997,14,14,1140,12.7,2,2,4,1,1,1,3,0,0.16,0.16,0.32,0.08,0.24
ENG-Premier League,2526,Wolves,André,BRA,MF,24,2001,35,30,2762,30.7,1,0,1,1,0,0,12,0,0.03,0.0,0.03,0.03,0.03
ENG-Premier League,2526,Wolves,Angel Gomes,ENG,"MF,FW",24,2000,12,7,461,5.1,0,0,0,0,0,0,1,0,0.0,0.0,0.0,0.0,0.0
ENG-Premier League,2526,Wolves,Daniel Bentley,ENG,GK,32,1993,3,3,270,3.0,0,0,0,0,0,0,0,0,0.0,0.0,0.0,0.0,0.0
ENG-Premier League,2526,Wolves,David Møller Wolfe,NOR,"MF,DF",23,2002,22,11,1049,11.7,0,2,2,0,0,0,1,0,0.0,0.17,0.17,0.0,0.17
ENG-Premier League,2526,Wolves,Emmanuel Agbadou,CIV,DF,28,1997,14,12,1101,12.2,0,0,0,0,0,0,1,1,0.0,0.0,0.0,0.0,0.0
ENG-Premier League,2526,Wolves,Fer López,ESP,MF,21,2004,9,2,235,2.6,0,1,1,0,0,0,1,0,0.0,0.38,0.38,0.0,0.38
ENG-Premier League,2526,Wolves,Hugo Bueno,ESP,"MF,DF",22,2002,35,26,2366,26.3,1,2,3,1,0,0,3,0,0.04,0.08,0.11,0.04,0.11
ENG-Premier League,2526,Wolves,Hwang Hee-chan,KOR,"FW,MF",29,1996,26,18,1446,16.1,2,2,4,1,1,1,5,0,0.12,0.12,0.25,0.06,0.19
ENG-Premier League,2526,Wolves,Jackson Tchatchoua,CMR,"MF,DF",23,2001,31,19,1845,20.5,0,1,1,0,0,0,3,0,0.0,0.05,0.05,0.0,0.05
ENG-Premier League,2526,Wolves,Jean-Ricner Bellegarde,HAI,"MF,FW",27,1998,26,15,1248,13.9,1,1,2,1,0,0,5,0,0.07,0.07,0.14,0.07,0.14
ENG-Premier League,2526,Wolves,Jerome Abbey,ENG,MF,15,2009,1,0,17,0.2,0,0,0,0,0,0,0,0,0.0,0.0,0.0,0.0,0.0
ENG-Premier League,2526,Wolves,Jhon Arias,COL,"FW,MF",27,1997,23,14,1124,12.5,1,0,1,1,0,0,1,0,0.08,0.0,0.08,0.08,0.08
ENG-Premier League,2526,Wolves,José Sá,POR,GK,32,1993,23,23,2070,23.0,0,0,0,0,0,0,2,0,0.0,0.0,0.0,0.0,0.0
ENG-Premier League,2526,Wolves,João Gomes,BRA,MF,24,2001,35,32,2829,31.4,1,1,2,1,0,0,10,0,0.03,0.03,0.06,0.03,0.06
ENG-Premier League,2526,Wolves,Jørgen Strand Larsen,NOR,FW,25,2000,22,14,1404,15.6,1,1,2,0,1,2,2,0,0.06,0.06,0.13,0.0,0.06
ENG-Premier League,2526,Wolves,Ki-Jana Hoever,NED,"MF,DF",23,2002,8,6,425,4.7,0,0,0,0,0,0,0,0,0.0,0.0,0.0,0.0,0.0
ENG-Premier League,2526,Wolves,Ladislav Krejčí,CZE,"DF,MF",26,1999,28,27,2356,26.2,2,1,3,2,0,0,5,1,0.08,0.04,0.11,0.08,0.11
ENG-Premier League,2526,Wolves,Marshall Munetsi,ZIM,"MF,FW",29,1996,13,9,875,9.7,1,1,2,1,0,0,2,0,0.1,0.1,0.21,0.1,0.21
ENG-Premier League,2526,Wolves,Mateus Mane,POR,MF,17,2007,27,19,1795,19.9,3,1,4,3,0,0,0,0,0.15,0.05,0.2,0.15,0.2
ENG-Premier League,2526,Wolves,Matt Doherty,IRL,"DF,MF",33,1992,11,11,787,8.7,0,0,0,0,0,0,4,0,0.0,0.0,0.0,0.0,0.0
ENG-Premier League,2526,Wolves,Pedro Lima,BRA,MF,19,2006,9,3,260,2.9,0,0,0,0,0,0,0,0,0.0,0.0,0.0,0.0,0.0
ENG-Premier League,2526,Wolves,Rodrigo Gomes,POR,"MF,FW",22,2003,22,9,960,10.7,3,0,3,3,0,0,0,0,0.28,0.0,0.28,0.28,0.28
ENG-Premier League,2526,Wolves,Sam Johnstone,ENG,GK,32,1993,12,12,1080,12.0,0,0,0,0,0,0,0,0,0.0,0.0,0.0,0.0,0.0
ENG-Premier League,2526,Wolves,Santiago Bueno,URU,DF,26,1998,29,28,2553,28.4,3,1,4,3,0,0,4,0,0.11,0.04,0.14,0.11,0.14
ENG-Premier League,2526,Wolves,Saša Kalajdžić,AUT,"FW,MF",28,1997,1,0,15,0.2,0,0,0,0,0,0,0,0,0.0,0.0,0.0,0.0,0.0
ENG-Premier League,2526,Wolves,Tawanda Chirewa,ZIM,MF,21,2003,2,0,27,0.3,0,0,0,0,0,0,0,0,0.0,0.0,0.0,0.0,0.0
ENG-Premier League,2526,Wolves,Tolu Arokodare,NGA,FW,24,2000,33,13,1419,15.8,3,1,4,3,0,1,1,0,0.19,0.06,0.25,0.19,0.25
ENG-Premier League,2526,Wolves,Tom Edozie,ENG,MF,19,2006,3,0,14,0.2,1,0,1,1,0,0,0,0,6.43,0.0,6.43,6.43,6.43
ENG-Premier League,2526,Wolves,Toti Gomes,POR,DF,26,1999,19,17,1424,15.8,0,0,0,0,0,0,2,1,0.0,0.0,0.0,0.0,0.0
ENG-Premier League,2526,Wolves,Yerson Mosquera,COL,DF,24,2001,27,24,2136,23.7,0,0,0,0,0,0,12,0,0.0,0.0,0.0,0.0,0.0
